기준일,행정구명,ARS-ID,정류소명,노선수
20221231,종로구,01001,종로2가사거리,10
20221231,종로구,01002,창경궁.서울대학교병원,20
20221231,종로구,01003,명륜3가.성대입구,20
20221231,종로구,01004,종로2가.삼일교,7
20221231,종로구,01005,혜화동로터리.여운형활동터,16
20221231,종로구,01006,서대문역사거리,10
20221231,종로구,01007,서울역사박물관.경희궁앞,25
20221231,종로구,01008,서울역사박물관.경희궁앞,12
20221231,종로구,01009,광화문,18
20221231,종로구,01010,광화문,17
20221231,종로구,01011,종로1가,18
20221231,종로구,01012,종로1가,18
20221231,종로구,01013,종로2가,27
20221231,종로구,01014,종로2가,27
20221231,종로구,01015,종로3가.탑골공원,21
20221231,종로구,01016,종로3가.탑골공원,22
20221231,종로구,01017,종로4가.종묘,21
20221231,종로구,01018,종로4가.종묘,19
20221231,종로구,01019,종로5가.광장시장,23
20221231,종로구,01020,종로5가.광장시장,15
20221231,종로구,01021,종로6가.동대문종합시장,15
20221231,종로구,01022,종로6가.동대문종합시장,16
20221231,종로구,01023,동대문역.흥인지문,27
20221231,종로구,01037,동대문(흥인지문),25
20221231,종로구,01041,동묘앞,21
20221231,종로구,01044,동묘앞,27
20221231,종로구,01101,경기상고,4
20221231,종로구,01102,신교동,7
20221231,종로구,01103,경기상고,4
20221231,종로구,01104,경복고교,3
20221231,종로구,01105,청운중학교,3
20221231,종로구,01106,자하문고개.윤동주문학관,3
20221231,종로구,01107,자하문고개.윤동주문학관,3
20221231,종로구,01108,청운중학교,3
20221231,종로구,01109,경복고교,3
20221231,종로구,01110,통인시장종로구보건소,7
20221231,종로구,01111,통인시장종로구보건소,6
20221231,종로구,01112,효자동,6
20221231,종로구,01113,사직단.어린이도서관,6
20221231,종로구,01114,사직동주민센터,7
20221231,종로구,01115,경복궁역,8
20221231,종로구,01116,경복궁역,6
20221231,종로구,01117,경복궁,9
20221231,종로구,01118,KT광화문지사,12
20221231,종로구,01119,국립고궁박물관,2
20221231,종로구,01120,광화문,14
20221231,종로구,01123,서울역사박물관.경교장.강북삼성병원,7
20221231,종로구,01124,광화문.금호아시아나본관앞,2
20221231,종로구,01125,광화문,2
20221231,종로구,01126,세종문화회관,12
20221231,종로구,01127,서울경찰청.경복궁역,9
20221231,종로구,01128,사직단,8
20221231,종로구,01129,광화문.광화문빌딩,16
20221231,종로구,01130,덕성여중고,9
20221231,종로구,01131,안국역.서울공예박물관,5
20221231,종로구,01132,국민은행세검정지점,4
20221231,종로구,01133,세검정초등학교,7
20221231,종로구,01134,세검정.상명대,3
20221231,종로구,01135,상명대입구.석파랑,3
20221231,종로구,01136,하림각,8
20221231,종로구,01137,자하문터널입구.석파정,7
20221231,종로구,01138,부암동주민센터.무계원,3
20221231,종로구,01139,부암동주민센터.무계원,3
20221231,종로구,01140,자하문터널입구.석파정,7
20221231,종로구,01141,하림각,7
20221231,종로구,01142,상명대입구.세검정교회,4
20221231,종로구,01143,세검정.상명대,4
20221231,종로구,01144,세검정초등학교,7
20221231,종로구,01146,국민은행세검정지점,4
20221231,종로구,01148,승가사입구,2
20221231,종로구,01149,구기동현대빌라,2
20221231,종로구,01150,구기터널.삼성출판박물관,3
20221231,종로구,01151,구기터널.삼성출판박물관,2
20221231,종로구,01152,구기동,5
20221231,종로구,01153,구기동,5
20221231,종로구,01154,승가사입구,2
20221231,종로구,01155,갑을씨티텔앞,5
20221231,종로구,01156,평창파출소,5
20221231,종로구,01157,평창동주민센터,6
20221231,종로구,01158,일성아파트,6
20221231,종로구,01159,롯데아파트,6
20221231,종로구,01160,롯데아파트,5
20221231,종로구,01161,벽산평창힐스아파트,5
20221231,종로구,01162,예능교회,5
20221231,종로구,01163,서울예술고등학교.평창동주민센터,5
20221231,종로구,01164,화정박물관,6
20221231,종로구,01165,강북삼성병원,1
20221231,종로구,01167,독립문역.서대문형무소역사관,2
20221231,종로구,01168,서대문.서울시교육청,6
20221231,종로구,01169,서대문역사거리.적십자병원,6
20221231,종로구,01171,독립문,1
20221231,종로구,01172,창덕궁.서울돈화문국악당,9
20221231,종로구,01173,서린동.SK서린빌딩,1
20221231,종로구,01174,청계1가.광교,1
20221231,종로구,01175,청계2가.수표교,1
20221231,종로구,01176,청계4가.세운교,1
20221231,종로구,01177,청계5가.광장시장,1
20221231,종로구,01198,원남동,12
20221231,종로구,01199,창덕궁.우리소리박물관,10
20221231,종로구,01200,안국역.인사동,10
20221231,종로구,01201,조계사.종로경찰서,7
20221231,종로구,01202,조계사.종로경찰서,6
20221231,종로구,01203,안국동,3
20221231,종로구,01204,종로5가.효제동.김상옥의거터,11
20221231,종로구,01205,종로5가.효제초등학교,10
20221231,종로구,01209,창덕궁.돈화문국악당,4
20221231,종로구,01212,종로5가,3
20221231,종로구,01213,청계6가.동대문시장,1
20221231,종로구,01214,동대문,5
20221231,종로구,01215,충신동,7
20221231,종로구,01217,충신동,4
20221231,종로구,01218,현대그룹빌딩,8
20221231,종로구,01219,방송통신대.이화장,18
20221231,종로구,01220,혜화역.마로니에공원,21
20221231,종로구,01221,혜화역.서울대병원입구,7
20221231,종로구,01222,방송통신대.이화장,5
20221231,종로구,01223,이화동(이화장),6
20221231,종로구,01224,창경궁.서울대학교병원,5
20221231,종로구,01225,이화동(이화장),6
20221231,종로구,01226,혜화동로터리,1
20221231,종로구,01227,명륜동2가.성균관대입구,5
20221231,종로구,01228,혜화역.서울연극센터(장면총리가옥),5
20221231,종로구,01229,혜화역.동성중고(장면총리가옥),16
20221231,종로구,01231,종로구민회관.창신동두산아파트,2
20221231,종로구,01235,동묘역앞,2
20221231,종로구,01236,동묘역앞,1
20221231,종로구,01237,청계2가교차로,3
20221231,종로구,01238,창신3동주민센터,2
20221231,종로구,01239,숭인1동주민센터.창신역4번출구,3
20221231,종로구,01240,동묘역.롯데캐슬천지인,3
20221231,종로구,01243,신설동로터리,8
20221231,종로구,01245,동묘앞,1
20221231,종로구,01246,구기동현대빌라,2
20221231,종로구,01247,광장시장,3
20221231,종로구,01249,혜화경찰서,2
20221231,종로구,01250,서울역사박물관.김구집무실(경교장),7
20221231,종로구,01251,청계3가.관수교,1
20221231,종로구,01252,청계6가.버들다리,1
20221231,종로구,01253,청계7가.맑은내다리,1
20221231,종로구,01254,청계8가.영도교,1
20221231,종로구,01256,원남동사거리,5
20221231,종로구,01262,숭인동,6
20221231,종로구,01267,조계사,8
20221231,종로구,01272,세종문화회관,9
20221231,종로구,01277,이화동(이화장),4
20221231,종로구,01278,상명대정문,3
20221231,종로구,01279,이북오도청,2
20221231,종로구,01280,경복궁역(효자로입구),1
20221231,종로구,01286,상명대입구.세검정교회,3
20221231,종로구,01287,상명대입구.석파랑,4
20221231,종로구,01288,종로중부새마을금고,8
20221231,종로구,01289,신설동로터리.신한은행앞.서울풍물시장,2
20221231,종로구,01291,청계2가.삼일교,1
20221231,종로구,01292,청계8가.황학교,1
20221231,종로구,01293,평창동삼성아파트,5
20221231,종로구,01294,안국역.인사동,2
20221231,종로구,01295,안국역.서울공예박물관,4
20221231,종로구,01296,창덕궁,1
20221231,종로구,01297,남인사마당,1
20221231,종로구,01500,평창파출소,2
20221231,종로구,01501,삼청공원,1
20221231,종로구,01502,수성동계곡,1
20221231,종로구,01503,명륜3가종점,1
20221231,종로구,01505,서대문3번출구,1
20221231,종로구,01506,낙산공원,1
20221231,종로구,01507,인사미술공간.세탁소,1
20221231,종로구,01508,화정박물관,1
20221231,종로구,01509,금융연수원,1
20221231,종로구,01510,박노수미술관,1
20221231,종로구,01511,샘미용실,1
20221231,종로구,01512,서울국제고등학교,1
20221231,종로구,01513,화정박물관,1
20221231,종로구,01514,적십자병원후문앞,1
20221231,종로구,01515,서울성곽.성대후문,1
20221231,종로구,01516,빨래터.고희동미술관,1
20221231,종로구,01517,세검초등학교,1
20221231,종로구,01518,삼청동주민센터,1
20221231,종로구,01519,통인시장,1
20221231,종로구,01520,양현관,1
20221231,종로구,01521,국민생활관,1
20221231,종로구,01522,오거리,1
20221231,종로구,01523,경희궁자이2.3단지,1
20221231,종로구,01524,창신쌍용2단지.한성대후문,1
20221231,종로구,01525,통일부,1
20221231,종로구,01526,원서고개,1
20221231,종로구,01528,종로5가입구.혜화경찰서,1
20221231,종로구,01529,삼청파출소,1
20221231,종로구,01530,오거리.한옥마을입구,1
20221231,종로구,01531,명륜시장.성대후문,1
20221231,종로구,01532,혜화초등학교,1
20221231,종로구,01533,청련사입구,1
20221231,종로구,01534,영천시장,1
20221231,종로구,01535,명신초.삼선푸르지오.힐스테이트,1
20221231,종로구,01536,감사원,1
20221231,종로구,01537,중앙중고,1
20221231,종로구,01538,인왕빌딩,1
20221231,종로구,01539,종로4가.종묘공원,1
20221231,종로구,01540,국립민속박물관,1
20221231,종로구,01541,광화문새마을금고,1
20221231,종로구,01542,새마을금고,1
20221231,종로구,01543,혜화우체국,1
20221231,종로구,01544,언덕앞,1
20221231,종로구,01545,경희궁자이4단지,1
20221231,종로구,01546,종로센트레빌후문.e편한세상보문아파트,1
20221231,종로구,01547,사우디대사관앞.경남빌라,1
20221231,종로구,01548,안국선원.삼거리,2
20221231,종로구,01549,구기터널입구,1
20221231,종로구,01550,종로3가.1.3.5호선,1
20221231,종로구,01551,경복궁,1
20221231,종로구,01553,소나무집,1
20221231,종로구,01554,독립문역3번출구,1
20221231,종로구,01555,청룡사.보문파크뷰자이아파트,1
20221231,종로구,01556,북촌한옥마을입구.정세권활동터,2
20221231,종로구,01557,종로1.2.3.4가동주민센터,1
20221231,종로구,01558,창덕궁,1
20221231,종로구,01561,아름다운실버,1
20221231,종로구,01562,독립문초등학교,1
20221231,종로구,01563,종로센트레빌아파트,1
20221231,종로구,01564,가회동주민센터,2
20221231,종로구,01565,구기빌라,1
20221231,종로구,01566,원남로터리,1
20221231,종로구,01567,보현산신각,1
20221231,종로구,01568,천사유치원,1
20221231,종로구,01569,쌍용아파트입구.창신역,1
20221231,종로구,01570,아름다운가게.정독도서관,2
20221231,종로구,01571,산정빌라,1
20221231,종로구,01572,이화사거리,1
20221231,종로구,01573,박종화고택입구,1
20221231,종로구,01574,무악현대아파트후문,1
20221231,종로구,01576,헌법재판소.안국역,2
20221231,종로구,01577,청구빌라,1
20221231,종로구,01578,서울대어린이병원응급실.갑상선센터,1
20221231,종로구,01580,화인빌라,1
20221231,종로구,01581,넓은마당,1
20221231,종로구,01582,창신초등학교,1
20221231,종로구,01583,수운회관,2
20221231,종로구,01584,상명대후문,1
20221231,종로구,01586,힐탑,1
20221231,종로구,01587,신학대학교총회본부,1
20221231,종로구,01589,낙원상가,2
20221231,종로구,01590,완성빌라,1
20221231,종로구,01591,서울대병원장례식장,1
20221231,종로구,01592,혜화역1번출구,1
20221231,종로구,01593,감나무골공원,1
20221231,종로구,01594,한국사회과학자료원,1
20221231,종로구,01595,동묘역,1
20221231,종로구,01596,금강제화,2
20221231,종로구,01597,경진빌라,1
20221231,종로구,01598,성균관대학교앞,1
20221231,종로구,01601,청와대,2
20221231,종로구,01602,춘추문,2
20221231,종로구,01603,경복궁.국립민속박물관,2
20221231,종로구,01607,EN갤러리,1
20221231,종로구,01667,종로문화센터,1
20221231,종로구,01682,동대문역.2번출구,1
20221231,종로구,01683,종각역YMCA,3
20221231,종로구,01684,서교빌라,1
20221231,종로구,01685,경복궁역,1
20221231,종로구,01698,무애사,1
20221231,종로구,01699,단군성전앞,1
20221231,종로구,01702,동대문종합시장,2
20221231,종로구,01714,상명초등학교,1
20221231,종로구,01720,법련사,1
20221231,종로구,01721,광화문새마을금고,1
20221231,종로구,01723,참샘골공원,1
20221231,종로구,01724,활터앞,1
20221231,종로구,01725,종로5가.3번출구,2
20221231,종로구,01727,인사동들머리.3.1독립선언터,1
20221231,종로구,01728,정독도서관,1
20221231,종로구,01729,오거리.한옥마을입구,1
20221231,종로구,01732,평창공원지킴터입구,1
20221231,종로구,01733,창경궁.고궁호텔.메이플레이스호텔,1
20221231,종로구,01762,광화문,1
20221231,종로구,01763,종로1가,4
20221231,종로구,01766,종로2가,1
20221231,종로구,01767,종로3가,1
20221231,종로구,01768,종로3가,1
20221231,종로구,01769,종로4가,1
20221231,종로구,01771,동대문종합시장종로6가,1
20221231,종로구,01776,종로도서관,1
20221231,종로구,01777,경복궁역,1
20221231,종로구,01778,경복궁역,1
20221231,종로구,01779,안국역,1
20221231,종로구,01780,안국역,1
20221231,종로구,01781,창덕궁,1
20221231,종로구,01782,성대입구,1
20221231,종로구,01790,종로사우나,1
20221231,종로구,01791,엄마분식,1
20221231,종로구,01792,삼청파출소,1
20221231,종로구,01793,통인시장.종로구보건소,2
20221231,종로구,01794,종로5가역,1
20221231,종로구,01795,평창동산림제3초소,1
20221231,종로구,01796,배화여중고,1
20221231,종로구,01797,대학로입구.이화사거리,1
20221231,종로구,01798,운현궁,1
20221231,종로구,01799,상명대입구,1
20221231,종로구,01800,삼청동주민센터,1
20221231,종로구,01801,박노수미술관,1
20221231,종로구,01802,김창열.윤명로화실,1
20221231,종로구,01803,사직동주민센터,1
20221231,종로구,01804,충신시장,1
20221231,종로구,01805,안국역2번출구앞,2
20221231,종로구,01807,금융연수원,1
20221231,종로구,01809,감람산기도원,1
20221231,종로구,01810,카센터.터널앞,1
20221231,종로구,01812,재동초등학교,2
20221231,종로구,01814,삼청공원삼거리.옥호정터,1
20221231,종로구,01815,이화사거리,1
20221231,종로구,01816,연화정사,1
20221231,종로구,01817,대신중고,1
20221231,종로구,01819,현대사거리,1
20221231,종로구,01820,교남동주민센터,1
20221231,종로구,01821,부암동주민센터.무계원,1
20221231,종로구,01823,형제봉입구,1
20221231,종로구,01824,교남동새마을금고,1
20221231,종로구,01825,창신초교,1
20221231,종로구,01826,가회동주민센터,1
20221231,종로구,01827,볼링장,1
20221231,종로구,01829,부암슈퍼,1
20221231,종로구,01830,지구촌교회,1
20221231,종로구,01831,월암공원,1
20221231,종로구,01832,숭인1동주민센터,1
20221231,종로구,01833,북촌한옥마을입구.정세권활동터,1
20221231,종로구,01835,하림각,1
20221231,종로구,01836,보현빌라,1
20221231,종로구,01837,스위스대사관,1
20221231,종로구,01839,안국선원.삼거리,1
20221231,종로구,01840,세검정교회,1
20221231,종로구,01841,혜화동로터리,1
20221231,종로구,01842,김종영미술관,1
20221231,종로구,01843,서울시교육청,1
20221231,종로구,01844,창신쌍용1단지.종로센트레빌아파트,1
20221231,종로구,01845,사우디대사관,1
20221231,종로구,01846,상명대입구,1
20221231,종로구,01847,혜화초등학교,1
20221231,종로구,01849,강북삼성병원,1
20221231,종로구,01850,청룡사.보문파크뷰자이아파트,1
20221231,종로구,01851,감사원,1
20221231,종로구,01852,국민생활관,1
20221231,종로구,01855,종로센트레빌후문.e편한세상보문아파트,1
20221231,종로구,01856,통일부,1
20221231,종로구,01858,서울국제고등학교,1
20221231,종로구,01860,성대후문.와룡공원,1
20221231,종로구,01861,상명초등학교,1
20221231,종로구,01862,새마을금고,1
20221231,종로구,01863,경진빌라,1
20221231,종로구,01864,명륜시장.성대후문,1
20221231,종로구,01865,완성빌라,1
20221231,종로구,01866,양현관,1
20221231,종로구,01868,상명대후문,1
20221231,종로구,01869,샘미용실,1
20221231,종로구,01870,산정빌라,1
20221231,종로구,01872,구기빌라,1
20221231,종로구,01873,마트앞,1
20221231,종로구,01874,국민은행.세검정지점,1
20221231,종로구,01876,혜화역4번출구,2
20221231,종로구,01877,방송통신대앞,1
20221231,종로구,01878,서울대치과대학,1
20221231,종로구,01879,효제초교.연동교회.김마리아활동터,2
20221231,종로구,01881,성균관대학교,1
20221231,종로구,01882,독립문역,1
20221231,종로구,01883,서울대치과대학,1
20221231,종로구,01887,서울대학교병원현관.암병원현관,1
20221231,종로구,01888,종각.공평유적전시관,2
20221231,종로구,01889,조계사,1
20221231,종로구,01901,동대문역JW메리어트동대문호텔,1
20221231,종로구,01902,대학로,1
20221231,종로구,01903,창경궁,1
20221231,종로구,01904,창덕궁,1
20221231,종로구,01905,인사동.북촌,1
20221231,종로구,01906,경복궁.국립민속박물관,1
20221231,종로구,01907,세종문화회관,1
20221231,종로구,01910,통인시장,1
20221231,종로구,01911,세종문화회관,1
20221231,종로구,01912,종각역,1
20221231,종로구,01913,인사동.탑골공원,1
20221231,종로구,01914,종묘.세운상가,1
20221231,종로구,01915,광장시장,1
20221231,종로구,01916,동묘.숭인동도깨비시장,1
20221231,종로구,01917,서울풍물시장,1
20221231,종로구,01918,청와대,2
20221231,중구,02001,남대문세무서.서울백병원,34
20221231,중구,02002,서울백병원.국가인권위.안중근활동터,24
20221231,중구,02003,서울역버스환승센터,4
20221231,중구,02004,서울역버스환승센터,21
20221231,중구,02005,서울역버스환승센터,29
20221231,중구,02006,서울역버스환승센터,29
20221231,중구,02007,서울역버스환승센터.강우규의거터,14
20221231,중구,02008,숭례문,20
20221231,중구,02100,서울시청,16
20221231,중구,02101,만리동고개,5
20221231,중구,02102,손기정체육공원입구,6
20221231,중구,02103,서울의료보건고등학교.서울역서부,6
20221231,중구,02104,서울역서부,1
20221231,중구,02105,서울역서부,7
20221231,중구,02106,중림동교차로,7
20221231,중구,02107,종근당.충정로역,20
20221231,중구,02108,한국경제신문사.서소문역사공원,5
20221231,중구,02109,한국경제신문사.서소문역사공원,7
20221231,중구,02110,경찰청.동북아역사재단,14
20221231,중구,02111,장충동써미트호텔,1
20221231,중구,02113,서대문경찰서.농협은행.유관순활동터,26
20221231,중구,02116,염천교,6
20221231,중구,02117,숭례문,19
20221231,중구,02118,숭례문.한국일보,6
20221231,중구,02120,후암삼거리,2
20221231,중구,02121,숭례문,23
20221231,중구,02122,숭례문,19
20221231,중구,02123,숭례문,5
20221231,중구,02124,남대문시장악세사리전문상가,3
20221231,중구,02125,숭례문남산방향,2
20221231,중구,02126,남대문시장,5
20221231,중구,02127,북창동.남대문시장,22
20221231,중구,02128,시청앞,15
20221231,중구,02131,삼성본관앞,12
20221231,중구,02132,시청앞,6
20221231,중구,02133,서소문,8
20221231,중구,02134,서소문,8
20221231,중구,02135,시청.서소문청사,6
20221231,중구,02137,서울신문사,9
20221231,중구,02139,우리은행종로지점,25
20221231,중구,02140,롯데백화점,20
20221231,중구,02141,해운센터.롯데영프라자,7
20221231,중구,02142,롯데영프라자,26
20221231,중구,02144,신세계앞,4
20221231,중구,02145,남대문시장.회현역,11
20221231,중구,02146,남대문시장.회현역,11
20221231,중구,02147,남산3호터널,5
20221231,중구,02148,남산3호터널.서울애니메이션센터,6
20221231,중구,02149,명동입구,8
20221231,중구,02150,퇴계로2가.명동역,8
20221231,중구,02151,퇴계로3가.한옥마을.한국의집,11
20221231,중구,02152,퇴계로3가.한옥마을.한국의집,7
20221231,중구,02153,충무로역2번출구.대한극장앞,7
20221231,중구,02154,충무로역8번출구.대한극장앞,9
20221231,중구,02155,초동,2
20221231,중구,02156,을지로입구.로얄호텔,10
20221231,중구,02157,을지로입구.시청입구,7
20221231,중구,02158,을지로2가.기업은행본점.서울노동청,19
20221231,중구,02159,을지로2가.파인에비뉴,8
20221231,중구,02160,을지로3가,6
20221231,중구,02161,을지로3가,7
20221231,중구,02162,을지로4가,6
20221231,중구,02163,을지로4가.베스트웨스턴국도,10
20221231,중구,02164,중구청앞.덕수중학교,5
20221231,중구,02165,을지로5가,5
20221231,중구,02166,을지로5가.중부시장,7
20221231,중구,02167,방산시장.훈련원종합체육관,3
20221231,중구,02168,을지로5가.훈련원종합체육관,2
20221231,중구,02169,을지로6가.국립중앙의료원,7
20221231,중구,02170,광희동,8
20221231,중구,02171,광희동,7
20221231,중구,02172,을지로6가.국립중앙의료원,5
20221231,중구,02173,동대문역사문화공원,13
20221231,중구,02174,동대문역사문화공원,15
20221231,중구,02177,충무아트센터.스포츠센터.중부소방서,10
20221231,중구,02178,충무아트센터.스포츠센터.중부소방서,7
20221231,중구,02179,성동공업고등학교(무궁화회관),4
20221231,중구,02180,성동공업고등학교앞,3
20221231,중구,02181,신당역.중앙시장앞,9
20221231,중구,02182,신당역.중앙시장앞,10
20221231,중구,02183,성동고등학교,11
20221231,중구,02184,성동고등학교,8
20221231,중구,02187,신당동떡볶이타운.중구여성플라자,5
20221231,중구,02188,신당동떡볶이타운.중구여성플라자,5
20221231,중구,02189,신당동.청구역,5
20221231,중구,02190,신당동.청구역,5
20221231,중구,02191,약수역2번출구.가온도서관,5
20221231,중구,02192,약수역3번출구.약수하이츠,5
20221231,중구,02193,약수역4번출구.금호터널입구,2
20221231,중구,02194,약수역5번출구.금호터널입구,2
20221231,중구,02195,약수역8번출구.신당사회복지관,5
20221231,중구,02196,약수역7번출구.약수동주민센터,6
20221231,중구,02197,송도병원앞,5
20221231,중구,02198,송도병원앞,5
20221231,중구,02199,약수역1번출구,4
20221231,중구,02201,장충체육관앞,5
20221231,중구,02202,장충체육관앞,5
20221231,중구,02203,장충동.동국대입구,5
20221231,중구,02204,장충동.동국대입구,5
20221231,중구,02205,퇴계로6가,4
20221231,중구,02206,퇴계로6가,7
20221231,중구,02207,퇴계로5가,6
20221231,중구,02208,퇴계로5가,5
20221231,중구,02209,국립극장.반얀트리호텔,1
20221231,중구,02210,국립극장.반얀트리호텔,2
20221231,중구,02211,청구역,2
20221231,중구,02212,청구역,2
20221231,중구,02213,동화동,2
20221231,중구,02214,동화동,2
20221231,중구,02215,백범광장,3
20221231,중구,02218,남대문경찰서,2
20221231,중구,02219,남대문시장앞.이회영활동터,24
20221231,중구,02222,동대입구역.장충동,1
20221231,중구,02223,약수역10번출구,3
20221231,중구,02224,청계1가.광교,3
20221231,중구,02225,청계2가.삼일교,1
20221231,중구,02226,청계4가.배오개다리,1
20221231,중구,02227,청계5가.방산시장,1
20221231,중구,02228,청계6가.평화시장,1
20221231,중구,02229,청계7가.동평화.청평화시장,2
20221231,중구,02230,청계8가.영도교,2
20221231,중구,02233,신한은행본점,40
20221231,중구,02235,동대문역사문화공원,6
20221231,중구,02236,버티고개,5
20221231,중구,02237,버티고개,5
20221231,중구,02240,청계3가.세운교,1
20221231,중구,02241,청계6가.오간수교,1
20221231,중구,02242,충무로역.매일경제,2
20221231,중구,02246,을지로입구역.광교,21
20221231,중구,02252,신당파인힐하나유보라,9
20221231,중구,02253,명동입구,30
20221231,중구,02254,남산북측순환로입구,1
20221231,중구,02255,신당동삼성아파트.금호여중,2
20221231,중구,02256,신당동대우푸르지오.금호여중,2
20221231,중구,02257,황학동주민센터,2
20221231,중구,02258,신당초등학교앞,2
20221231,중구,02259,금호베스트빌.래미안하이베르,3
20221231,중구,02260,금호베스트빌.래미안하이베르,2
20221231,중구,02261,신당초등학교,2
20221231,중구,02262,서대문경찰서.농협은행.유관순활동터,1
20221231,중구,02272,방산종합시장,1
20221231,중구,02273,황학동롯데캐슬,2
20221231,중구,02274,광희문.광희동사거리,3
20221231,중구,02275,광희문.광희동사거리,2
20221231,중구,02277,황학동롯데캐슬,1
20221231,중구,02278,한국은행.신세계앞,1
20221231,중구,02279,서울기동대.광희초등학교,1
20221231,중구,02280,동대문디자인플라자,1
20221231,중구,02281,서대문역사거리.농협중앙회,9
20221231,중구,02282,서울스퀘어앞,4
20221231,중구,02283,북창동.남대문시장,9
20221231,중구,02284,힐튼호텔,2
20221231,중구,02285,힐튼호텔,3
20221231,중구,02286,시청앞.덕수궁,11
20221231,중구,02287,남대문세무서.국가인권위원회,11
20221231,중구,02288,장충문화체육센터.권기옥활동터,1
20221231,중구,02289,남산1호터널,4
20221231,중구,02291,남산예장버스환승주차장,1
20221231,중구,02501,약수역.3.6호선,2
20221231,중구,02502,조선일보,2
20221231,중구,02503,시청역,2
20221231,중구,02505,서울역,2
20221231,중구,02506,숭례문앞,2
20221231,중구,02507,프레스센터,6
20221231,중구,02510,신당역하나은행,1
20221231,중구,02513,염천교,1
20221231,중구,02515,서울역서부,1
20221231,중구,02516,한국경제신문사,1
20221231,중구,02518,응봉근린공원.금호산,1
20221231,중구,02519,서울방송고등학교.남산타운아파트,1
20221231,중구,02520,서울방송고등학교.남산타운아파트,1
20221231,중구,02521,중구청소년센터.남산타운2상가,1
20221231,중구,02522,중구청소년센터.남산타운2상가,1
20221231,중구,02523,약수시장.남산타운동문,1
20221231,중구,02524,약수지구대,1
20221231,중구,02605,남대문시장,1
20221231,중구,02639,을지로입구역롯데호텔,1
20221231,중구,02640,소공동웨스틴조선호텔,1
20221231,중구,02641,서울광장,5
20221231,중구,02643,광화문코리아나호텔,1
20221231,중구,02649,서소문KAL빌딩,1
20221231,중구,02652,동국대입구앰배서더호텔,1
20221231,중구,02665,서울역,1
20221231,중구,02669,명동역.세종호텔,2
20221231,중구,02679,충무로역.호텔피제이,2
20221231,중구,02680,남대문시장,1
20221231,중구,02681,이비스엠버서더호텔,1
20221231,중구,02685,서울역,13
20221231,중구,02686,아카시아호텔.웨스턴코업레지던스,1
20221231,중구,02687,을지로코업레지던스,1
20221231,중구,02688,토요코인호텔.이비스버젯호텔,1
20221231,중구,02692,약수역,1
20221231,중구,02693,남산밀레니엄힐튼호텔,1
20221231,중구,02694,서울역,2
20221231,중구,02695,숭례문라마다&스위트호텔,1
20221231,중구,02699,시청역더플라자호텔,1
20221231,중구,02709,동대문역사문화공원,1
20221231,중구,02710,광희동더스프라지르서울동대문,1
20221231,중구,02711,동대문디자인플라자DDP,1
20221231,중구,02712,베이튼호텔,1
20221231,중구,02901,광화문,3
20221231,중구,02902,덕수궁,1
20221231,중구,02903,남대문시장,1
20221231,중구,02904,명동,2
20221231,중구,02905,남산골한옥마을,1
20221231,중구,02906,앰버서더호텔,1
20221231,중구,02907,신라호텔,1
20221231,중구,02908,동대문디자인플라자.동대문시장,1
20221231,중구,02909,서울애니메이션센터,1
20221231,중구,02919,남산케이블카,1
20221231,중구,02920,동대문디자인프라자,2
20221231,중구,02921,방산.중부시장,1
20221231,중구,02922,을지로3가,1
20221231,중구,02923,을지로입구,1
20221231,중구,02925,명동입구,1
20221231,중구,02926,신당동중앙시장,1
20221231,중구,02927,남산오르미,1
20221231,용산구,03001,한강대교북단.LG유플러스,17
20221231,용산구,03002,한강대교북단.LG유플러스,16
20221231,용산구,03003,신용산역,18
20221231,용산구,03004,신용산역,16
20221231,용산구,03005,용산우체국,17
20221231,용산구,03006,용산우체국,17
20221231,용산구,03007,삼각지역,17
20221231,용산구,03008,삼각지역,17
20221231,용산구,03009,숙대입구역,22
20221231,용산구,03010,숙대입구역,19
20221231,용산구,03011,갈월동,22
20221231,용산구,03012,갈월동,24
20221231,용산구,03110,남영역,6
20221231,용산구,03111,남영역,4
20221231,용산구,03119,신용산역3번출구,1
20221231,용산구,03120,서울드래곤시티,1
20221231,용산구,03121,용산역3번출구.용산차고지,1
20221231,용산구,03122,한강대교북단,1
20221231,용산구,03124,서계동,3
20221231,용산구,03125,서계동,2
20221231,용산구,03126,청파동,3
20221231,용산구,03127,청파시장,2
20221231,용산구,03128,숙대입구역.청파동주민센터,2
20221231,용산구,03129,숙대입구역.청파동주민센터,2
20221231,용산구,03130,남영역,1
20221231,용산구,03131,남영역,1
20221231,용산구,03132,용산전자상가17동,2
20221231,용산구,03133,용산전자상가19동,1
20221231,용산구,03134,용산전자상가10동,2
20221231,용산구,03135,용산전자상가12동,2
20221231,용산구,03136,용산전자상가.전자랜드,2
20221231,용산구,03137,용산전자상가.전자랜드,3
20221231,용산구,03138,원효대교북단,2
20221231,용산구,03139,용산경찰서,5
20221231,용산구,03140,용산경찰서,7
20221231,용산구,03141,용산꿈나무종합타운.원효로우체국,5
20221231,용산구,03142,용산e편한세상,6
20221231,용산구,03143,남정초등학교,8
20221231,용산구,03144,원효로2가,7
20221231,용산구,03145,원효로2가사거리,5
20221231,용산구,03146,원효로3가,5
20221231,용산구,03147,원효로3가,5
20221231,용산구,03148,용암초등학교입구.이태원주공아파트,4
20221231,용산구,03149,이태원동남산대림아파트.용산동아파트,4
20221231,용산구,03150,용산한신아파트,4
20221231,용산구,03151,해방촌,6
20221231,용산구,03152,국군재정관리단,6
20221231,용산구,03153,용산구청,6
20221231,용산구,03154,용산구청,6
20221231,용산구,03155,한강중학교,6
20221231,용산구,03156,한강중학교앞,6
20221231,용산구,03157,서빙고역1번출구,6
20221231,용산구,03158,장충단로입구,8
20221231,용산구,03159,남산예술원,2
20221231,용산구,03160,서울중부기술교육원.블루스퀘어,6
20221231,용산구,03161,서울시중부기술교육원.블루스퀘어,9
20221231,용산구,03162,순천향대학병원,15
20221231,용산구,03163,순천향대학병원,20
20221231,용산구,03164,순천향대학병원,19
20221231,용산구,03165,순천향대학병원.한남오거리,15
20221231,용산구,03166,한남5거리,14
20221231,용산구,03167,남산도서관.용산도서관,2
20221231,용산구,03168,남산도서관.용산도서관,2
20221231,용산구,03169,후암약수터,2
20221231,용산구,03170,후암약수터,2
20221231,용산구,03171,보성여중고입구,2
20221231,용산구,03172,보성여중고입구,2
20221231,용산구,03173,남산체육관,2
20221231,용산구,03174,남산체육관,2
20221231,용산구,03175,하얏트호텔,2
20221231,용산구,03176,하얏트호텔,2
20221231,용산구,03177,용마루고개(서울자동차고등학교),4
20221231,용산구,03178,용마루고개.효창파크푸르지오아파트,3
20221231,용산구,03179,효창공원앞역.이봉창역사울림관,5
20221231,용산구,03180,효창공원앞역.이봉창역사울림관,5
20221231,용산구,03181,용산꿈나무종합타운.보건분소,5
20221231,용산구,03182,용산꿈나무종합타운.보건분소,5
20221231,용산구,03183,원효로제1동주민센터,4
20221231,용산구,03184,전쟁기념관,6
20221231,용산구,03185,전쟁기념관,6
20221231,용산구,03186,녹사평역,5
20221231,용산구,03187,녹사평역,6
20221231,용산구,03188,용산구청.이태원시장,4
20221231,용산구,03189,용산구청.이태원시장,4
20221231,용산구,03190,이태원역1번출구.해밀턴호텔,4
20221231,용산구,03191,이태원역4번출구.해밀턴호텔,4
20221231,용산구,03192,이태원119안전센터,5
20221231,용산구,03193,이태원119안전센터,6
20221231,용산구,03194,한남동새마을금고,5
20221231,용산구,03195,한남동주민센터,5
20221231,용산구,03196,한강진역.블루스퀘어,5
20221231,용산구,03197,한강진역.블루스퀘어,5
20221231,용산구,03198,서울역,2
20221231,용산구,03199,후암3거리,2
20221231,용산구,03200,후암시장,2
20221231,용산구,03201,후암시장,2
20221231,용산구,03202,용산중고,2
20221231,용산구,03203,용산중고,2
20221231,용산구,03204,후암동종점,1
20221231,용산구,03205,용산중고,1
20221231,용산구,03206,남영동주민센터,2
20221231,용산구,03207,남영동주민센터,1
20221231,용산구,03208,남영우체국,2
20221231,용산구,03209,남영우체국,2
20221231,용산구,03210,한남시범아파트,3
20221231,용산구,03211,한남시범아파트,3
20221231,용산구,03212,한남동,3
20221231,용산구,03213,한남동,3
20221231,용산구,03214,이촌동동부센트레빌,4
20221231,용산구,03215,이촌동두산위브트레지움.한강대우아파트,4
20221231,용산구,03216,이촌1동충신교회앞,4
20221231,용산구,03217,이촌동한가람아파트.이촌역,4
20221231,용산구,03218,이촌동한강맨션.이촌역,4
20221231,용산구,03219,신용산초등학교,4
20221231,용산구,03220,신용산초등학교,4
20221231,용산구,03221,이촌동강촌아파트,4
20221231,용산구,03222,이촌동점보아파트,4
20221231,용산구,03223,이촌동현대아파트,4
20221231,용산구,03224,금강병원.반도아파트,4
20221231,용산구,03225,서빙고신동아아파트,4
20221231,용산구,03226,서빙고신동아아파트,4
20221231,용산구,03227,만리동고개,5
20221231,용산구,03228,손기정체육공원,6
20221231,용산구,03229,숙대입구역,3
20221231,용산구,03230,남영역,3
20221231,용산구,03231,숙명여대도서관앞,2
20221231,용산구,03232,숙명여대도서관앞,1
20221231,용산구,03233,숙명여대정문,1
20221231,용산구,03234,숙명여대정문,2
20221231,용산구,03235,숙명여대후문.이봉창활동터,3
20221231,용산구,03236,효창공원후문,3
20221231,용산구,03237,한겨레신문사입구,3
20221231,용산구,03238,대한노인회,3
20221231,용산구,03239,효창운동장.효창동주민센터,4
20221231,용산구,03240,국민은행효창동지점,2
20221231,용산구,03241,서울금양초등학교.국민은행효창동지점,4
20221231,용산구,03242,효창공원역,1
20221231,용산구,03243,도원삼성래미안아파트,1
20221231,용산구,03244,도원삼성래미안아파트,2
20221231,용산구,03245,중앙하이츠빌라앞,1
20221231,용산구,03246,중앙하이츠빌라앞,1
20221231,용산구,03247,용문시장,3
20221231,용산구,03248,용문시장,2
20221231,용산구,03249,용산전자상가입구,2
20221231,용산구,03250,용산전자상가입구,3
20221231,용산구,03251,신용산.지하차도,2
20221231,용산구,03252,신용산.지하차도,4
20221231,용산구,03253,신용산역,1
20221231,용산구,03255,용산역,3
20221231,용산구,03256,용산푸르지오써밋,3
20221231,용산구,03257,용산푸르지오써밋,2
20221231,용산구,03258,용산역광장앞,2
20221231,용산구,03259,용산역사박물관.용산철도고등학교,2
20221231,용산구,03260,용산역사박물관.용산철도고등학교,2
20221231,용산구,03261,용산세무서,2
20221231,용산구,03262,용산세무서,2
20221231,용산구,03263,이촌역,2
20221231,용산구,03264,이촌역,2
20221231,용산구,03265,국립중앙박물관용산가족공원,2
20221231,용산구,03266,국립중앙박물관용산가족공원,2
20221231,용산구,03267,서빙고역교차로,5
20221231,용산구,03268,서빙고초등학교,1
20221231,용산구,03269,한강중학교,2
20221231,용산구,03270,금호베스트빌앞,2
20221231,용산구,03272,서빙고동,4
20221231,용산구,03273,서빙고동주민센터,4
20221231,용산구,03274,동빙고동,5
20221231,용산구,03275,동빙고동,4
20221231,용산구,03276,보광신동아아파트삼성리버빌아파트,4
20221231,용산구,03277,보광동신동아아파트,4
20221231,용산구,03278,보광동주민센터,3
20221231,용산구,03279,기업은행보광동지점,3
20221231,용산구,03280,기업은행보광동지점,3
20221231,용산구,03281,한국폴리텍1대학,3
20221231,용산구,03282,한국폴리텍1대학,3
20221231,용산구,03283,이태원역.보광동입구,3
20221231,용산구,03284,이태원역.보광동입구,3
20221231,용산구,03285,한남역.용산노인종합복지관,4
20221231,용산구,03286,한남역.용산노인종합복지관,3
20221231,용산구,03287,이촌119안전센터.성촌공원,3
20221231,용산구,03288,성촌공원.포르쉐센터용산,3
20221231,용산구,03289,성촌공원.포르쉐센터용산,3
20221231,용산구,03290,이촌2동주민센터,3
20221231,용산구,03291,이촌2동주민센터,3
20221231,용산구,03292,이촌2동대림아파트.새남터성지,3
20221231,용산구,03293,이촌2동대림아파트.새남터성지,3
20221231,용산구,03294,서부이촌동입구,3
20221231,용산구,03295,이촌2동강변아파트,3
20221231,용산구,03296,원효2동산호아파트후문,1
20221231,용산구,03297,청암동강변삼성아파트,3
20221231,용산구,03298,청암동강변삼성아파트,3
20221231,용산구,03299,원효2동산호아파트,3
20221231,용산구,03300,원효2동산호아파트,2
20221231,용산구,03301,원효로풍전아파트,4
20221231,용산구,03302,원효로풍전아파트,2
20221231,용산구,03303,원효풍전아파트,1
20221231,용산구,03304,원효2동주민센터,2
20221231,용산구,03305,산천동리버힐삼성아파트,2
20221231,용산구,03306,산천동,1
20221231,용산구,03307,산천동,1
20221231,용산구,03308,신창동세방아파트,1
20221231,용산구,03309,신창동세방아파트,1
20221231,용산구,03310,남이장군사당,1
20221231,용산구,03311,남이장군사당,1
20221231,용산구,03312,새마을금고,1
20221231,용산구,03313,새마을금고,1
20221231,용산구,03319,순천향병원입구,2
20221231,용산구,03320,남산서울타워,1
20221231,용산구,03321,청심경로당,1
20221231,용산구,03322,삼성테마트,1
20221231,용산구,03323,서빙고동금호베스트빌,1
20221231,용산구,03324,한남동하이페리온,5
20221231,용산구,03325,서빙고역1번출구,4
20221231,용산구,03326,문배동이안아파트앞,1
20221231,용산구,03327,갈월동4호선숙대입구,5
20221231,용산구,03328,삼각지역11번출구,3
20221231,용산구,03330,숙대입구,1
20221231,용산구,03331,원효대교북단,2
20221231,용산구,03332,문배동이안아파트앞,2
20221231,용산구,03334,순천향병원입구,2
20221231,용산구,03335,숙명여대입구,1
20221231,용산구,03336,서빙고초등학교,2
20221231,용산구,03338,한강대교전망카페,1
20221231,용산구,03339,한강대교전망카페,1
20221231,용산구,03340,노들섬,15
20221231,용산구,03341,노들섬,15
20221231,용산구,03342,용암초등학교.이태원2동주민센터,2
20221231,용산구,03343,용암초등학교.이태원2동주민센터,2
20221231,용산구,03344,효창공원삼거리.윤봉길의사등묘역,1
20221231,용산구,03345,서울역공항철도15번출구.국립극단,2
20221231,용산구,03346,용산꿈나무종합타운,7
20221231,용산구,03347,남산도서관,1
20221231,용산구,03500,하얏트호텔,1
20221231,용산구,03501,한신아파트,1
20221231,용산구,03502,순천향병원,1
20221231,용산구,03503,용암경로당입구,1
20221231,용산구,03504,한남오거리,1
20221231,용산구,03505,가야랑앞,1
20221231,용산구,03506,용암한신아파트,1
20221231,용산구,03508,효창공원후문,1
20221231,용산구,03509,디지텍고등학교앞,1
20221231,용산구,03510,우리들가정의원,1
20221231,용산구,03511,도원삼성래미안아파트101동앞,1
20221231,용산구,03512,성도약국,1
20221231,용산구,03513,남산교회입구,1
20221231,용산구,03515,신애교회,1
20221231,용산구,03516,시장,1
20221231,용산구,03517,해방촌오거리,1
20221231,용산구,03518,보광동주민센터,1
20221231,용산구,03519,대한노인회중앙회,1
20221231,용산구,03520,도원삼성래미안아파트101동앞,1
20221231,용산구,03521,신흥교회앞,1
20221231,용산구,03522,군인아파트,1
20221231,용산구,03523,원효사.백범김구기념관,1
20221231,용산구,03524,녹사평역,1
20221231,용산구,03525,큰빛의집앞,1
20221231,용산구,03526,몬드리안서울이태원,1
20221231,용산구,03527,도원삼성래미안아파트,1
20221231,용산구,03529,후암동종점,1
20221231,용산구,03530,크라운호텔,1
20221231,용산구,03532,용산고등학교,1
20221231,용산구,03533,외빈차고,1
20221231,용산구,03534,효창공원앞역.이봉창역사울림관,1
20221231,용산구,03536,갈월동사회복지회관,1
20221231,용산구,03537,청화아파트,1
20221231,용산구,03540,용산경찰서,1
20221231,용산구,03541,숙대역7번출구,1
20221231,용산구,03542,보광동삼거리,1
20221231,용산구,03543,중앙하이츠빌라,1
20221231,용산구,03544,원효우체국,1
20221231,용산구,03545,보광초등학교,1
20221231,용산구,03546,용문동시장.새마을금고,1
20221231,용산구,03549,수미용실,1
20221231,용산구,03550,용문동주민센터,1
20221231,용산구,03551,문배어린이공원,1
20221231,용산구,03552,문배어린이공원,1
20221231,용산구,03553,영동김밥,1
20221231,용산구,03557,도깨비시장,1
20221231,용산구,03560,리버힐빌라앞,1
20221231,용산구,03561,신용산역,1
20221231,용산구,03563,보광교회,1
20221231,용산구,03564,용산우체국,1
20221231,용산구,03565,숙대역5번출구,1
20221231,용산구,03566,이슬람사원,1
20221231,용산구,03567,삼각지역,1
20221231,용산구,03568,갈월동,1
20221231,용산구,03569,보광초등학교후문앞,1
20221231,용산구,03571,동자경로당,1
20221231,용산구,03572,이태원역앞,1
20221231,용산구,03573,녹사평역.용산구청,1
20221231,용산구,03574,후암시장,1
20221231,용산구,03577,후암동주민센터앞,1
20221231,용산구,03578,제일기획,1
20221231,용산구,03579,대성교회,1
20221231,용산구,03580,용산고,1
20221231,용산구,03581,성도약국,1
20221231,용산구,03582,후암동종점,1
20221231,용산구,03583,디지텍고등학교앞,1
20221231,용산구,03584,큰빛의집앞,1
20221231,용산구,03585,가야랑앞,1
20221231,용산구,03586,신흥교회앞,1
20221231,용산구,03588,해방촌오거리,1
20221231,용산구,03589,남산교회입구,1
20221231,용산구,03590,우리들가정의원,1
20221231,용산구,03591,용암한신아파트,1
20221231,용산구,03592,용암경로당입구,1
20221231,용산구,03593,한신아파트,1
20221231,용산구,03594,갑을빌딩,1
20221231,용산구,03595,리버힐삼성아파트후문,1
20221231,용산구,03596,만리시장입구,1
20221231,용산구,03597,배문중고등학교,1
20221231,용산구,03598,청파초등학교,1
20221231,용산구,03648,동부이촌동,1
20221231,용산구,03649,강촌APT,1
20221231,용산구,03680,남산그랜드하얏트호텔,1
20221231,용산구,03688,청파초등학교,1
20221231,용산구,03689,청암자이아파트,1
20221231,용산구,03699,배문중고교,1
20221231,용산구,03700,만리시장입구,1
20221231,용산구,03709,청암자이아파트,1
20221231,용산구,03710,신동아APT,1
20221231,용산구,03728,신동아APT,1
20221231,용산구,03729,강촌APT,1
20221231,용산구,03730,동부이촌동,1
20221231,용산구,03732,이촌동두산위브트레지움,1
20221231,용산구,03733,이촌동두산위브트레지움,1
20221231,용산구,03734,이촌현대아파트.금강병원,1
20221231,용산구,03735,이촌현대아파트.금강병원,1
20221231,용산구,03736,한남역,1
20221231,용산구,03737,도원삼성래미안아파트단지내,1
20221231,용산구,03742,한남동주민센터,1
20221231,용산구,03743,용산CJ나인파크,1
20221231,용산구,03744,용산e편한세상,1
20221231,용산구,03748,이집트대사관.한남더힐아파트,1
20221231,용산구,03749,이집트대사관.한남더힐아파트,1
20221231,용산구,03750,한남역,1
20221231,용산구,03751,한남동,1
20221231,용산구,03752,한남동,1
20221231,용산구,03753,필리핀대사관,1
20221231,용산구,03754,필리핀대사관,1
20221231,용산구,03900,전쟁기념관,1
20221231,용산구,03901,용산역,1
20221231,용산구,03902,국립중앙박물관,1
20221231,용산구,03903,이태원,1
20221231,용산구,03904,남산서울타워,2
20221231,용산구,03905,하얏트호텔,2
20221231,용산구,03906,힐튼호텔,1
20221231,용산구,03907,남산도서관,1
20221231,성동구,04001,답십리역사거리,7
20221231,성동구,04002,청년회의소.서울새활용플라자,10
20221231,성동구,04003,장한평역,12
20221231,성동구,04101,상왕십리역,6
20221231,성동구,04102,상왕십리역,12
20221231,성동구,04103,왕십리센트라스아파트,12
20221231,성동구,04104,왕십리교회,4
20221231,성동구,04105,뉴타운아파트,7
20221231,성동구,04106,청계벽산아파트.텐즈힐아파트,4
20221231,성동구,04107,청계벽산아파트.텐즈힐아파트,5
20221231,성동구,04108,왕십리도선동주민센터,3
20221231,성동구,04109,왕십리2동주민센터,8
20221231,성동구,04110,코스모타워.서울신용보증재단성동지점,8
20221231,성동구,04112,성동구청,7
20221231,성동구,04113,상왕십리역,3
20221231,성동구,04114,상왕십리역.센트라스아파트,6
20221231,성동구,04116,마장동주민센터,2
20221231,성동구,04117,마장역,2
20221231,성동구,04118,성동노인복지관,2
20221231,성동구,04119,마장축산물시장,7
20221231,성동구,04120,마장축산물시장,9
20221231,성동구,04121,도선사거리,7
20221231,성동구,04122,도선사거리,7
20221231,성동구,04123,마장동금호아파트,2
20221231,성동구,04124,마장동금호아파트,2
20221231,성동구,04125,한양대부속고등학교,2
20221231,성동구,04126,한양대부속고등학교,2
20221231,성동구,04127,한양대앞.한양시장,3
20221231,성동구,04128,한양대앞,2
20221231,성동구,04129,한양대정문,8
20221231,성동구,04130,한양대정문앞,8
20221231,성동구,04131,무학여고앞,8
20221231,성동구,04132,무학여고,9
20221231,성동구,04133,왕십리역,8
20221231,성동구,04134,왕십리역,7
20221231,성동구,04135,왕십리역,3
20221231,성동구,04136,행당1동주민센터.성동소방서,8
20221231,성동구,04137,서울숲삼부아파트,8
20221231,성동구,04138,응봉동주민센터,5
20221231,성동구,04139,응봉동주민센터,5
20221231,성동구,04140,응봉사거리,9
20221231,성동구,04141,응봉동현대아파트,5
20221231,성동구,04142,응봉동현대아파트,5
20221231,성동구,04143,대현산배수지공원입구,3
20221231,성동구,04145,신금호역,2
20221231,성동구,04146,신금호역,3
20221231,성동구,04147,금호고등학교,2
20221231,성동구,04148,금호고등학교.금호자이1차아파트입구,2
20221231,성동구,04149,금호동벽산아파트,3
20221231,성동구,04150,래미안하이리버아파트,3
20221231,성동구,04151,금호사거리,3
20221231,성동구,04152,금호사거리,3
20221231,성동구,04153,금남시장앞.백범학원터,7
20221231,성동구,04154,금남시장앞.백범학원터,7
20221231,성동구,04155,금호역,2
20221231,성동구,04156,금호역,2
20221231,성동구,04157,금옥초등학교앞,7
20221231,성동구,04158,금옥초등학교앞,7
20221231,성동구,04159,힐스테이트서울숲리버아파트,5
20221231,성동구,04160,삼성래미안아파트앞,5
20221231,성동구,04161,옥수삼성아파트.래미안옥수리버젠,6
20221231,성동구,04162,옥수삼성아파트.래미안옥수리버젠,6
20221231,성동구,04163,미타사입구,5
20221231,성동구,04164,래미안옥수리버젠.옥수중앙교회,2
20221231,성동구,04165,래미안옥수리버젠.옥수중앙교회,2
20221231,성동구,04166,옥수파크힐스아파트앞,2
20221231,성동구,04167,옥수파크힐스아파트앞,2
20221231,성동구,04168,옥수동종점,1
20221231,성동구,04169,옥정중학교입구,4
20221231,성동구,04170,옥정중학교입구,4
20221231,성동구,04171,성수1가1동새마을금고,4
20221231,성동구,04172,성수1가새마을금고,4
20221231,성동구,04173,천주교성수동성당앞,4
20221231,성동구,04174,천주교성수동성당앞,4
20221231,성동구,04175,뚝도아리수정수센터수도박물관,4
20221231,성동구,04176,뚝도아리수정수센터수도박물관,4
20221231,성동구,04177,서울숲,4
20221231,성동구,04178,서울숲,4
20221231,성동구,04179,성동구민종합체육센터,4
20221231,성동구,04180,성동구민종합체육센터,4
20221231,성동구,04181,성수공고앞,4
20221231,성동구,04182,성수공고앞,4
20221231,성동구,04183,경일초등학교입구,2
20221231,성동구,04184,경일초등학교입구,2
20221231,성동구,04185,성동교남단,5
20221231,성동구,04186,성동교남단,5
20221231,성동구,04187,상원,3
20221231,성동구,04188,상원,3
20221231,성동구,04189,영동대교북단,8
20221231,성동구,04190,경수중학교,6
20221231,성동구,04191,성수119안전센터,4
20221231,성동구,04192,성수119안전센터,4
20221231,성동구,04193,경수중학교,3
20221231,성동구,04194,경수중학교,3
20221231,성동구,04195,뚝도시장,3
20221231,성동구,04196,뚝도시장,3
20221231,성동구,04197,성원중성수동이마트앞,4
20221231,성동구,04198,성원중성수동이마트앞,4
20221231,성동구,04199,서울숲지구대앞,4
20221231,성동구,04200,서울숲지구대앞,4
20221231,성동구,04201,뚝도시장구길,4
20221231,성동구,04202,뚝도시장구길,4
20221231,성동구,04203,성수동진주타운,1
20221231,성동구,04204,성수동진주타운,1
20221231,성동구,04205,영동대교,1
20221231,성동구,04206,영동대교,1
20221231,성동구,04207,화양사거리,4
20221231,성동구,04208,성수사거리.성수초등학교,3
20221231,성동구,04209,서울효사랑병원,5
20221231,성동구,04210,성수2가3동주민센터,3
20221231,성동구,04211,제인병원,3
20221231,성동구,04212,성동세무서앞,3
20221231,성동구,04213,성동세무서,3
20221231,성동구,04214,송정동서울숲아이파크,3
20221231,성동구,04215,송정동건영아파트,3
20221231,성동구,04216,군자교남단,3
20221231,성동구,04217,신답역,3
20221231,성동구,04218,용답동.로데오거리.답십리역,1
20221231,성동구,04221,서울교통공사.서울새활용플라자,1
20221231,성동구,04222,뚝섬서울숲,4
20221231,성동구,04223,뚝섬서울숲,5
20221231,성동구,04226,사근동하이츠아파트앞,1
20221231,성동구,04227,사근동하이츠아파트앞,1
20221231,성동구,04228,사근동주민센터,1
20221231,성동구,04229,사근동주민센터,1
20221231,성동구,04230,사근고개,1
20221231,성동구,04231,사근고개,1
20221231,성동구,04232,한양지구대,1
20221231,성동구,04233,한양지구대,1
20221231,성동구,04234,사근동벽산아파트,1
20221231,성동구,04236,뚝섬역8번출구,5
20221231,성동구,04237,뚝섬역2번출구,5
20221231,성동구,04238,뚝섬역5번출구,5
20221231,성동구,04239,뚝섬역4번출구,5
20221231,성동구,04240,성수역1번출구,5
20221231,성동구,04241,성수동SK아파트형공장앞,1
20221231,성동구,04242,성수동SK아파트형공장앞,2
20221231,성동구,04243,경동초등학교입구,2
20221231,성동구,04244,경동초등학교입구,2
20221231,성동구,04245,경일초등학교앞,2
20221231,성동구,04246,경일초등학교앞,2
20221231,성동구,04247,한양여대앞,1
20221231,성동구,04252,도선고등학교.꽃재교회,3
20221231,성동구,04253,성수역4번출구,3
20221231,성동구,04254,리버하우스,3
20221231,성동구,04255,리버하우스,3
20221231,성동구,04256,성수사거리,3
20221231,성동구,04257,성수사거리,3
20221231,성동구,04258,성동제일새마을금고,1
20221231,성동구,04259,성동제일새마을금고,1
20221231,성동구,04261,청계9가.텐즈힐2단지 정문앞,1
20221231,성동구,04264,뚝섬서울숲,2
20221231,성동구,04265,뚝섬서울숲남문,1
20221231,성동구,04266,뚝섬서울숲남문,1
20221231,성동구,04267,용답휴식공원,2
20221231,성동구,04268,용답휴식공원,2
20221231,성동구,04269,성수2가3동주민센터,3
20221231,성동구,04270,극동그린아파트앞,3
20221231,성동구,04271,마장역,2
20221231,성동구,04272,행당신동아.행당푸르지오아파트,6
20221231,성동구,04273,숭신초등학교,1
20221231,성동구,04275,극동아파트,2
20221231,성동구,04276,풍림아파트,3
20221231,성동구,04277,벽산아파트,1
20221231,성동구,04278,대림아파트,1
20221231,성동구,04279,행당역,3
20221231,성동구,04280,행당역,1
20221231,성동구,04281,무학여고,1
20221231,성동구,04282,극동그린아파트,2
20221231,성동구,04286,성수동차고지,4
20221231,성동구,04288,제민약국,1
20221231,성동구,04289,왕십리자이.신당현대아파트,1
20221231,성동구,04290,왕십리자이.신당현대아파트,2
20221231,성동구,04291,제민약국,1
20221231,성동구,04293,우리은행화양동지점,3
20221231,성동구,04295,황학교.텐즈힐몰,1
20221231,성동구,04298,마장동주민센터,2
20221231,성동구,04301,왕십리광장.왕십리역7번출구,3
20221231,성동구,04302,왕십리광장.왕십리역4번출구,3
20221231,성동구,04303,한양대동문앞,1
20221231,성동구,04304,왕십리도선동주민센터,1
20221231,성동구,04305,한양여대앞,1
20221231,성동구,04306,행당중학교,1
20221231,성동구,04500,송정동현대아이파크아파트,1
20221231,성동구,04501,극동아파트5동,1
20221231,성동구,04502,대우아파트관리실,1
20221231,성동구,04503,두산아파트정문.금호역,1
20221231,성동구,04504,신금호역,1
20221231,성동구,04505,옥수역,2
20221231,성동구,04506,송정동자치회관,1
20221231,성동구,04507,대우아파트후문,1
20221231,성동구,04509,금호1가동주민센터,1
20221231,성동구,04510,왕십리민자역사,5
20221231,성동구,04511,무쇠막,1
20221231,성동구,04512,송정어린이집,1
20221231,성동구,04513,금옥초등학교입구,1
20221231,성동구,04514,대경생활과학고등학교,1
20221231,성동구,04515,금북초등학교.e편한세상금호105동,1
20221231,성동구,04516,무학여고,2
20221231,성동구,04517,힐스테이트서울숲리버,1
20221231,성동구,04518,성수SKV1센터1동,1
20221231,성동구,04519,극동아파트상가,1
20221231,성동구,04520,모닝후레쉬,1
20221231,성동구,04521,화단삼거리,2
20221231,성동구,04522,금호어린이집,1
20221231,성동구,04523,논골.금호벽산아파트.성동공유센터,3
20221231,성동구,04524,행당서울숲푸르지오상가앞,1
20221231,성동구,04526,성수이비즈센터,1
20221231,성동구,04527,한남하이츠아파트,1
20221231,성동구,04528,금호사거리,1
20221231,성동구,04529,금호산입구,1
20221231,성동구,04530,한진아파트후문,2
20221231,성동구,04531,신동아아파트후문,1
20221231,성동구,04533,경수중학교입구,1
20221231,성동구,04535,제일감리교회,1
20221231,성동구,04536,신금호역,1
20221231,성동구,04538,행당서울숲푸르지오109동앞,1
20221231,성동구,04539,벽산아파트정문,1
20221231,성동구,04540,성수역2번출구,1
20221231,성동구,04541,옥수종합사회복지관,2
20221231,성동구,04542,응봉동현대아파트,1
20221231,성동구,04544,행당2동주민센터,2
20221231,성동구,04545,삼거리정자앞,1
20221231,성동구,04546,금호119안전센터,1
20221231,성동구,04547,경동초등학교입구,1
20221231,성동구,04548,옥수삼성아파트,2
20221231,성동구,04549,현대공업사앞,1
20221231,성동구,04550,두산상가후문,1
20221231,성동구,04551,중앙병원,1
20221231,성동구,04552,무학중학교.무학여고,2
20221231,성동구,04553,만물상회앞,1
20221231,성동구,04554,논골사거리,1
20221231,성동구,04556,응봉초등학교.대림아파트,1
20221231,성동구,04557,한신아파트,1
20221231,성동구,04559,상봉노인정앞,1
20221231,성동구,04560,논골신협.대림아파트후문,2
20221231,성동구,04562,옥수삼성아파트,2
20221231,성동구,04563,응봉역.광희중,1
20221231,성동구,04564,우리은행.백범학원터,1
20221231,성동구,04565,금남시장.화단앞,1
20221231,성동구,04566,금호공원,1
20221231,성동구,04567,대현산체육관입구,1
20221231,성동구,04569,지하철2호선성수역,1
20221231,성동구,04570,옥수종합사회복지관,2
20221231,성동구,04572,대우아파트입구,1
20221231,성동구,04573,원형화단,1
20221231,성동구,04574,성동구청,8
20221231,성동구,04575,금봉어린이집.또또와마트,1
20221231,성동구,04577,경수중학교입구,1
20221231,성동구,04578,옥정중학교,2
20221231,성동구,04579,응봉사거리,2
20221231,성동구,04582,천은교회.성동청소년상담복지센터,1
20221231,성동구,04583,극동아파트상가,1
20221231,성동구,04584,무학여고,2
20221231,성동구,04585,한전입구,1
20221231,성동구,04586,논골입구.성동공유센터,1
20221231,성동구,04587,극동아파트7동,1
20221231,성동구,04588,성동보건소,1
20221231,성동구,04589,행당역.대림아파트정문,3
20221231,성동구,04590,청계벽산아파트,1
20221231,성동구,04591,논골.e편한세상금호114동,1
20221231,성동구,04593,코스모타워,1
20221231,성동구,04594,화단앞,1
20221231,성동구,04595,성동사회복지관.청계천박물관,2
20221231,성동구,04596,금호119안전센터,2
20221231,성동구,04597,왕약국,1
20221231,성동구,04598,상왕십리역,1
20221231,성동구,04599,금호공원,1
20221231,성동구,04600,성동구도시관리공단.서울시시설관리공단,2
20221231,성동구,04602,e편한세상금호117동,1
20221231,성동구,04603,왕십리자이.신당현대아파트,2
20221231,성동구,04615,중앙슈퍼,1
20221231,성동구,04648,한신아파트,1
20221231,성동구,04651,금호고등학교,1
20221231,성동구,04658,극동.풍림아파트,1
20221231,성동구,04659,GS25,1
20221231,성동구,04667,중앙병원앞,1
20221231,성동구,04668,도선동사거리,2
20221231,성동구,04669,논골신협.대림아파트후문,1
20221231,성동구,04670,송정동자치회관입구,1
20221231,성동구,04671,성동구청,2
20221231,성동구,04672,논골사거리,1
20221231,성동구,04674,신금호역,1
20221231,성동구,04677,성동중앙교회.벽산아파트정문,1
20221231,성동구,04679,무학중학교.무학여고,2
20221231,성동구,04680,천은교회.성동청소년상담복지센터,1
20221231,성동구,04684,금호어린이집,1
20221231,성동구,04685,행당2동주민센터,2
20221231,성동구,04686,금봉어린이집.또또와마트,1
20221231,성동구,04691,대경생활과학고등학교,1
20221231,성동구,04696,대현산체육관입구,1
20221231,성동구,04697,GS주유소,1
20221231,성동구,04698,대림아파트후문,3
20221231,성동구,04699,응봉하이퍼마트,1
20221231,성동구,04700,서울숲푸르지오아파트정문,1
20221231,성동구,04701,대림상가,2
20221231,성동구,04702,충북상회,1
20221231,성동구,04706,서울숲푸르지오아파트후문,2
20221231,성동구,04721,무학여고,1
20221231,성동구,04722,무학여고,1
20221231,성동구,04723,응봉사거리,1
20221231,성동구,04724,응봉사거리,1
20221231,성동구,04739,응봉역.광희중,1
20221231,성동구,04740,삼거리정자,1
20221231,성동구,04741,금호초등학교,1
20221231,성동구,04742,응봉초등학교.대림아파트,1
20221231,성동구,04743,행당서울숲푸르지오109동앞,1
20221231,성동구,04744,현대공업사앞,1
20221231,성동구,04745,신동아아파트후문,1
20221231,성동구,04746,신동아아파트,1
20221231,성동구,04748,행당서울숲푸르지오상가앞,1
20221231,성동구,04749,삼성래미안아파트,1
20221231,성동구,04750,금호사거리,1
20221231,성동구,04751,금남시장앞.백범학원터,1
20221231,성동구,04753,왕십리광장.왕십리역7번출구,4
20221231,성동구,04754,두산상가후문,1
20221231,성동구,04755,극동아파트7동,1
20221231,성동구,04756,두산아파트111동,1
20221231,성동구,04757,두산아파트109동,1
20221231,성동구,04758,극동아파트4동,1
20221231,성동구,04759,극동아파트4동,1
20221231,성동구,04760,두산아파트109동,1
20221231,성동구,04761,두산아파트115동,1
20221231,성동구,04762,금호역,3
20221231,성동구,04763,두산아파트정문.금호역,1
20221231,성동구,04764,금호역,1
20221231,성동구,04765,금호역.3호선,2
20221231,성동구,04766,화단삼거리,1
20221231,성동구,04767,두산아파트111동,1
20221231,성동구,04770,벽산아파트501동앞,1
20221231,성동구,04771,벽산아파트505동앞,1
20221231,성동구,04772,벽산아파트111동앞,1
20221231,성동구,04773,벽산아파트206동앞,1
20221231,성동구,04774,벽산아파트202동앞,1
20221231,성동구,04775,벽산하이피아상가앞,1
20221231,성동구,04776,우리은행.백범학원터,1
20221231,성동구,04780,행당푸르지오아파트,1
20221231,성동구,04781,왕십리역,1
20221231,성동구,04782,옥정중학교,1
20221231,성동구,04783,옥정중학교,1
20221231,성동구,04784,옥수삼성아파트,1
20221231,성동구,04785,옥수삼성아파트,1
20221231,성동구,04786,금옥초등학교.금호대우아파트,1
20221231,성동구,04787,금옥초등학교.금호대우아파트,1
20221231,성동구,04788,금호사거리,1
20221231,성동구,04789,금호사거리,1
20221231,성동구,04790,금호삼성래미안,1
20221231,성동구,04791,금호삼성래미안,1
20221231,성동구,04792,응봉현대아파트,1
20221231,성동구,04793,응봉현대아파트,1
20221231,성동구,04794,응봉주민센터,1
20221231,성동구,04795,응봉주민센터,1
20221231,성동구,04800,래미안옥수리버젠아파트상가,1
20221231,성동구,04801,옥수동주민센터.옥수동성당,1
20221231,성동구,04802,국민은행,1
20221231,성동구,04803,국민은행,1
20221231,성동구,04804,옥수동주민센터.옥수동성당,1
20221231,성동구,04805,삼성아파트정문,1
20221231,성동구,04807,성동노인종합복지관,1
20221231,성동구,04808,중앙하이츠아파트,1
20221231,성동구,04809,민자역사후문,1
20221231,성동구,04811,금호1가동주민센터,1
20221231,성동구,04812,금호정형외과,1
20221231,성동구,04814,금호고등학교앞,1
20221231,성동구,04815,벽산하이피아상가,1
20221231,성동구,04816,벽산노인정,1
20221231,성동구,04817,벽산아파트107동,1
20221231,성동구,04818,벽산아파트109동,1
20221231,성동구,04819,벽산아파트505동,1
20221231,성동구,04820,벽산아파트501동,1
20221231,성동구,04821,광희중학교.응봉역,1
20221231,성동구,04822,한신아파트후문,1
20221231,성동구,04823,한신아파트정문,1
20221231,성동구,04824,민자역사후문,1
20221231,성동구,04825,중앙하이츠아파트,1
20221231,성동구,04826,삼성래미안아파트,1
20221231,성동구,04827,금북초등학교입구,1
20221231,성동구,04828,대현산배수지공원앞,1
20221231,성동구,04829,선영약국,1
20221231,성동구,04830,텐즈힐아파트101동.115동,1
20221231,성동구,04831,숭신초등학교.도선고등학교앞,1
20221231,성동구,04832,왕십리도선동주민센터,1
20221231,성동구,04833,텐즈힐아파트120동.213동앞,1
20221231,성동구,04834,왕십리중앙교회,1
20221231,성동구,04836,마장동현대아파트,1
20221231,성동구,04837,청계장원아파트,1
20221231,성동구,04839,마장2교사거리,1
20221231,성동구,04840,마장2교사거리,1
20221231,성동구,04842,청계장원아파트,1
20221231,성동구,04843,옥수교회,1
20221231,성동구,04844,텐즈힐아파트107동앞,1
20221231,성동구,04845,응봉동현대아파트,1
20221231,성동구,04846,논골.대림아파트107동.금호동벽산아파트,1
20221231,성동구,04847,옥수역5.6번출구,1
20221231,성동구,04848,서울숲푸르지오아파트,1
20221231,성동구,04849,언더스탠드애비뉴,1
20221231,성동구,04850,성동구민체육센터,1
20221231,성동구,04851,서울숲역,1
20221231,성동구,04852,경일중고등학교,1
20221231,성동구,04854,이마트.서울숲힐스테이트아파트,1
20221231,성동구,04855,서울숲코오롱디지털타워2차,1
20221231,성동구,04856,서울경찰청제6기동단,1
20221231,성동구,04857,한라시그마밸리앞,1
20221231,성동구,04858,성수역3번출구,1
20221231,성동구,04859,서울숲코오롱디지털타워2차,1
20221231,성동구,04860,이마트.서울숲힐스테이트아파트,1
20221231,성동구,04861,현대그린아파트,1
20221231,성동구,04862,성수역3번출구,1
20221231,성동구,04863,경일중고등학교,1
20221231,성동구,04864,한라시그마밸리,1
20221231,성동구,04865,서울경찰청제6기동단,1
20221231,성동구,04866,서울숲역,1
20221231,성동구,04867,성동구민종합체육센터,1
20221231,성동구,04868,언더스탠드애비뉴,1
20221231,성동구,04871,뚝섬서울숲,1
20221231,성동구,04872,옥수역2번출구,2
20221231,성동구,04873,성수대교북단교차로,1
20221231,성동구,04876,마장역,1
20221231,성동구,04877,마장역,1
20221231,성동구,04878,옥정초등학교,2
20221231,성동구,04879,e편한세상금호109동,1
20221231,성동구,04883,왕십리자이아파트107동,1
20221231,성동구,04884,왕십리KCC스위첸아파트,1
20221231,성동구,04885,금호베스트빌아파트노인정앞,1
20221231,성동구,04886,풍림아이원아파트후문,1
20221231,성동구,04887,응봉역.광희중학교,1
20221231,성동구,04888,대림강변타운아파트A상가,1
20221231,성동구,04889,리버그린동아아파트정문,1
20221231,성동구,04890,서울숲리버뷰자이아파트제2주차장,1
20221231,성동구,04891,서울숲리버뷰자이아파트제2주차장,1
20221231,성동구,04892,서울숲리버뷰자이아파트제1주차장,1
20221231,성동구,04893,왕십리로교차로,1
20221231,성동구,04894,왕십리로교차로,1
20221231,성동구,04895,리버그린동아아파트,1
20221231,성동구,04896,서울숲리버뷰자이아파트제1주차장,1
20221231,성동구,04897,왕십리역6-1번출구,2
20221231,성동구,04898,행당동서울숲더샵,1
20221231,성동구,04899,행당동서울숲더샵,1
20221231,성동구,04900,서울숲공원,1
20221231,성동구,04901,성수역수제화거리,1
20221231,성동구,04902,한양대역,1
20221231,성동구,04904,한양대학교병원본관1층,1
20221231,성동구,04905,한양대학교병원본관1층,1
20221231,성동구,04906,한양대학교병원응급실,1
20221231,성동구,04907,한양대학교류마티스병원동관,1
20221231,성동구,04908,한양대학교백남학술정보관,1
20221231,성동구,04909,한양대학교종합기술연구원,1
20221231,성동구,04910,한양대학교생활과학대학,1
20221231,성동구,04911,한양대학교정문,1
20221231,성동구,04912,한양대학교제2의학관,1
20221231,성동구,04913,한양대학교동문회관,1
20221231,성동구,04914,한양대학교정문,1
20221231,광진구,05001,군자교입구,11
20221231,광진구,05002,군자교입구,11
20221231,광진구,05003,군자역.용마초등학교,9
20221231,광진구,05004,군자역.용마초등학교,10
20221231,광진구,05005,중곡동입구삼거리,9
20221231,광진구,05006,어린이대공원후문아차산역,8
20221231,광진구,05007,어린이대공원후문아차산역,11
20221231,광진구,05008,중곡동입구삼거리,10
20221231,광진구,05009,새밭교회,4
20221231,광진구,05010,새밭교회,4
20221231,광진구,05011,광나루역,4
20221231,광진구,05012,광나루역,4
20221231,광진구,05101,군자교,3
20221231,광진구,05102,군자교,3
20221231,광진구,05103,메리놀외방선교회,2
20221231,광진구,05104,메리놀외방선교회,3
20221231,광진구,05105,중곡1동주민센터입구,3
20221231,광진구,05106,중곡1동주민센터입구,2
20221231,광진구,05107,중곡1동사거리,3
20221231,광진구,05108,중곡1동사거리,2
20221231,광진구,05109,중마초등학교.중곡제일골목시장앞,2
20221231,광진구,05111,용마사거리,2
20221231,광진구,05112,중곡2동주민센터앞,4
20221231,광진구,05113,중곡2동주민센터앞,4
20221231,광진구,05114,중곡동성당앞,3
20221231,광진구,05115,종합의료복합단지,3
20221231,광진구,05116,중곡동종점,3
20221231,광진구,05117,중곡보건지소,2
20221231,광진구,05118,신성시장앞,4
20221231,광진구,05119,중곡우체국앞,2
20221231,광진구,05120,면곡시장,5
20221231,광진구,05121,면곡시장,4
20221231,광진구,05122,중곡아파트,4
20221231,광진구,05123,중곡아파트,4
20221231,광진구,05124,중마초등학교.중곡제일골목시장앞,4
20221231,광진구,05125,중곡역입구,2
20221231,광진구,05126,중곡역입구,4
20221231,광진구,05127,중곡3동주민센터앞,2
20221231,광진구,05128,중곡3동주민센터앞,4
20221231,광진구,05129,면곡시장앞,4
20221231,광진구,05130,면곡시장앞,2
20221231,광진구,05131,용암사입구,4
20221231,광진구,05132,용곡삼거리,3
20221231,광진구,05133,중곡역.국립정신건강센터,3
20221231,광진구,05134,대원고교앞,4
20221231,광진구,05135,용암사입구,2
20221231,광진구,05136,대원고교앞,2
20221231,광진구,05137,중곡동종점,2
20221231,광진구,05138,신성시장,2
20221231,광진구,05139,중곡동입구,3
20221231,광진구,05140,어린이대공원앞,9
20221231,광진구,05141,능동사거리.군자역,9
20221231,광진구,05142,구의사거리.광진소방서앞,3
20221231,광진구,05143,어린이회관,3
20221231,광진구,05144,구의사거리.광진소방서앞,2
20221231,광진구,05145,광진경찰서,10
20221231,광진구,05146,광진경찰서,5
20221231,광진구,05147,광진경찰서,3
20221231,광진구,05148,광진구청,10
20221231,광진구,05149,구의역2번출구,7
20221231,광진구,05150,래미안구의파크스위트,2
20221231,광진구,05151,구의2동주민센터입구,6
20221231,광진구,05152,구의2동주민센터입구,7
20221231,광진구,05153,구의사거리,8
20221231,광진구,05154,구의사거리,7
20221231,광진구,05155,래미안구의파크스위트,2
20221231,광진구,05156,현대아파트앞,16
20221231,광진구,05157,현대아파트앞,30
20221231,광진구,05158,광진우체국,4
20221231,광진구,05161,강변역A,9
20221231,광진구,05162,테크노마트앞.강변역,14
20221231,광진구,05163,현대2단지,2
20221231,광진구,05164,올림픽대교북단사거리,3
20221231,광진구,05165,올림픽대교북단사거리,3
20221231,광진구,05166,광장동현대아파트앞,18
20221231,광진구,05167,광장동현대아파트앞,27
20221231,광진구,05168,광나루역.극동아파트,27
20221231,광진구,05169,광나루역.극동아파트,24
20221231,광진구,05172,워커힐아파트.광장동,15
20221231,광진구,05173,워커힐아파트앞,16
20221231,광진구,05174,워커힐입구,16
20221231,광진구,05175,광진구청,10
20221231,광진구,05176,자양사거리,4
20221231,광진구,05177,자양사거리,4
20221231,광진구,05178,자양초등학교앞,4
20221231,광진구,05179,자양초등학교앞,4
20221231,광진구,05180,건국대학교앞,5
20221231,광진구,05183,자양미소약국.자양골목시장,4
20221231,광진구,05185,국민은행자양지점앞,4
20221231,광진구,05187,자양아파트앞,3
20221231,광진구,05188,자양동잠실대교북단,11
20221231,광진구,05189,신자초등학교앞,4
20221231,광진구,05190,자양미소약국.자양골목시장,4
20221231,광진구,05191,국민은행자양지점앞,4
20221231,광진구,05192,동서울우편집중국앞,8
20221231,광진구,05193,자양아파트앞,4
20221231,광진구,05194,자양동잠실대교북단,10
20221231,광진구,05199,구의역3번출구,7
20221231,광진구,05200,국민은행신자양지점,4
20221231,광진구,05201,신양초등학교앞,3
20221231,광진구,05202,신양초등학교앞,2
20221231,광진구,05203,뚝도변전소앞,5
20221231,광진구,05204,광진문화예술회관,6
20221231,광진구,05205,건국대학교앞,5
20221231,광진구,05209,신자초등학교앞,4
20221231,광진구,05210,자양우성아파트앞,3
20221231,광진구,05211,자양우성아파트앞,3
20221231,광진구,05212,자양고교앞,3
20221231,광진구,05213,자양고교앞,3
20221231,광진구,05214,대동아파트앞,5
20221231,광진구,05215,국민은행신자양지점,4
20221231,광진구,05216,노룬산시장,6
20221231,광진구,05217,건대입구역6번출구,7
20221231,광진구,05218,건대로데오거리입구,6
20221231,광진구,05219,노룬산시장앞,4
20221231,광진구,05220,영동대교북단,8
20221231,광진구,05221,노룬산시장앞,4
20221231,광진구,05222,신양초등학교앞,1
20221231,광진구,05223,자양4동주민센터앞,1
20221231,광진구,05224,성수사거리,3
20221231,광진구,05225,화양사거리,3
20221231,광진구,05226,광진광장,6
20221231,광진구,05227,어린이대공원역.화양천주교회,12
20221231,광진구,05228,서울화양초등학교,11
20221231,광진구,05229,건대입구역사거리.건대병원,10
20221231,광진구,05230,건대입구역1번출구,7
20221231,광진구,05231,어린이대공원역3번출구,2
20221231,광진구,05232,건대입구역사거리.건대병원,18
20221231,광진구,05233,어린이회관,2
20221231,광진구,05234,어린이대공원역.화양천주교회,12
20221231,광진구,05235,송정동서울숲아이파크,3
20221231,광진구,05236,송정동건영아파트,3
20221231,광진구,05237,군자교남단,1
20221231,광진구,05238,KEB.하나은행.군자동.지점,2
20221231,광진구,05239,KEB.하나은행.군자동.지점,3
20221231,광진구,05240,능동우편취급국,3
20221231,광진구,05241,군자삼거리,2
20221231,광진구,05242,군자삼거리,3
20221231,광진구,05243,세종초등학교.세종사이버대학교앞,3
20221231,광진구,05244,세종초교앞,3
20221231,광진구,05245,군자새마을금고.성동광진위센터,3
20221231,광진구,05246,군자새마을금고앞,3
20221231,광진구,05247,장안초등학교,3
20221231,광진구,05248,장안초등학교,3
20221231,광진구,05249,화양사거리,4
20221231,광진구,05250,광진광장,6
20221231,광진구,05251,어린이대공원앞.세종대학교,8
20221231,광진구,05252,능동교회앞,7
20221231,광진구,05253,능동사거리.군자역,8
20221231,광진구,05254,군자역먹자골목사거리,1
20221231,광진구,05255,군자동주민센터앞,1
20221231,광진구,05258,어린이대공원후문,2
20221231,광진구,05260,중곡동입구,3
20221231,광진구,05261,제일은행사거리,2
20221231,광진구,05262,동곡삼거리,1
20221231,광진구,05263,건대병원입구,2
20221231,광진구,05265,광진청소년수련관,10
20221231,광진구,05266,강변역B,11
20221231,광진구,05267,테크노마트앞.강변역,18
20221231,광진구,05268,중곡동성당,1
20221231,광진구,05269,종합의료복합단지,1
20221231,광진구,05270,중곡역.국립정신건강센터,1
20221231,광진구,05271,용곡삼거리,1
20221231,광진구,05272,구의3동주민센터,2
20221231,광진구,05273,구의3동주민센터,2
20221231,광진구,05298,광진구민체육센터,1
20221231,광진구,05299,광나루우편취급국,1
20221231,광진구,05500,중곡4동경로당입구앞,1
20221231,광진구,05501,중곡아파트.종점,1
20221231,광진구,05503,긴고랑종점,1
20221231,광진구,05504,정보도서관,1
20221231,광진구,05505,강원설비앞,1
20221231,광진구,05506,강원설비앞,1
20221231,광진구,05508,중앙상회앞,1
20221231,광진구,05509,한강호텔입구,1
20221231,광진구,05510,중곡4동경로당입구앞,1
20221231,광진구,05511,중곡아파트.기점,1
20221231,광진구,05512,구.새마을금고앞,1
20221231,광진구,05513,CU중곡긴고랑점앞,1
20221231,광진구,05514,광나루현대아파트,1
20221231,광진구,05515,긴고랑주차장,1
20221231,광진구,05517,신성시장입구,1
20221231,광진구,05518,중곡4동어린이집입구,1
20221231,광진구,05519,신동아아파트,1
20221231,광진구,05522,마을금고.브레드제과점,1
20221231,광진구,05523,긴고랑입구,1
20221231,광진구,05527,우리들약국,1
20221231,광진구,05528,광남고.삼성아파트,1
20221231,광진구,05531,해오름공원입구,1
20221231,광진구,05533,현대3차아파트,1
20221231,광진구,05535,기업은행.용마사거리,1
20221231,광진구,05536,기원정사입구,1
20221231,광진구,05537,찬양교회,1
20221231,광진구,05539,송림식당앞,1
20221231,광진구,05540,중곡우체국앞,2
20221231,광진구,05541,영화사입구,1
20221231,광진구,05542,군자역,1
20221231,광진구,05543,강변역.테크노마트앞,1
20221231,광진구,05544,자양중학교앞,1
20221231,광진구,05545,성안약국,1
20221231,광진구,05549,지영슈퍼,1
20221231,광진구,05550,구의역,1
20221231,광진구,05551,국민은행자양지점,1
20221231,광진구,05553,아차산역사거리,1
20221231,광진구,05554,중곡보건지소,2
20221231,광진구,05555,미니스톱구의중앙점앞,1
20221231,광진구,05556,영동대교입구.성수사거리,1
20221231,광진구,05558,선화예고앞,2
20221231,광진구,05559,긴고랑입구,1
20221231,광진구,05560,구의홈마트앞,1
20221231,광진구,05561,화양동현대아파트,1
20221231,광진구,05562,성자초등학교앞,1
20221231,광진구,05563,대진택시,2
20221231,광진구,05564,중곡4동어린이집입구,1
20221231,광진구,05565,래미안구의파크스위트사거리,1
20221231,광진구,05566,성수대우프레시아1차아파트,1
20221231,광진구,05569,CU중곡긴고랑점앞,1
20221231,광진구,05571,화양사거리SKV1센터,1
20221231,광진구,05572,행운슈퍼앞,1
20221231,광진구,05574,중앙상회앞,1
20221231,광진구,05576,한창주택,1
20221231,광진구,05578,광장중학교앞,1
20221231,광진구,05579,구의아크로리버앞,1
20221231,광진구,05580,구의역4번출구,2
20221231,광진구,05581,장신대앞,1
20221231,광진구,05582,강변역A,1
20221231,광진구,05584,워커힐아파트입구,1
20221231,광진구,05585,동서울호텔앞,1
20221231,광진구,05587,워커힐아파트,1
20221231,광진구,05588,한창주택,1
20221231,광진구,05589,행운슈퍼앞,1
20221231,광진구,05591,워커힐아파트입구,1
20221231,광진구,05594,구의역1번출구,2
20221231,광진구,05595,장신대앞,1
20221231,광진구,05596,성자초등학교앞,1
20221231,광진구,05597,광장중학교앞,1
20221231,광진구,05599,광진경찰서앞,2
20221231,광진구,05600,한전삼거리,1
20221231,광진구,05665,자양동,1
20221231,광진구,05666,자양동,1
20221231,광진구,05668,국민은행자양지점,1
20221231,광진구,05670,청구아파트앞,1
20221231,광진구,05671,광장자이아파트,1
20221231,광진구,05672,서울서광교회앞,2
20221231,광진구,05677,자양중학교앞,1
20221231,광진구,05679,래미안구의파크스위트사거리,1
20221231,광진구,05680,자양1파출소앞,1
20221231,광진구,05687,면곡시장,2
20221231,광진구,05690,동곡삼거리,2
20221231,광진구,05694,광진구의회,1
20221231,광진구,05695,광진구의회,1
20221231,광진구,05696,건대입구역,1
20221231,광진구,05697,건대입구역,1
20221231,광진구,05698,세종대학교,1
20221231,광진구,05699,세종대학교,1
20221231,광진구,05700,군자역,1
20221231,광진구,05701,군자역,1
20221231,광진구,05709,지영슈퍼,1
20221231,광진구,05710,미니스톱구의중앙점앞,1
20221231,광진구,05713,성안약국,1
20221231,광진구,05714,구의홈마트앞,1
20221231,광진구,05716,종로약국앞,1
20221231,광진구,05717,영화사입구,1
20221231,광진구,05718,구의역,1
20221231,광진구,05720,기원정사입구,1
20221231,광진구,05721,테크노마트.광진문화원,1
20221231,광진구,05723,해오름공원입구,1
20221231,광진구,05724,프라임아파트앞,1
20221231,광진구,05726,용마사거리,1
20221231,광진구,05727,우리들약국,1
20221231,광진구,05728,현대3.5차아파트,1
20221231,광진구,05731,마을금고앞,1
20221231,광진구,05732,광남고.삼성아파트,1
20221231,광진구,05733,자양종합복지관앞,1
20221231,광진구,05735,신성시장입구,1
20221231,광진구,05737,대순진리회앞.구.새마을금고,1
20221231,광진구,05739,대원외고앞,1
20221231,광진구,05740,광나루현대아파트,1
20221231,광진구,05741,중곡4동파출소,1
20221231,광진구,05742,한강호텔입구,1
20221231,광진구,05744,워커힐팰리스,1
20221231,광진구,05745,워커힐호텔비스타워커힐,1
20221231,광진구,05752,아차산역사거리,1
20221231,광진구,05755,중곡119안전센터,1
20221231,광진구,05757,구의3동주민센터,3
20221231,광진구,05900,뚝섬유원지,1
20221231,광진구,05901,건국대입구,1
20221231,광진구,05990,광장자이아파트,1
20221231,광진구,05991,용마초등학교,1
20221231,광진구,05992,한전삼거리,1
20221231,광진구,05993,청구아파트앞,1
20221231,광진구,05994,용마사거리.중곡동우체국,1
20221231,광진구,05999,강변역.테크노마트앞,1
20221231,동대문구,06001,답십리역사거리,7
20221231,동대문구,06002,청년회의소,10
20221231,동대문구,06003,장한평역,10
20221231,동대문구,06004,신답초등학교.청계한신휴플러스,7
20221231,동대문구,06005,신답초등학교.청계한신휴플러스,7
20221231,동대문구,06006,동대문구청,8
20221231,동대문구,06007,서울시동부병원,8
20221231,동대문구,06008,신설동역.서울풍물시장,9
20221231,동대문구,06009,중랑교,29
20221231,동대문구,06010,중랑교,30
20221231,동대문구,06011,삼육서울병원,30
20221231,동대문구,06012,삼육서울병원,30
20221231,동대문구,06013,시조사삼거리,30
20221231,동대문구,06014,떡전교사거리.동대문노인복지관,22
20221231,동대문구,06015,청량리역환승센타,24
20221231,동대문구,06016,청량리역환승센타,16
20221231,동대문구,06017,동대문구청,7
20221231,동대문구,06018,청량리역환승센터,9
20221231,동대문구,06019,청량리역환승센터,11
20221231,동대문구,06020,청량리역환승센터,5
20221231,동대문구,06021,청량리미주아파트.동대문세무서,23
20221231,동대문구,06022,청량리.청과물도매시장,21
20221231,동대문구,06023,제기동역.서울약령시,20
20221231,동대문구,06024,제기동역.서울약령시,20
20221231,동대문구,06025,용두동사거리,17
20221231,동대문구,06026,용두동사거리.한국의류시험연구원,15
20221231,동대문구,06027,신설동역,15
20221231,동대문구,06028,신설동역,13
20221231,동대문구,06101,신설동역,4
20221231,동대문구,06102,신설동역,3
20221231,동대문구,06103,용두동한국의류시험연구원,2
20221231,동대문구,06104,용두로타리한국의류시험연구원,1
20221231,동대문구,06105,제기역약령시장,1
20221231,동대문구,06106,제기역약령시장,1
20221231,동대문구,06107,신설동역1번출구,10
20221231,동대문구,06112,청량리미주상가앞,15
20221231,동대문구,06113,서울성심병원,6
20221231,동대문구,06114,서울성심병원,39
20221231,동대문구,06115,시조사,7
20221231,동대문구,06117,휘경동입구,23
20221231,동대문구,06118,삼육서울병원,2
20221231,동대문구,06121,중랑교,2
20221231,동대문구,06122,회기시장,6
20221231,동대문구,06123,회기시장,6
20221231,동대문구,06124,경희중고,6
20221231,동대문구,06125,경희중고,6
20221231,동대문구,06126,외대앞,6
20221231,동대문구,06127,외대앞,6
20221231,동대문구,06128,이문동우체국,5
20221231,동대문구,06129,이문동교회,5
20221231,동대문구,06130,의릉입구,5
20221231,동대문구,06131,의릉입구,5
20221231,동대문구,06132,한천로쌍용아파트앞,3
20221231,동대문구,06133,한천로쌍용아파트앞,3
20221231,동대문구,06134,이문동삼익아파트,3
20221231,동대문구,06135,이문동삼익아파트,2
20221231,동대문구,06136,동일스위트리버아파트.휘봉고교,4
20221231,동대문구,06137,휘경유수지견인차고지앞,3
20221231,동대문구,06140,서울준법지원센터.동성빌라,4
20221231,동대문구,06141,서울준법지원센터.동성빌라,5
20221231,동대문구,06142,휘경여중고휘경주공아파트앞,6
20221231,동대문구,06143,휘경여중고휘경주공아파트,7
20221231,동대문구,06144,장안동현대아파트앞,8
20221231,동대문구,06145,전곡시장앞,4
20221231,동대문구,06146,전곡시장앞,3
20221231,동대문구,06147,답십리촬영소.우성그린아파트,4
20221231,동대문구,06148,촬영소사거리.우성그린아파트,3
20221231,동대문구,06149,풍안시장.동답초교,3
20221231,동대문구,06150,동답한신동아아파트,5
20221231,동대문구,06151,동답한신동아아파트,3
20221231,동대문구,06152,동아.위더스빌아파트,3
20221231,동대문구,06153,동아.위더스빌아파트,5
20221231,동대문구,06154,하나은행장안동지점,3
20221231,동대문구,06155,장한평,3
20221231,동대문구,06156,청년회의소앞,1
20221231,동대문구,06157,고미술상가,3
20221231,동대문구,06158,답십리역.동부시장,4
20221231,동대문구,06159,신답역앞,5
20221231,동대문구,06160,동대문구청.용두역4번출구,3
20221231,동대문구,06161,용두역,5
20221231,동대문구,06162,용두동신동아아파트,7
20221231,동대문구,06163,동대문우체국.서울풍물시장,6
20221231,동대문구,06164,동대문구청.용두역3번출구,4
20221231,동대문구,06165,동대문구청.용신동주민센터,5
20221231,동대문구,06166,동대문구청.용신동주민센터,6
20221231,동대문구,06167,경동시장앞,9
20221231,동대문구,06168,제기동주민센터.서울약령시앞,7
20221231,동대문구,06169,경동시장,6
20221231,동대문구,06170,홍파초등학교,6
20221231,동대문구,06171,홍파초등학교,9
20221231,동대문구,06172,제기동한신아파트앞,7
20221231,동대문구,06173,고려대역.고대앞삼거리,7
20221231,동대문구,06174,고려대역.고대앞삼거리,9
20221231,동대문구,06175,고려대학교앞,12
20221231,동대문구,06176,우신향병원,8
20221231,동대문구,06177,안암오거리,7
20221231,동대문구,06178,대광고등학교앞,7
20221231,동대문구,06179,종암초등학교앞,3
20221231,동대문구,06180,용두시장앞,2
20221231,동대문구,06181,용두시장앞,3
20221231,동대문구,06182,서울시동부병원,6
20221231,동대문구,06183,서울시동부병원,5
20221231,동대문구,06184,동아제약앞,4
20221231,동대문구,06185,동아제약앞,4
20221231,동대문구,06186,떡전교앞,7
20221231,동대문구,06187,떡전교앞,9
20221231,동대문구,06188,서울시립대입구,6
20221231,동대문구,06189,서울시립대학교앞,8
20221231,동대문구,06190,서울시동부교육지원청.해성국제컨벤션고교,6
20221231,동대문구,06191,전농로터리시장.동부교육지원청,8
20221231,동대문구,06192,전농우체국앞,6
20221231,동대문구,06193,전농우체국앞,4
20221231,동대문구,06194,청솔우성아파트.답십리시장,4
20221231,동대문구,06195,청솔우성아파트.답십리시장,6
20221231,동대문구,06196,답십리2동시온교회앞,4
20221231,동대문구,06197,답십리1동희망샘교회앞,4
20221231,동대문구,06198,답십리초등학교.현대시장,4
20221231,동대문구,06199,답십리초등학교앞,4
20221231,동대문구,06200,답십리역사거리,3
20221231,동대문구,06201,황물로사거리,4
20221231,동대문구,06202,답십리1동주민센터.래미안위브,4
20221231,동대문구,06203,답십리1동주민센터.래미안위브,5
20221231,동대문구,06204,동대문중학교,6
20221231,동대문구,06205,동대문중학교,6
20221231,동대문구,06206,전농래미안크레시티아파트,6
20221231,동대문구,06207,대한노인회동대문구지회,6
20221231,동대문구,06208,전농사거리,5
20221231,동대문구,06209,전농사거리,5
20221231,동대문구,06210,배봉초등학교.전농우성아파트,5
20221231,동대문구,06211,배봉초등학교.전농우성아파트,4
20221231,동대문구,06212,장안2동주민센터,8
20221231,동대문구,06213,장안2동주민센터,7
20221231,동대문구,06214,장안교앞,8
20221231,동대문구,06215,장안교은석초등학교,6
20221231,동대문구,06216,청량리역6번출구,4
20221231,동대문구,06217,청량리역6번출구,3
20221231,동대문구,06218,롯데캐슬노블레스,4
20221231,동대문구,06219,전농시장앞,3
20221231,동대문구,06220,래미안크레시티.답십리도서관,4
20221231,동대문구,06221,동대문구답십리도서관앞,3
20221231,동대문구,06222,답십리래미안위브아파트,2
20221231,동대문구,06223,답십리래미안미드카운티,2
20221231,동대문구,06224,답십리종합상가,2
20221231,동대문구,06225,답십리2동두산아파트,5
20221231,동대문구,06226,한양아파트.청솔우성아파트후문,3
20221231,동대문구,06227,답십리2동한양아파트앞,5
20221231,동대문구,06228,답십리2동한양아파트앞,3
20221231,동대문구,06229,동답한신.대림아파트동대문체육관,5
20221231,동대문구,06230,촬영소사거리.동답초등학교,4
20221231,동대문구,06231,촬영소사거리.세양청마루아파트앞,3
20221231,동대문구,06232,동대문구.성동구선거관리위원회,4
20221231,동대문구,06233,동대문구.성동구선거관리위원회,3
20221231,동대문구,06234,장안사거리,3
20221231,동대문구,06235,국민은행장안동지점,3
20221231,동대문구,06236,국민은행장안동지점,4
20221231,동대문구,06237,장안동근린공원,3
20221231,동대문구,06238,장안동근린공원,4
20221231,동대문구,06239,동대문더퍼스트데시앙아파트,3
20221231,동대문구,06240,NH농협장안평지점,4
20221231,동대문구,06241,코리아병원,3
20221231,동대문구,06242,새서울병원,4
20221231,동대문구,06243,장안동삼성쉐르빌아파트,3
20221231,동대문구,06244,장안동삼성쉐르빌아파트,3
20221231,동대문구,06245,(구)경남호텔앞,3
20221231,동대문구,06246,현대벤처빌.현대썬앤빌,3
20221231,동대문구,06247,현대벤처빌,3
20221231,동대문구,06248,우리은행장안지점앞,3
20221231,동대문구,06249,우리은행장안지점앞,3
20221231,동대문구,06250,북한연구소앞,3
20221231,동대문구,06251,장한평역,2
20221231,동대문구,06252,장한평역,3
20221231,동대문구,06253,신이문역,3
20221231,동대문구,06254,이문동현대아파트앞,4
20221231,동대문구,06255,이문동현대아파트,4
20221231,동대문구,06256,휘경2동주민센터,2
20221231,동대문구,06257,휘경2동주민센터,2
20221231,동대문구,06258,동부아동상담소.동국대부속중고,2
20221231,동대문구,06259,장안삼성래미안2차아파트,2
20221231,동대문구,06260,장안삼성래미안2차아파트.성복교회,2
20221231,동대문구,06261,장안현대홈타운아파트앞,1
20221231,동대문구,06262,구민회관앞,2
20221231,동대문구,06263,파라브아파트,2
20221231,동대문구,06264,장안현대홈타운상가,1
20221231,동대문구,06265,장안현대홈타운앞,2
20221231,동대문구,06266,장안치안센터,1
20221231,동대문구,06267,장안치안센터,1
20221231,동대문구,06268,장평중학교,1
20221231,동대문구,06269,회기역종점,1
20221231,동대문구,06270,경희대입구,4
20221231,동대문구,06271,경희대입구,2
20221231,동대문구,06272,서울바이오허브.농촌경제연구원,3
20221231,동대문구,06273,서울바이오허브.농촌경제연구원,2
20221231,동대문구,06274,한국과학기술원.홍릉초등학교,2
20221231,동대문구,06275,한국과학기술원.홍릉초등학교,3
20221231,동대문구,06276,국방연구원,2
20221231,동대문구,06277,국방연구원,3
20221231,동대문구,06278,세종대왕기념관,2
20221231,동대문구,06279,세종대왕기념관,2
20221231,동대문구,06280,영휘원사거리.(구)홍릉사거리,10
20221231,동대문구,06281,영휘원사거리.(구)홍릉사거리,4
20221231,동대문구,06282,동대문경찰서,9
20221231,동대문구,06283,동대문경찰서,5
20221231,동대문구,06284,현대코아,3
20221231,동대문구,06285,현대코아,21
20221231,동대문구,06286,동대문중앙새마을금고,2
20221231,동대문구,06287,동대문중앙새마을금고,7
20221231,동대문구,06288,제기동주민센터앞,1
20221231,동대문구,06289,제기동한신아파트,2
20221231,동대문구,06290,제기시장,1
20221231,동대문구,06291,제기시장,2
20221231,동대문구,06293,외대역앞,1
20221231,동대문구,06294,외대역앞,1
20221231,동대문구,06295,이경시장,1
20221231,동대문구,06297,청랑리한신아파트.청량사입구,13
20221231,동대문구,06298,전동초등학교.전농동SK아파트,5
20221231,동대문구,06299,벽산아파트,1
20221231,동대문구,06300,제기동천주교회,1
20221231,동대문구,06301,이문동쌍용아파트,2
20221231,동대문구,06302,이문동쌍용아파트,2
20221231,동대문구,06303,이문1동주민센터,1
20221231,동대문구,06304,전동초등학교.전농동SK아파트,5
20221231,동대문구,06308,한국산업인력공단서울지역본부,2
20221231,동대문구,06309,휘경공고휘경주공아파트,3
20221231,동대문구,06310,e편한세상청계센트럴포레아파트,4
20221231,동대문구,06311,한천로입구,1
20221231,동대문구,06313,래미안장안1차아파트앞,1
20221231,동대문구,06314,장평중학교앞,1
20221231,동대문구,06315,청량리미주상가앞,5
20221231,동대문구,06316,동대문구청.용두역,2
20221231,동대문구,06318,종로사약국,1
20221231,동대문구,06320,회기동현대아파트,6
20221231,동대문구,06321,우산빌딩앞,6
20221231,동대문구,06322,배봉산입구,6
20221231,동대문구,06324,면곡시장,1
20221231,동대문구,06330,동부아파트,2
20221231,동대문구,06335,자동차부품상가,1
20221231,동대문구,06349,청랑리한신아파트.청량사입구,2
20221231,동대문구,06356,장안동삼성쉐르빌아파트앞,4
20221231,동대문구,06357,동대문노인종합복지관,2
20221231,동대문구,06358,쌍용아파트,3
20221231,동대문구,06359,쌍용아파트,2
20221231,동대문구,06416,삼육서울병원,1
20221231,동대문구,06417,동일스위트리버앞.휘봉고교,5
20221231,동대문구,06418,청량리수산시장,7
20221231,동대문구,06419,휘봉초등학교,1
20221231,동대문구,06422,휘경미소지움아파트,3
20221231,동대문구,06423,휘경공고.휘경주공아파트,2
20221231,동대문구,06424,용두동신동아아파트,1
20221231,동대문구,06426,청량리수산시장,18
20221231,동대문구,06500,답십리역,1
20221231,동대문구,06501,가든아파트.수사연구소,1
20221231,동대문구,06502,회기역,2
20221231,동대문구,06503,농협답십리역지점,1
20221231,동대문구,06504,동일하이빌.현대베스트빌아파트,1
20221231,동대문구,06505,동안교회,1
20221231,동대문구,06506,경희대입구,1
20221231,동대문구,06507,청계한신휴플러스,4
20221231,동대문구,06509,경희중고,1
20221231,동대문구,06510,경희대의료원,1
20221231,동대문구,06511,한신휴플러스정문,1
20221231,동대문구,06513,경희맨션,1
20221231,동대문구,06515,동아아파트,1
20221231,동대문구,06517,미니슈퍼,1
20221231,동대문구,06519,전농119안전센터,1
20221231,동대문구,06521,외대.경희대후문,1
20221231,동대문구,06523,전농1동치안센터,1
20221231,동대문구,06524,휘경여중고.휘경주공아파트,1
20221231,동대문구,06526,신성미소지움아파트,1
20221231,동대문구,06528,삼성래미안,1
20221231,동대문구,06530,청량리소화물취급소,1
20221231,동대문구,06533,영광빌딩,1
20221231,동대문구,06535,새마을금고앞,1
20221231,동대문구,06537,시립대입구,1
20221231,동대문구,06539,외대앞역,1
20221231,동대문구,06543,새마을금고앞,1
20221231,동대문구,06546,회기역종점,1
20221231,동대문구,06556,외대.경희대후문,1
20221231,동대문구,06557,신설동역1번출구,1
20221231,동대문구,06560,미니슈퍼,1
20221231,동대문구,06564,딩동슈퍼,1
20221231,동대문구,06567,경희중고,1
20221231,동대문구,06570,동안교회,1
20221231,동대문구,06572,동대부고.은석초교앞,1
20221231,동대문구,06575,서울시립대,1
20221231,동대문구,06576,영광빌딩,1
20221231,동대문구,06577,청량리소화물취급소,1
20221231,동대문구,06578,신성미소지움아파트,1
20221231,동대문구,06579,전농1동치안센터,1
20221231,동대문구,06580,동대문해병전우회,1
20221231,동대문구,06581,태양어린이.동아아파트,1
20221231,동대문구,06582,한신휴플러스후문,1
20221231,동대문구,06583,신답역,1
20221231,동대문구,06584,장미예식장,1
20221231,동대문구,06585,동부자동차매매시장,1
20221231,동대문구,06586,답십리역.경우회매장입구,1
20221231,동대문구,06587,답십리쌍마사거리,1
20221231,동대문구,06588,부속상가,1
20221231,동대문구,06591,고려대역3번출구,2
20221231,동대문구,06594,의료원입구사거리,1
20221231,동대문구,06595,삼육서울병원,1
20221231,동대문구,06626,장안삼거리,1
20221231,동대문구,06628,장안사거리삼성래미안,1
20221231,동대문구,06629,장안사거리삼성래미안,1
20221231,동대문구,06631,장한평역,1
20221231,동대문구,06755,청량리역,1
20221231,동대문구,06756,서울시립대입구,1
20221231,동대문구,06757,전농로터리시장,1
20221231,동대문구,06758,신답역,1
20221231,동대문구,06768,장안삼거리,1
20221231,동대문구,06774,신설동로터리.서울풍물시장,2
20221231,동대문구,06775,경동시장앞,5
20221231,동대문구,06776,경동시장사거리,6
20221231,동대문구,06777,경남관광호텔,1
20221231,동대문구,06778,경남관광호텔,1
20221231,동대문구,06779,동답초교.대림아파트,5
20221231,동대문구,06780,정화여자중.상업고등학교,2
20221231,동대문구,06781,정화여자중.상업고등학교,1
20221231,동대문구,06999,동대문노인종합복지관,7
20221231,중랑구,07001,망우역.상봉터미널,26
20221231,중랑구,07002,망우역.상봉터미널,27
20221231,중랑구,07003,상봉역.중랑우체국,26
20221231,중랑구,07004,상봉역.중랑우체국,25
20221231,중랑구,07005,중랑역.동부시장,26
20221231,중랑구,07006,중랑역.동부시장,26
20221231,중랑구,07007,망우역.망우지구대,28
20221231,중랑구,07008,망우역.망우지구대,28
20221231,중랑구,07009,우림시장.망우사거리,24
20221231,중랑구,07010,우림시장.망우사거리,25
20221231,중랑구,07011,금란교회,18
20221231,중랑구,07012,금란교회,18
20221231,중랑구,07013,동부제일병원.망우리공원,10
20221231,중랑구,07014,동부제일병원.망우리공원,16
20221231,중랑구,07101,극동늘푸른아파트,3
20221231,중랑구,07102,묵동자이.신도브래뉴아파트,5
20221231,중랑구,07103,묵동삼거리.먹골역,4
20221231,중랑구,07104,먹골역.묵동자이아파트,6
20221231,중랑구,07105,한국전력동부지사,6
20221231,중랑구,07106,한국전력동부지사,6
20221231,중랑구,07107,지하철7호선중화역,7
20221231,중랑구,07108,지하철7호선중화역,7
20221231,중랑구,07109,국민은행중화동지점,6
20221231,중랑구,07110,중화동한신아파트,6
20221231,중랑구,07111,상봉2동복합청사.도서관,5
20221231,중랑구,07112,상봉2동복합청사.도서관,5
20221231,중랑구,07113,면목2동주민센터,6
20221231,중랑구,07114,중목초등학교,5
20221231,중랑구,07115,면목2동,6
20221231,중랑구,07116,면목2동,5
20221231,중랑구,07117,면목5동주민센터,6
20221231,중랑구,07118,장안시장,6
20221231,중랑구,07119,면목신우아파트,3
20221231,중랑구,07120,면목신우아파트,3
20221231,중랑구,07121,면목119안전센터,5
20221231,중랑구,07122,경남아너스빌아파트앞,5
20221231,중랑구,07123,늘푸른동아아파트,5
20221231,중랑구,07124,중랑역동부시장1,1
20221231,중랑구,07125,중랑역.동부시장1,1
20221231,중랑구,07128,한샘교회,1
20221231,중랑구,07129,국민은행망우동지점,7
20221231,중랑구,07130,지하철7호선상봉역,1
20221231,중랑구,07131,국민은행망우동지점,5
20221231,중랑구,07132,지하철7호선상봉역,1
20221231,중랑구,07133,망우역,1
20221231,중랑구,07134,망우역,3
20221231,중랑구,07135,망우지구대,5
20221231,중랑구,07137,하나은행망우동지점,2
20221231,중랑구,07140,금란교회앞,2
20221231,중랑구,07141,금란교회앞,2
20221231,중랑구,07143,망우동고개,10
20221231,중랑구,07144,서울우유앞,2
20221231,중랑구,07145,서울우유앞,3
20221231,중랑구,07146,중랑초등학교,1
20221231,중랑구,07147,중랑초등학교,1
20221231,중랑구,07148,동부시장남문입구,1
20221231,중랑구,07149,동부시장남문입구,2
20221231,중랑구,07150,88병원,1
20221231,중랑구,07151,상봉2동주민센터,1
20221231,중랑구,07152,서울창업카페상봉점,1
20221231,중랑구,07153,서울창업카페상봉점,2
20221231,중랑구,07154,면목6거리,3
20221231,중랑구,07155,면목6거리,2
20221231,중랑구,07156,상봉신협,2
20221231,중랑구,07157,상봉신협,3
20221231,중랑구,07158,상봉터미널입구,1
20221231,중랑구,07159,상봉터미널입구,2
20221231,중랑구,07160,혜원여중고입구,2
20221231,중랑구,07161,혜원여중고입구,2
20221231,중랑구,07162,봉우재고개,2
20221231,중랑구,07163,봉우재고개,2
20221231,중랑구,07164,우림시장,2
20221231,중랑구,07165,우림시장,2
20221231,중랑구,07166,지하철7호선상봉역,6
20221231,중랑구,07167,지하철7호선상봉역,7
20221231,중랑구,07168,면목초등학교,6
20221231,중랑구,07169,면목초등학교,6
20221231,중랑구,07170,지하철7호선면목역,6
20221231,중랑구,07171,지하철7호선면목역,6
20221231,중랑구,07172,면목본동주민센터.면목정보도서관,6
20221231,중랑구,07173,면목본동주민센터.면목정보도서관,6
20221231,중랑구,07174,면동초등학교,6
20221231,중랑구,07175,면동초등학교,6
20221231,중랑구,07176,면목우체국.녹색병원,6
20221231,중랑구,07177,면목우체국.녹색병원,6
20221231,중랑구,07178,지하철7호선사가정역,6
20221231,중랑구,07179,지하철7호선사가정역,6
20221231,중랑구,07180,면목시장,6
20221231,중랑구,07181,면남초등학교,6
20221231,중랑구,07182,면남초등학교,6
20221231,중랑구,07183,방약국앞,6
20221231,중랑구,07184,방약국앞,6
20221231,중랑구,07185,중곡초등학교,5
20221231,중랑구,07186,중곡초등학교,5
20221231,중랑구,07187,삼용사입구,2
20221231,중랑구,07188,삼용사입구,2
20221231,중랑구,07189,용마공원입구,4
20221231,중랑구,07190,용마공원입구,4
20221231,중랑구,07191,면일초등학교,4
20221231,중랑구,07192,우리은행망우동지점,4
20221231,중랑구,07193,서일대학교,4
20221231,중랑구,07194,서일대학교,4
20221231,중랑구,07195,용마문화복지센터,5
20221231,중랑구,07196,용마문화복지센터,4
20221231,중랑구,07197,중화중학교.면목고등학교,4
20221231,중랑구,07198,중화중학교.다문화가족지원센터,4
20221231,중랑구,07199,면중초등학교,4
20221231,중랑구,07200,면중초등학교,4
20221231,중랑구,07201,한양수자인사가정파크,3
20221231,중랑구,07203,면목동금호어울림아파트,4
20221231,중랑구,07204,면목동금호어울림아파트,4
20221231,중랑구,07205,면목동대원칸타빌아파트,4
20221231,중랑구,07206,용마폭포공원,4
20221231,중랑구,07207,용마폭포공원,4
20221231,중랑구,07208,용마산역,4
20221231,중랑구,07209,용마산역,4
20221231,중랑구,07210,용마산하늘채아파트,4
20221231,중랑구,07211,용마산하늘채아파트,4
20221231,중랑구,07212,묵동구길,4
20221231,중랑구,07213,묵동구길,7
20221231,중랑구,07214,묵1동주민센터입구.먹골역,3
20221231,중랑구,07215,묵1동주민센터입구.먹골역,5
20221231,중랑구,07216,신성은하수아파트,2
20221231,중랑구,07217,신성은하수아파트,1
20221231,중랑구,07218,면목2동한신아파트,2
20221231,중랑구,07219,면목2동한신아파트,1
20221231,중랑구,07220,면목5동,1
20221231,중랑구,07221,면목5동,2
20221231,중랑구,07222,동서그랜드맨션,4
20221231,중랑구,07223,동서그랜드맨션,4
20221231,중랑구,07224,하나은행면목지점,5
20221231,중랑구,07225,하나은행면목지점,5
20221231,중랑구,07226,면목복개천,4
20221231,중랑구,07227,면목복개천,4
20221231,중랑구,07228,지하철7호선면목역,4
20221231,중랑구,07229,면목역,4
20221231,중랑구,07230,농협앞,5
20221231,중랑구,07231,농협앞,5
20221231,중랑구,07232,혜원여중고후문,4
20221231,중랑구,07233,혜원여중고후문,4
20221231,중랑구,07234,면목마젤란아파트,1
20221231,중랑구,07235,면목마젤란아파트,1
20221231,중랑구,07236,녹색병원입구,1
20221231,중랑구,07237,녹색병원입구,1
20221231,중랑구,07238,면목두산아파트1차,1
20221231,중랑구,07239,면목두산아파트1차,1
20221231,중랑구,07240,면목두산아파트4.5단지,2
20221231,중랑구,07241,면목두산아파트4.5단지,2
20221231,중랑구,07242,사가정센트럴아이파크아파트,9
20221231,중랑구,07243,홈플러스면목동점,8
20221231,중랑구,07244,면목두산아파트2차,9
20221231,중랑구,07245,면목두산아파트2차,9
20221231,중랑구,07246,사가정역,9
20221231,중랑구,07247,사가정역,6
20221231,중랑구,07248,사가정시장,3
20221231,중랑구,07249,사가정시장,3
20221231,중랑구,07250,용마산교차로,2
20221231,중랑구,07251,중화2동주민센터,5
20221231,중랑구,07252,중화2동주민센터,6
20221231,중랑구,07253,지하철7호선중화역3번출구,4
20221231,중랑구,07254,지하철7호선중화역3번출구,4
20221231,중랑구,07255,지하철7호선중화역2번출구,4
20221231,중랑구,07256,지하철7호선중화역2번출구,4
20221231,중랑구,07257,중흥초등학교,4
20221231,중랑구,07258,중흥초등학교,4
20221231,중랑구,07259,이화연립경동제일교회앞,4
20221231,중랑구,07260,이화연립경동제일교회앞,4
20221231,중랑구,07261,쌍용아파트신내테크노타운앞,6
20221231,중랑구,07262,쌍용아파트신내테크노타운앞,7
20221231,중랑구,07263,엘지아파트앞,6
20221231,중랑구,07264,엘지아파트앞,7
20221231,중랑구,07265,신현중학교,6
20221231,중랑구,07266,신현중학교,7
20221231,중랑구,07267,중랑구청,6
20221231,중랑구,07268,중랑구청,7
20221231,중랑구,07269,동성프라자앞,4
20221231,중랑구,07270,동성프라자앞,4
20221231,중랑구,07271,성원아파트경남아너스빌앞,8
20221231,중랑구,07272,성원아파트경남아너스빌앞,7
20221231,중랑구,07273,중랑구청사거리,8
20221231,중랑구,07274,중랑구청사거리,6
20221231,중랑구,07275,신내동성3차아파트,9
20221231,중랑구,07276,신내동성1.2차아파트,9
20221231,중랑구,07277,신내10단지아파트,9
20221231,중랑구,07278,신내9단지아파트,9
20221231,중랑구,07279,신내8단지아파트.서울의료원,9
20221231,중랑구,07280,신내9단지아파트.서울의료원,10
20221231,중랑구,07281,신내7단지아파트홈플러스,6
20221231,중랑구,07282,신내7단지아파트홈플러스,6
20221231,중랑구,07283,봉화초등학교,1
20221231,중랑구,07284,봉화초등학교,2
20221231,중랑구,07285,신내6단지아파트.옹기테마공원,1
20221231,중랑구,07286,신내6단지,5
20221231,중랑구,07287,신내6단지아파트.옹기테마공원,1
20221231,중랑구,07288,신내우체국.5단지두산대림아파트,5
20221231,중랑구,07289,신내우체국.5단지두산대림아파트,5
20221231,중랑구,07290,구립도서관체육관,4
20221231,중랑구,07291,구립도서관체육관,4
20221231,중랑구,07292,신내4단지아파트,5
20221231,중랑구,07293,신내4단지아파트,5
20221231,중랑구,07294,지하철6호선화랑대역,7
20221231,중랑구,07295,지하철6호선화랑대역,6
20221231,중랑구,07296,봉화산역2번출구,9
20221231,중랑구,07297,봉화산역3번출구,9
20221231,중랑구,07298,중랑경찰서후문,8
20221231,중랑구,07299,새우개마을,7
20221231,중랑구,07300,신내능마을,9
20221231,중랑구,07301,신내능마을,7
20221231,중랑구,07302,신내교회.신내데시앙아파트,10
20221231,중랑구,07303,신내교회.신내데시앙아파트,10
20221231,중랑구,07304,신내초등학교,10
20221231,중랑구,07305,신내새한아파트앞,10
20221231,중랑구,07306,능산지하차도,9
20221231,중랑구,07307,능산지하차도,8
20221231,중랑구,07308,상봉터미널,4
20221231,중랑구,07309,상봉터미널,4
20221231,중랑구,07310,망우3동주민센터.혜원여중고후문,2
20221231,중랑구,07311,망우3동주민센터.혜원여중고후문,2
20221231,중랑구,07312,동원시장,2
20221231,중랑구,07313,동원시장,2
20221231,중랑구,07314,면목본동파출소,2
20221231,중랑구,07315,면목본동파출소,2
20221231,중랑구,07316,중화2동체육공원,2
20221231,중랑구,07317,중화빗물펌프장,1
20221231,중랑구,07318,중화2동새마을금고,1
20221231,중랑구,07319,중화2동새마을금고,2
20221231,중랑구,07320,중랑교동부시장,1
20221231,중랑구,07321,중랑교동부시장,2
20221231,중랑구,07324,아남리치카운티아파트,1
20221231,중랑구,07325,망우동고개,4
20221231,중랑구,07327,망우금호어울림아파트,5
20221231,중랑구,07328,망우동금호어울림아파트,4
20221231,중랑구,07329,경남아파트,5
20221231,중랑구,07330,서울특별시북부병원,4
20221231,중랑구,07331,양원역입구,5
20221231,중랑구,07332,양원역입구,4
20221231,중랑구,07333,양원리,5
20221231,중랑구,07334,양원리,5
20221231,중랑구,07335,동서울교회,5
20221231,중랑구,07336,동서울교회,5
20221231,중랑구,07337,중랑공영차고지,17
20221231,중랑구,07346,면목아남아파트,1
20221231,중랑구,07347,중랑소방서,6
20221231,중랑구,07348,세방아파트입구,1
20221231,중랑구,07349,원묵고등학교,1
20221231,중랑구,07350,먹골파출소.신안아파트입구,1
20221231,중랑구,07351,먹골파출소.신안아파트입구,1
20221231,중랑구,07352,신안2차아파트,1
20221231,중랑구,07353,신안2차아파트입구,1
20221231,중랑구,07354,중랑소방서,6
20221231,중랑구,07355,송곡여고양원역,1
20221231,중랑구,07356,송곡여고양원역,1
20221231,중랑구,07357,엘림재가방문요양센터,1
20221231,중랑구,07358,엘림재가방문요양센터,1
20221231,중랑구,07359,이화미디어고.중랑숲어린이도서관,1
20221231,중랑구,07360,이화미디어고.중랑숲어린이도서관,1
20221231,중랑구,07361,금란교회,1
20221231,중랑구,07362,금란교회,1
20221231,중랑구,07363,망우사거리,1
20221231,중랑구,07364,망우사거리,1
20221231,중랑구,07365,국민은행망우동지점,1
20221231,중랑구,07366,국민은행망우동지점,1
20221231,중랑구,07367,신내6단지아파트,5
20221231,중랑구,07369,이수아파트앞시장입구,1
20221231,중랑구,07370,이수아파트앞시장입구,1
20221231,중랑구,07371,묵동교,1
20221231,중랑구,07372,묵동교,1
20221231,중랑구,07373,동양쇼핑,2
20221231,중랑구,07375,우리은행,2
20221231,중랑구,07376,목동교입구.로프트원오피스텔,1
20221231,중랑구,07377,한국아파트,1
20221231,중랑구,07378,동구햇살아파트,1
20221231,중랑구,07379,묵동롯데시네마,1
20221231,중랑구,07380,묵동롯데시네마,2
20221231,중랑구,07381,브라운캐슬,1
20221231,중랑구,07382,브라운캐슬,1
20221231,중랑구,07383,먹골역입구,1
20221231,중랑구,07384,먹골역입구,1
20221231,중랑구,07385,묵2동주민센터,1
20221231,중랑구,07386,묵2동주민센터,1
20221231,중랑구,07387,금보당금은방,1
20221231,중랑구,07388,금보당금은방,1
20221231,중랑구,07389,신묵초등학교입구,1
20221231,중랑구,07390,신묵초등학교,1
20221231,중랑구,07391,제일시장,1
20221231,중랑구,07392,제일프라자,1
20221231,중랑구,07393,신동신약국,1
20221231,중랑구,07394,신동신약국,1
20221231,중랑구,07395,중화역입구대원사약국,2
20221231,중랑구,07396,중화역입구대원사입구,1
20221231,중랑구,07397,태릉시장입구,2
20221231,중랑구,07398,태릉프라자약국농협,1
20221231,중랑구,07399,태릉시장입구굴다리,1
20221231,중랑구,07401,우남푸르미아아파트,1
20221231,중랑구,07402,우남푸르미아아파트,1
20221231,중랑구,07403,신내초등학교,1
20221231,중랑구,07404,신내초등학교,1
20221231,중랑구,07405,경남아파트,1
20221231,중랑구,07406,대명프라자,1
20221231,중랑구,07407,건영아파트,1
20221231,중랑구,07408,상봉1동주민센터,5
20221231,중랑구,07409,상봉1동주민센터,4
20221231,중랑구,07410,신내쌍용아파트,5
20221231,중랑구,07411,신내쌍용아파트,4
20221231,중랑구,07415,면목두산아파트2.3단지,2
20221231,중랑구,07417,망우역,2
20221231,중랑구,07418,중랑공영차고지.신내역,18
20221231,중랑구,07420,서울특별시북부병원,1
20221231,중랑구,07421,양원역,1
20221231,중랑구,07422,성은교회앞,2
20221231,중랑구,07424,해모로아파트앞,1
20221231,중랑구,07425,먹골역,6
20221231,중랑구,07426,먹골역,6
20221231,중랑구,07427,중화2동체육공원,1
20221231,중랑구,07429,태릉고등학교앞,1
20221231,중랑구,07430,태릉고등학교.원묵초등학교,5
20221231,중랑구,07431,태릉고등학교.원묵초등학교,4
20221231,중랑구,07432,서울의료원후문,8
20221231,중랑구,07433,서울의료원후문,8
20221231,중랑구,07434,신내데시앙아파트후문,8
20221231,중랑구,07435,신내데시앙아파트후문,8
20221231,중랑구,07436,중화중학교삼거리,3
20221231,중랑구,07437,새우개마을입구,1
20221231,중랑구,07438,신내차량사업소입구,5
20221231,중랑구,07439,용마산빌라,1
20221231,중랑구,07440,신내역1번출구,5
20221231,중랑구,07442,능말입구,2
20221231,중랑구,07443,망우리역사문화공원,5
20221231,중랑구,07444,망우리역사문화공원,5
20221231,중랑구,07446,신내SKV1센터,5
20221231,중랑구,07447,능말입구,2
20221231,중랑구,07448,중랑경찰서후문,7
20221231,중랑구,07449,신내데시앙아파트,2
20221231,중랑구,07450,당너머,6
20221231,중랑구,07451,당너머,5
20221231,중랑구,07452,신내데시앙포레아파트220동앞,6
20221231,중랑구,07453,신내데시앙포레아파트220동앞,5
20221231,중랑구,07454,신내데시앙포레아파트정문앞,6
20221231,중랑구,07455,새솔초등학교입구,5
20221231,중랑구,07456,새솔초등학교,6
20221231,중랑구,07457,중랑경찰서정문.우디안101동앞,2
20221231,중랑구,07458,중랑경찰서정문.우디안101동앞,2
20221231,중랑구,07459,신내우디안아파트107동앞,2
20221231,중랑구,07460,신내우디안아파트107동앞,2
20221231,중랑구,07461,신내10단지아파트,1
20221231,중랑구,07462,중랑공영차고지삼거리,5
20221231,중랑구,07463,우디안아파트114동앞,5
20221231,중랑구,07464,우디안아파트114동앞,6
20221231,중랑구,07465,늘푸른근린공원,6
20221231,중랑구,07466,늘푸른근린공원,6
20221231,중랑구,07467,브라운캐슬B동,1
20221231,중랑구,07500,진로아파트앞.종점,1
20221231,중랑구,07501,중화동종점,1
20221231,중랑구,07502,진주빌라.바다약국,1
20221231,중랑구,07503,정신교회,1
20221231,중랑구,07504,마을금고,1
20221231,중랑구,07505,공판장,1
20221231,중랑구,07506,수협,1
20221231,중랑구,07507,새마을금고,1
20221231,중랑구,07508,태릉시장,1
20221231,중랑구,07509,서일대정문,1
20221231,중랑구,07510,서울동부새마을금고본점,1
20221231,중랑구,07511,서일대정문,1
20221231,중랑구,07512,면목역,1
20221231,중랑구,07515,중랑초교정문.면목2동치안센터,1
20221231,중랑구,07517,한신아파트상가,1
20221231,중랑구,07518,IBK기업은행면목동지점,1
20221231,중랑구,07519,한신아파트후문,1
20221231,중랑구,07520,마을금고,1
20221231,중랑구,07521,정신교회,1
20221231,중랑구,07523,중화동종점,1
20221231,중랑구,07524,지하철7호선면목역,1
20221231,중랑구,07525,면목지구대,1
20221231,중랑구,07526,새마을금고,1
20221231,중랑구,07527,공판장,1
20221231,중랑구,07528,진주빌라.바다약국,1
20221231,중랑구,07529,진로아파트앞.종점,1
20221231,중랑구,07530,수협,1
20221231,중랑구,07550,중랑공영차고지.신내역,16
20221231,중랑구,07551,중랑공영차고지.종점,5
20221231,중랑구,07554,사가정역,3
20221231,중랑구,07771,망우역,1
20221231,성북구,08001,월곡뉴타운,17
20221231,성북구,08002,월곡뉴타운,16
20221231,성북구,08003,길음뉴타운,20
20221231,성북구,08004,길음뉴타운,17
20221231,성북구,08005,미아리고개.미아리예술극장,21
20221231,성북구,08006,미아리고개.미아리예술극장,20
20221231,성북구,08007,돈암사거리.성신여대입구,21
20221231,성북구,08008,돈암사거리.성신여대입구,20
20221231,성북구,08009,삼선교.한성대학교,21
20221231,성북구,08010,삼선교.한성대학교.조소앙활동터,21
20221231,성북구,08101,숭곡초교입구,6
20221231,성북구,08102,창문여고,9
20221231,성북구,08103,동방고개,2
20221231,성북구,08104,장위동그린빌아파트,2
20221231,성북구,08105,북서울꿈의숲,4
20221231,성북구,08106,장월초등학교,4
20221231,성북구,08107,국민대앞,8
20221231,성북구,08108,국민대앞,4
20221231,성북구,08110,국민대학교앞,5
20221231,성북구,08111,청덕초등학교,7
20221231,성북구,08112,청덕초교,8
20221231,성북구,08113,북악중학교,6
20221231,성북구,08114,고려대사범대학부속고등학교,7
20221231,성북구,08115,봉국사,7
20221231,성북구,08116,봉국사,7
20221231,성북구,08117,정릉2동주민센터,8
20221231,성북구,08118,정릉2동주민센터,8
20221231,성북구,08119,숭덕초교,12
20221231,성북구,08120,숭덕초교,13
20221231,성북구,08121,정릉길음시장,11
20221231,성북구,08122,정릉길음시장.길음뉴타운9단지,4
20221231,성북구,08123,돈암동삼성아파트입구,9
20221231,성북구,08124,길음역,7
20221231,성북구,08125,돈암1동주민센터,3
20221231,성북구,08126,돈암1동주민센터,4
20221231,성북구,08127,종암사거리,3
20221231,성북구,08128,KT월곡지사,5
20221231,성북구,08129,KT월곡지사,5
20221231,성북구,08130,종암SK아파트,5
20221231,성북구,08131,성북구보건소,6
20221231,성북구,08132,월곡역,5
20221231,성북구,08133,월곡역,4
20221231,성북구,08134,동덕여대앞,5
20221231,성북구,08135,한국과학기술연구원입구,5
20221231,성북구,08136,상월곡역,4
20221231,성북구,08137,월곡중학교,4
20221231,성북구,08138,월곡중학교,4
20221231,성북구,08139,새석관시장,4
20221231,성북구,08140,새석관시장,4
20221231,성북구,08141,돌곶이역,5
20221231,성북구,08142,돌곶이역,4
20221231,성북구,08143,장위동동원베네스트.온누리병원,5
20221231,성북구,08144,석관동주민센터,3
20221231,성북구,08145,석관동주민센터,6
20221231,성북구,08146,석계역굴다리앞,10
20221231,성북구,08147,석계역,22
20221231,성북구,08148,성가복지병원,8
20221231,성북구,08149,성가복지병원,8
20221231,성북구,08150,종암사거리입구,14
20221231,성북구,08151,종암사거리입구,16
20221231,성북구,08152,종암동주민센터,14
20221231,성북구,08153,종암동주민센터,15
20221231,성북구,08154,숭례초교,14
20221231,성북구,08155,숭례초등학교,15
20221231,성북구,08156,고대앞,9
20221231,성북구,08157,우신향병원,8
20221231,성북구,08158,안암오거리,5
20221231,성북구,08159,대광초교,5
20221231,성북구,08160,정릉북한산국립공원입구,3
20221231,성북구,08161,정릉산장아파트,6
20221231,성북구,08162,정릉대우아파트,6
20221231,성북구,08163,정릉4동주민센터.경국사,7
20221231,성북구,08164,정릉4동주민센터.경국사,7
20221231,성북구,08165,성북청수도서관.정릉4동성당,6
20221231,성북구,08166,성북청수도서관.정릉4동성당,7
20221231,성북구,08167,정릉시장입구,7
20221231,성북구,08168,정릉시장입구,8
20221231,성북구,08169,정릉우체국앞,8
20221231,성북구,08170,정릉우체국앞,8
20221231,성북구,08171,미아초교,6
20221231,성북구,08172,미아초교,5
20221231,성북구,08173,길음동동부아파트,5
20221231,성북구,08174,길음동동부아파트,4
20221231,성북구,08175,삼선동주민센터,8
20221231,성북구,08176,삼선동주민센터,9
20221231,성북구,08177,성북구청.성북경찰서,9
20221231,성북구,08178,성북구청.성북경찰서,10
20221231,성북구,08179,보문역,6
20221231,성북구,08180,보문역,4
20221231,성북구,08181,보문동성당,5
20221231,성북구,08182,보문동성당,4
20221231,성북구,08183,보문동주민센터,5
20221231,성북구,08184,보문동주민센터,4
20221231,성북구,08185,월계2교.참누리아파트,6
20221231,성북구,08186,월계2교,5
20221231,성북구,08187,광운초교앞,6
20221231,성북구,08188,광운초교,5
20221231,성북구,08189,장위3동주민센터,3
20221231,성북구,08190,장위3동주민센터,3
20221231,성북구,08191,장삼주유소,3
20221231,성북구,08192,장삼주유소,3
20221231,성북구,08193,장위사거리,2
20221231,성북구,08194,장위사거리,2
20221231,성북구,08195,석관중고등학교앞,3
20221231,성북구,08196,석관고등학교,3
20221231,성북구,08197,석관동코오롱아파트,3
20221231,성북구,08198,석관동코오롱아파트,3
20221231,성북구,08199,북서울꿈의숲,2
20221231,성북구,08200,북서울꿈의숲,3
20221231,성북구,08201,장곡초교앞,3
20221231,성북구,08202,장곡초교앞,3
20221231,성북구,08203,하나은행장위동지점,4
20221231,성북구,08204,하나은행장위동지점,4
20221231,성북구,08205,장위동원천주유소,4
20221231,성북구,08206,장위동원천주유소,4
20221231,성북구,08207,장위2동주민센터,3
20221231,성북구,08209,돌곶이역,5
20221231,성북구,08210,돌곶이역,4
20221231,성북구,08211,석관시장,5
20221231,성북구,08212,석관시장,5
20221231,성북구,08213,석관동새마을금고,5
20221231,성북구,08214,석관동새마을금고,5
20221231,성북구,08215,한국예술종합학교,5
20221231,성북구,08216,한국예술종합학교,5
20221231,성북구,08218,돈암힐스테이트.코오롱하늘채,1
20221231,성북구,08219,꿈의숲아이파크아파트,5
20221231,성북구,08220,꿈의숲아이파크아파트,6
20221231,성북구,08221,장곡초교사거리,6
20221231,성북구,08222,장곡초교사거리,6
20221231,성북구,08223,서울다원학교.한용운활동터,2
20221231,성북구,08224,동방문화대학원대학교,2
20221231,성북구,08225,동방문화대학원대학교,2
20221231,성북구,08226,성북구립미술관.쌍다리앞,2
20221231,성북구,08227,성북구립미술관.쌍다리앞,2
20221231,성북구,08228,성북초교.성북선잠박물관,3
20221231,성북구,08229,성북초교.성북선잠박물관,3
20221231,성북구,08230,홍익대부속중고등학교입구,4
20221231,성북구,08231,홍익대부속중고등학교입구,4
20221231,성북구,08232,경신중고입구,4
20221231,성북구,08233,경신중고입구,4
20221231,성북구,08234,성북동주민센터.동구마케팅고,4
20221231,성북구,08235,성북동주민센터.동구마케팅고,4
20221231,성북구,08236,삼선교.성북문화원,1
20221231,성북구,08237,삼선교.성북문화원,5
20221231,성북구,08238,서울다원학교.한용운활동터,2
20221231,성북구,08239,장위래미안아파트,6
20221231,성북구,08240,신종월교,1
20221231,성북구,08241,창문여고,1
20221231,성북구,08242,장위래미안아파트,5
20221231,성북구,08243,남대문중학교,3
20221231,성북구,08244,남대문중학교,3
20221231,성북구,08245,길음시장,3
20221231,성북구,08246,길음시장,1
20221231,성북구,08247,길음역,4
20221231,성북구,08248,길음역,2
20221231,성북구,08249,미아사거리,2
20221231,성북구,08250,서경로꿈마루도서관앞,2
20221231,성북구,08251,길원초등학교입구,2
20221231,성북구,08252,길원초등학교입구,2
20221231,성북구,08253,길음뉴타운11단지롯데캐슬,2
20221231,성북구,08254,길음뉴타운11단지롯데캐슬,2
20221231,성북구,08255,정릉동아.길음뉴타운데시앙아파트,2
20221231,성북구,08256,길음뉴타운데시앙.정릉동아아파트,2
20221231,성북구,08257,숭덕초교,2
20221231,성북구,08258,성북생태체험관,2
20221231,성북구,08259,정릉초교,2
20221231,성북구,08260,정릉동풍림상가앞,2
20221231,성북구,08261,정릉동풍림상가앞,2
20221231,성북구,08262,정릉동풍림아파트.청소년문화의집,3
20221231,성북구,08263,정릉입구,4
20221231,성북구,08264,정릉입구,4
20221231,성북구,08265,아리랑고개.아리랑시네미디어센터,6
20221231,성북구,08266,아리랑고개.아리랑시네미디어센터,5
20221231,성북구,08267,돈암2동주민센터입구.흥천사,6
20221231,성북구,08268,돈암2동주민센터입구.흥천사,6
20221231,성북구,08269,성신여대입구역,5
20221231,성북구,08270,성신여대입구역,7
20221231,성북구,08271,한국과학기술연구원입구,1
20221231,성북구,08272,대농빌라앞,1
20221231,성북구,08273,월곡샹그레빌아파트,1
20221231,성북구,08274,월곡샹그레빌아파트,1
20221231,성북구,08275,장위동고개,4
20221231,성북구,08276,장위동고개,4
20221231,성북구,08277,장위1동주민센터,4
20221231,성북구,08278,장위1동주민센터,5
20221231,성북구,08279,장위1동치안센터,4
20221231,성북구,08280,장위1동치안센터,5
20221231,성북구,08281,국민은행장위동지점,4
20221231,성북구,08282,국민은행장위동지점,4
20221231,성북구,08283,월곡1동주민센터,5
20221231,성북구,08284,월곡1동주민센터,5
20221231,성북구,08285,밤나무골시장,5
20221231,성북구,08286,월곡삼성래미안아파트,5
20221231,성북구,08287,월곡동두산아파트,5
20221231,성북구,08288,월곡동두산아파트,5
20221231,성북구,08289,생명의전화,3
20221231,성북구,08290,생명의전화,4
20221231,성북구,08293,장곡초교,4
20221231,성북구,08294,장곡초교,4
20221231,성북구,08295,보문역,3
20221231,성북구,08296,보문역,4
20221231,성북구,08297,안암동주민센터,3
20221231,성북구,08298,안암동주민센터,4
20221231,성북구,08299,고려대이공대.고대병원,3
20221231,성북구,08300,고려대이공대.고대병원,4
20221231,성북구,08301,안암역,4
20221231,성북구,08302,안암전철역,2
20221231,성북구,08303,안암오거리,2
20221231,성북구,08304,개운사입구,2
20221231,성북구,08305,돈암시장입구,5
20221231,성북구,08306,돈암시장입구,1
20221231,성북구,08307,성북구청,1
20221231,성북구,08308,성북구청,1
20221231,성북구,08309,보문2교,1
20221231,성북구,08310,보문2교,1
20221231,성북구,08311,성신여대후문,2
20221231,성북구,08312,성신여대후문,1
20221231,성북구,08313,용문중고교,1
20221231,성북구,08314,용문중고교,1
20221231,성북구,08315,안암초교,1
20221231,성북구,08316,안암초교,1
20221231,성북구,08318,돈암초교입구,3
20221231,성북구,08320,정릉3동주민센터앞,2
20221231,성북구,08321,정릉3동주민센터앞,2
20221231,성북구,08322,삼덕단지.성북구최만린미술관,3
20221231,성북구,08323,삼덕단지.성북구최만린미술관,2
20221231,성북구,08324,솔샘사거리,3
20221231,성북구,08325,솔샘사거리,2
20221231,성북구,08326,보문역,3
20221231,성북구,08327,성북우체국현대백화점,6
20221231,성북구,08328,정릉동풍림아파트,1
20221231,성북구,08329,현대백화점,2
20221231,성북구,08330,돈암동일신건영휴먼빌아파트,1
20221231,성북구,08332,석계역,2
20221231,성북구,08333,석계역,1
20221231,성북구,08334,월곡2SH빌아파트,1
20221231,성북구,08335,석관고등학교후문,1
20221231,성북구,08336,길음역,2
20221231,성북구,08338,청소년문화의집.정릉e편한세상,3
20221231,성북구,08341,상진운수종점,1
20221231,성북구,08342,상진운수종점,2
20221231,성북구,08344,대진여객차고지,3
20221231,성북구,08347,정릉북한산국립공원입구,3
20221231,성북구,08348,풍림아파트삼거리,2
20221231,성북구,08349,성북생태체험관,2
20221231,성북구,08350,정릉초교,2
20221231,성북구,08351,파크빌라앞,1
20221231,성북구,08352,골드하우스,1
20221231,성북구,08353,월곡중학교,2
20221231,성북구,08355,508단지삼거리,1
20221231,성북구,08357,산장빌라,1
20221231,성북구,08358,산장빌라,1
20221231,성북구,08359,성북참노인전문병원,1
20221231,성북구,08360,교수단지,1
20221231,성북구,08361,우방아파트,1
20221231,성북구,08363,일신건영아파트.꿈에그린아파트,1
20221231,성북구,08364,일신건영아파트.꿈에그린아파트,1
20221231,성북구,08365,돈암힐스테이트.코오롱하늘채,1
20221231,성북구,08366,돈암동일신건영휴먼빌아파트,1
20221231,성북구,08367,구민회관입구,1
20221231,성북구,08368,508단지입구,1
20221231,성북구,08369,스카이힐스,1
20221231,성북구,08370,508단지삼거리,1
20221231,성북구,08371,대일외고서경대정문,2
20221231,성북구,08372,서경대본관,2
20221231,성북구,08373,서경대본관,2
20221231,성북구,08380,길음뉴타운8단지,2
20221231,성북구,08381,길음뉴타운8단지,2
20221231,성북구,08382,서경로꿈마루도서관앞,2
20221231,성북구,08390,국민커뮤니티센터,1
20221231,성북구,08391,정릉연립,1
20221231,성북구,08392,국민대후문,1
20221231,성북구,08393,국민대후문,1
20221231,성북구,08394,고려대사범대학부속고등학교.후문,1
20221231,성북구,08395,고려대사범대학부속고등학교.후문,1
20221231,성북구,08396,월곡래미안루나밸리,1
20221231,성북구,08400,길음뉴타운10단지.라온유아파트,7
20221231,성북구,08401,숭곡초교후문,1
20221231,성북구,08402,월곡아남아파트,1
20221231,성북구,08403,월곡동신아파트,1
20221231,성북구,08404,돌곶이역8번출구,3
20221231,성북구,08405,한성대입구역,1
20221231,성북구,08406,장위동입구,4
20221231,성북구,08408,북한산보국문역2번출구,6
20221231,성북구,08409,북한산보국문역1번출구,6
20221231,성북구,08410,일신초교.래미안라센트아파트,1
20221231,성북구,08411,서울사대부설중학교,1
20221231,성북구,08412,서울사대부설고등학교,1
20221231,성북구,08448,일신휴먼빌.우정아파트,1
20221231,성북구,08449,고려아파트,1
20221231,성북구,08450,장월초교.참누리아파트,1
20221231,성북구,08451,동방주택,1
20221231,성북구,08452,장위중학교,1
20221231,성북구,08453,신안APT.길음초등학교,2
20221231,성북구,08454,정릉4동종점,1
20221231,성북구,08455,산림초소,1
20221231,성북구,08456,정릉2동주민센터,1
20221231,성북구,08457,4호선성신여대역,1
20221231,성북구,08458,삼선푸르지오APT앞,1
20221231,성북구,08459,한성대정문,1
20221231,성북구,08460,한신113동앞,1
20221231,성북구,08462,낙산삼거리,1
20221231,성북구,08463,돈암2동주민센터,1
20221231,성북구,08464,종암중학교,1
20221231,성북구,08465,종암교통정보센터,1
20221231,성북구,08466,고려슈퍼,1
20221231,성북구,08467,슈퍼앞,1
20221231,성북구,08468,월곡청소년센터,1
20221231,성북구,08469,대우APT211동,2
20221231,성북구,08470,KEB하나은행.오렌지마트,1
20221231,성북구,08471,중앙하이츠정문,1
20221231,성북구,08473,삼선초교,1
20221231,성북구,08474,한양슈퍼앞,1
20221231,성북구,08475,구민회관201동앞,1
20221231,성북구,08477,돈암지구대.현대아파트,1
20221231,성북구,08478,선경아파트,1
20221231,성북구,08479,세븐마트,1
20221231,성북구,08480,죽림정사,1
20221231,성북구,08482,나약국,1
20221231,성북구,08483,동아아파트,1
20221231,성북구,08484,월곡인조잔디구장,1
20221231,성북구,08485,대우APT정문.대림APT후문,2
20221231,성북구,08487,넓은마당,1
20221231,성북구,08488,중앙하이츠후문,1
20221231,성북구,08489,성신여대정문앞,1
20221231,성북구,08490,한성대입구3거리,2
20221231,성북구,08491,(구)법화사,1
20221231,성북구,08492,이수아파트.한신휴아파트입구,1
20221231,성북구,08493,극동아파트정문,1
20221231,성북구,08494,고려대법과대학.한국어교육관입구,1
20221231,성북구,08495,래미안세레니티,2
20221231,성북구,08497,장위1동주민센터,1
20221231,성북구,08498,빙그레슈퍼,1
20221231,성북구,08499,월곡1동밤골경로당,1
20221231,성북구,08500,새생명교회,2
20221231,성북구,08502,도광사,1
20221231,성북구,08503,정수초교,1
20221231,성북구,08504,홈마트,1
20221231,성북구,08505,성신여대입구역,2
20221231,성북구,08506,극동아파트후문,1
20221231,성북구,08507,고려대안암학사,1
20221231,성북구,08508,통일교회,2
20221231,성북구,08510,장위1동치안센터,1
20221231,성북구,08511,소망슈퍼,1
20221231,성북구,08512,초림빌라,1
20221231,성북구,08513,대림상가앞,1
20221231,성북구,08514,현대아파트앞,1
20221231,성북구,08516,산장아파트,1
20221231,성북구,08517,그린빌라,1
20221231,성북구,08519,삼선시장앞,1
20221231,성북구,08521,종암아이파크2차정문,1
20221231,성북구,08522,고려대아이스링크,1
20221231,성북구,08523,그린마트,1
20221231,성북구,08526,장위천주교앞,1
20221231,성북구,08527,동덕여대후문,1
20221231,성북구,08528,대림APT정문,1
20221231,성북구,08529,래미안821동앞,1
20221231,성북구,08532,정수빌라,1
20221231,성북구,08534,한성대전철역입구,2
20221231,성북구,08535,삼선시장,1
20221231,성북구,08536,동방고개,2
20221231,성북구,08537,정덕초교입구.이수아파트,1
20221231,성북구,08538,현대홈마트,1
20221231,성북구,08539,성북구의회,1
20221231,성북구,08540,종암아이파크2차후문,2
20221231,성북구,08542,장위시장,2
20221231,성북구,08543,두산아파트후문,2
20221231,성북구,08544,파리바게트앞,1
20221231,성북구,08545,길음시장입구,1
20221231,성북구,08546,길음역출구,2
20221231,성북구,08548,그린빌라,1
20221231,성북구,08550,한신105동앞,1
20221231,성북구,08551,장위동그린빌아파트,2
20221231,성북구,08552,돈암지구대.현대아파트,1
20221231,성북구,08554,개운중학교,1
20221231,성북구,08555,성북노인정입구,1
20221231,성북구,08557,어해랑앞,2
20221231,성북구,08558,자산약국.월곡전철역입구.6호선,1
20221231,성북구,08559,동부아파트.샘물교회앞,1
20221231,성북구,08560,길음전철역,1
20221231,성북구,08562,수녀원,1
20221231,성북구,08563,정수초교,1
20221231,성북구,08564,고려대이공대,1
20221231,성북구,08566,삼선교.한성대입구역,1
20221231,성북구,08567,한신103동앞,1
20221231,성북구,08568,북서울꿈의숲,3
20221231,성북구,08569,돈암신일해피트리아파트,1
20221231,성북구,08570,통일교회,2
20221231,성북구,08571,풍림아파트.성신초교,1
20221231,성북구,08572,한미약국,1
20221231,성북구,08574,세광빌라,2
20221231,성북구,08576,래미안길음센터피스120동앞,1
20221231,성북구,08580,중앙하이츠후문,1
20221231,성북구,08581,고대병원,1
20221231,성북구,08584,풍림106동,1
20221231,성북구,08585,성북노인정입구,1
20221231,성북구,08586,장위3동주민센터,2
20221231,성북구,08587,관문약국,2
20221231,성북구,08588,동덕여대부속유치원앞,2
20221231,성북구,08589,영훈중고후문.길음래미안센터피스,1
20221231,성북구,08590,길음시장앞,1
20221231,성북구,08591,월곡로데오거리,1
20221231,성북구,08592,구.정릉3동주민센터,1
20221231,성북구,08593,중앙하이츠정문,1
20221231,성북구,08596,지하철4호선한성대역,3
20221231,성북구,08597,참누리아파트,1
20221231,성북구,08598,고명중고교,1
20221231,성북구,08599,종암아이파크2차후문,2
20221231,성북구,08600,장위119안전센터,2
20221231,성북구,08602,우리랜드사우나,2
20221231,성북구,08657,미아사거리전철역,1
20221231,성북구,08662,길음시장입구,2
20221231,성북구,08714,정든마을,1
20221231,성북구,08715,국민은행장위동지점,1
20221231,성북구,08716,고대사거리,1
20221231,성북구,08718,삼선교역2번출구,2
20221231,성북구,08721,삼선교제1시장,1
20221231,성북구,08722,개운초등학교,1
20221231,성북구,08727,브라운스톤,1
20221231,성북구,08728,그린마트,1
20221231,성북구,08731,래미안610동앞,2
20221231,성북구,08733,수보약국,1
20221231,성북구,08734,쌍다리,1
20221231,성북구,08744,녹십자약국,2
20221231,성북구,08745,삼선교제2시장,1
20221231,성북구,08748,종암래미안,1
20221231,성북구,08749,힐스테이트,1
20221231,성북구,08750,현대백화점,1
20221231,성북구,08751,래미안609동앞,2
20221231,성북구,08757,오렌지마트,1
20221231,성북구,08758,정릉시장입구,1
20221231,성북구,08759,용광교회,1
20221231,성북구,08760,삼영탕앞,1
20221231,성북구,08765,성북세무서앞,1
20221231,성북구,08766,종암아이파크1차후문,1
20221231,성북구,08767,우성APT정문,1
20221231,성북구,08769,현대자동차길음지점,1
20221231,성북구,08770,래미안501동앞,2
20221231,성북구,08771,양씨가게앞,1
20221231,성북구,08772,성북세무서앞,1
20221231,성북구,08773,본교회앞,1
20221231,성북구,08775,성북소방서,1
20221231,성북구,08780,장위119안전센터,2
20221231,성북구,08781,석계역,3
20221231,성북구,08783,길음전철역,1
20221231,성북구,08786,길음1동주민센터.길음중앙새마을금고앞,2
20221231,성북구,08787,국민은행사거리,1
20221231,성북구,08788,슈퍼앞,1
20221231,성북구,08789,한성대삼거리,1
20221231,성북구,08790,고려삼계탕,1
20221231,성북구,08791,종암아이파크1차정문,1
20221231,성북구,08792,꿈의숲대명루첸아파트,1
20221231,성북구,08795,돈암힐스테이트.코오롱하늘채,1
20221231,성북구,08796,고려슈퍼,1
20221231,성북구,08798,새생명교회,2
20221231,성북구,08799,돈암코오롱하늘채.일신휴먼빌,1
20221231,성북구,08800,서경대정문.대일외고,2
20221231,성북구,08801,노인정,1
20221231,성북구,08807,(구)법화사,1
20221231,성북구,08808,범양APT입구,1
20221231,성북구,08809,선잠로3길입구,1
20221231,성북구,08810,선잠로3길입구,1
20221231,성북구,08815,원진프라자앞,1
20221231,성북구,08819,대우APT정문.대림APT후문앞,2
20221231,성북구,08821,선잠단지.성락원앞,1
20221231,성북구,08822,선잠단지.성락원앞,1
20221231,성북구,08823,팔각정,1
20221231,성북구,08824,성북동성당,1
20221231,성북구,08825,성북동성당,1
20221231,성북구,08826,성북빌리지,1
20221231,성북구,08827,성북빌리지,1
20221231,성북구,08828,한양슈퍼앞,1
20221231,성북구,08829,돈암초등학교,1
20221231,성북구,08830,길음역,1
20221231,성북구,08831,북악슈퍼,1
20221231,성북구,08832,래미안장위퍼스트하이아파트,1
20221231,성북구,08833,북악슈퍼,1
20221231,성북구,08834,우리랜드사우나,2
20221231,성북구,08835,대우APT211동앞,2
20221231,성북구,08836,용광교회,1
20221231,성북구,08837,길상사,1
20221231,성북구,08838,국민은행동소문동점,1
20221231,성북구,08839,길상사,1
20221231,성북구,08840,정릉꿈에그린아파트,1
20221231,성북구,08841,종암사거리입구,1
20221231,성북구,08842,정릉꿈에그린아파트,1
20221231,성북구,08843,아리랑시장,1
20221231,성북구,08844,아리랑시장,1
20221231,성북구,08845,중앙하이츠빌아파트,1
20221231,성북구,08846,세계문화유산정릉,1
20221231,성북구,08847,정릉꿈에그린1단지,1
20221231,성북구,08848,일신휴먼빌.우정아파트,1
20221231,성북구,08849,돈암코오롱하늘채아파트,1
20221231,성북구,08850,돈암코오롱하늘채아파트,1
20221231,성북구,08854,힐스테이트입구,1
20221231,성북구,08855,한국가구박물관입구,1
20221231,성북구,08856,우리옛돌박물관.정법사,1
20221231,성북구,08858,한국가구박물관입구,1
20221231,성북구,08866,북서울꿈의숲,1
20221231,성북구,08868,관문약국,2
20221231,성북구,08872,쌍다리,1
20221231,성북구,08873,삼선교,1
20221231,성북구,08874,현대백화점별관주차장,3
20221231,성북구,08876,세광빌라,2
20221231,성북구,08877,간대어린이공원,1
20221231,성북구,08878,돌곶이역2번출구,1
20221231,성북구,08881,성가복지병원앞,1
20221231,성북구,08883,꿈의숲코오롱하늘채아파트,1
20221231,성북구,08884,어해랑앞,2
20221231,성북구,08886,고대병원,1
20221231,성북구,08888,한신103동앞,1
20221231,성북구,08889,성북소방서,1
20221231,성북구,08892,장위시장,2
20221231,성북구,08893,생명의전화로터리,2
20221231,성북구,08894,정릉시장입구.정릉약국,1
20221231,성북구,08895,꿈의숲동문앞,1
20221231,성북구,08896,꿈의숲대명루첸아파트,1
20221231,성북구,08897,종암아이파크1차후문,1
20221231,성북구,08898,돈암힐스테이트.코오롱하늘채,1
20221231,성북구,08900,자산약국.월곡전철역입구.6호선,2
20221231,성북구,08901,수보약국,1
20221231,성북구,08904,종암래미안,1
20221231,성북구,08908,장위천주교앞,1
20221231,성북구,08909,월곡시장.동덕여대오거리,2
20221231,성북구,08910,정든마을,1
20221231,성북구,08911,용문중고교,1
20221231,성북구,08912,개운초등학교,1
20221231,성북구,08913,우성APT정문,1
20221231,성북구,08914,나약국,1
20221231,성북구,08915,소망슈퍼,1
20221231,성북구,08916,월곡로데오거리,2
20221231,성북구,08917,대동슈퍼,1
20221231,성북구,08919,한진206동앞,1
20221231,성북구,08920,죽림정사앞,1
20221231,성북구,08921,쌍용APT,1
20221231,성북구,08922,슈퍼앞,1
20221231,성북구,08923,빙그레슈퍼,1
20221231,성북구,08924,동아아파트정문앞,2
20221231,성북구,08925,수녀원입구,1
20221231,성북구,08926,홈마트,1
20221231,성북구,08927,명신초.삼선푸르지오.힐스테이트,1
20221231,성북구,08928,브라운스톤,1
20221231,성북구,08930,동아아파트,1
20221231,성북구,08931,월곡중학교입구,2
20221231,성북구,08932,우남아파트,1
20221231,성북구,08934,돈암시장,1
20221231,성북구,08935,창신쌍용2단지.한성대후문,1
20221231,성북구,08936,고명중고교,1
20221231,성북구,08937,상월곡역,1
20221231,성북구,08938,월곡초교,1
20221231,성북구,08939,산장아파트,1
20221231,성북구,08940,동덕여대오거리,1
20221231,성북구,08941,경동고입구,1
20221231,성북구,08942,한신301동앞,1
20221231,성북구,08943,낙산삼거리,1
20221231,성북구,08945,풍림아파트,1
20221231,성북구,08946,월곡중학교,1
20221231,성북구,08947,월곡초등학교후문,1
20221231,성북구,08948,도광사,1
20221231,성북구,08949,경동고앞,1
20221231,성북구,08950,구민회관201동앞,1
20221231,성북구,08951,현대홈마트,1
20221231,성북구,08952,풍림아파트.성신초교,1
20221231,성북구,08953,누구나교회,1
20221231,성북구,08954,넓은마당,1
20221231,성북구,08955,동덕여대정문앞,1
20221231,성북구,08956,삼선노인정,1
20221231,성북구,08957,한신113동앞,1
20221231,성북구,08958,종암아이파크2차정문,1
20221231,성북구,08959,개운중학교,1
20221231,성북구,08960,태광빌라,1
20221231,성북구,08961,삼선초교,1
20221231,성북구,08962,동구마케팅고후문,1
20221231,성북구,08963,두산아파트3단지,1
20221231,성북구,08964,극동아파트후문,1
20221231,성북구,08965,성북구의회,1
20221231,성북구,08966,장위1동노인정,1
20221231,성북구,08967,고려대역.숭례초교,1
20221231,성북구,08969,극동아파트정문,1
20221231,성북구,08970,고려대아이스링크,1
20221231,성북구,08971,하트마트편의점,1
20221231,성북구,08972,선경아파트,1
20221231,성북구,08973,고려대안암학사,1
20221231,성북구,08975,종암중학교,1
20221231,성북구,08976,고려대법과대학.한국어교육관입구,1
20221231,성북구,08977,종암로한진택배,1
20221231,성북구,08979,성북세무서앞,2
20221231,성북구,08980,꿈의숲대명루첸아파트,3
20221231,성북구,08981,래미안세레니티,2
20221231,성북구,08982,양광교회.죽림정사앞,2
20221231,성북구,08983,석관동주민센터,3
20221231,성북구,08984,한신105동앞,1
20221231,성북구,08985,한신108동앞,1
20221231,성북구,08986,스카이프라자앞.111동앞,1
20221231,성북구,08987,한진207동앞,1
20221231,성북구,08988,한진202동앞,1
20221231,성북구,08989,한진204동앞,1
20221231,성북구,08990,한진207동앞,1
20221231,성북구,08991,스카이프라자앞.111동,1
20221231,성북구,08992,한신108동앞,1
20221231,성북구,08997,삼선동주민센터,4
20221231,강북구,09001,수유3동우체국,16
20221231,강북구,09002,수유3동우체국,15
20221231,강북구,09003,수유역,21
20221231,강북구,09004,수유역.강북구청,24
20221231,강북구,09005,수유시장.성신여대미아캠퍼스앞,18
20221231,강북구,09006,수유시장.성신여대미아캠퍼스앞,18
20221231,강북구,09007,미아역.신일중고,19
20221231,강북구,09008,미아역.신일중고,19
20221231,강북구,09009,도봉세무서.성북시장,18
20221231,강북구,09010,도봉세무서.성북시장,18
20221231,강북구,09011,미아사거리역,20
20221231,강북구,09012,미아사거리역,22
20221231,강북구,09013,수유(강북구청)역,23
20221231,강북구,09102,우이동도선사입구.북한산우이역,9
20221231,강북구,09103,우이동성원아파트,8
20221231,강북구,09104,우이동성원아파트,8
20221231,강북구,09105,진성빌라사거리,7
20221231,강북구,09106,서라벌중학교.우이동대우아파트,7
20221231,강북구,09107,덕성여대솔밭근린공원,7
20221231,강북구,09108,국립4.19민주묘지입구사거리,6
20221231,강북구,09109,국립4.19민주묘지입구사거리,6
20221231,강북구,09110,국립4.19민주묘지입구사거리,5
20221231,강북구,09111,국립4.19민주묘지입구사거리,4
20221231,강북구,09112,국립419묘지삼거리.윤극영가옥,3
20221231,강북구,09113,국립419묘지삼거리.윤극영가옥,2
20221231,강북구,09114,인수동백운교회입구,3
20221231,강북구,09115,인수동백운교회입구,3
20221231,강북구,09116,인수중학교.극동아파트,3
20221231,강북구,09117,인수중학교.극동아파트,3
20221231,강북구,09118,서울영어마을수유캠프국립재활원입구,2
20221231,강북구,09119,서울영어마을수유캠프국립재활원입구,2
20221231,강북구,09120,인수동장미원,5
20221231,강북구,09121,인수동장미원,5
20221231,강북구,09122,가오리역,5
20221231,강북구,09123,가오리역,5
20221231,강북구,09124,북부성모의원,6
20221231,강북구,09125,북부성모병원,6
20221231,강북구,09126,수유2동주민센터우이시장,6
20221231,강북구,09127,수유2동주민센터우이시장,6
20221231,강북구,09128,광산사거리,6
20221231,강북구,09129,광산사거리,6
20221231,강북구,09130,우이초등학교후문,2
20221231,강북구,09131,우이초등학교후문,2
20221231,강북구,09132,인수동청수탕입구,2
20221231,강북구,09133,인수동청수탕입구,2
20221231,강북구,09134,우이초등학교,5
20221231,강북구,09135,우이초등학교,5
20221231,강북구,09136,화계사입구.한신대학교대학원,1
20221231,강북구,09137,화계사입구.한신대학교대학원,3
20221231,강북구,09138,수유동삼양탕앞,4
20221231,강북구,09139,수유동삼양탕앞,3
20221231,강북구,09140,화계사입구사거리,3
20221231,강북구,09141,화계사입구사거리,3
20221231,강북구,09142,강북노인종합복지관,6
20221231,강북구,09143,강북노인종합복지관,6
20221231,강북구,09144,신일병원,7
20221231,강북구,09145,신일병원,7
20221231,강북구,09146,강북구청,7
20221231,강북구,09147,강북구청,7
20221231,강북구,09148,강북경찰서입구,6
20221231,강북구,09149,강북경찰서입구,4
20221231,강북구,09150,북부시장입구,6
20221231,강북구,09151,북부시장입구,4
20221231,강북구,09152,번동사거리,2
20221231,강북구,09153,번동사거리,3
20221231,강북구,09154,북부수도사업소,5
20221231,강북구,09155,북부수도사업소,3
20221231,강북구,09156,화계사입구,5
20221231,강북구,09157,화계사입구,5
20221231,강북구,09158,빨래골입구.수유1동주민센터,5
20221231,강북구,09159,빨래골입구.서울수유초등학교,5
20221231,강북구,09160,롯데마트삼양점.래미안1차아파트,5
20221231,강북구,09161,롯데마트삼양점.래미안1차아파트,5
20221231,강북구,09162,삼양초등학교,5
20221231,강북구,09163,삼양초등학교,5
20221231,강북구,09164,강북청소년문화정보도서관입구,5
20221231,강북구,09165,강북청소년문화정보도서관입구,5
20221231,강북구,09166,삼양동사거리,7
20221231,강북구,09167,삼양동사거리,5
20221231,강북구,09168,송천초등학교.미아뉴타운입구,5
20221231,강북구,09169,송천초등학교.미아뉴타운입구,4
20221231,강북구,09170,삼양동사거리,7
20221231,강북구,09171,삼양동사거리,6
20221231,강북구,09172,성암국제무역고등학교,7
20221231,강북구,09173,성암국제무역고등학교,6
20221231,강북구,09174,삼양동사거리입구,7
20221231,강북구,09175,삼양동사거리입구,6
20221231,강북구,09176,강북보건소,5
20221231,강북구,09177,신창교,2
20221231,강북구,09179,강북보건소,3
20221231,강북구,09180,번동주공4단지,4
20221231,강북구,09181,초안교,4
20221231,강북구,09182,번동주공3단지,3
20221231,강북구,09183,번동주공3단지,3
20221231,강북구,09184,번동주공1단지,3
20221231,강북구,09185,번동주공1단지,3
20221231,강북구,09186,오현초등학교,6
20221231,강북구,09187,북서울꿈의숲,5
20221231,강북구,09188,송중동한일유엔아이,5
20221231,강북구,09189,창문여고앞,6
20221231,강북구,09190,숭곡초등학교입구,11
20221231,강북구,09194,강북청소년수련관,3
20221231,강북구,09195,강북청소년수련관,4
20221231,강북구,09196,국립4.19민주묘지,4
20221231,강북구,09197,국립4.19민주묘지,3
20221231,강북구,09198,강북중학교,2
20221231,강북구,09199,한성운수차고지,4
20221231,강북구,09200,광산사거리,1
20221231,강북구,09201,광산사거리,2
20221231,강북구,09203,수유중앙시장,5
20221231,강북구,09205,대한병원,5
20221231,강북구,09206,삼성화재강북지점,6
20221231,강북구,09207,강북구청사거리,4
20221231,강북구,09208,강북구청사거리,2
20221231,강북구,09209,수송초등학교,4
20221231,강북구,09210,수송초등학교,2
20221231,강북구,09211,수유중학교혜화여고,3
20221231,강북구,09212,혜화여고,3
20221231,강북구,09213,서울정인학교,3
20221231,강북구,09214,우광타운,3
20221231,강북구,09215,구세군강북종합사회복지관입구,4
20221231,강북구,09216,구세군강북종합사회복지관입구,4
20221231,강북구,09217,미양중고등학교.팔팔·미송경로당,3
20221231,강북구,09218,미양중고등학교.팔팔·미송경로당,3
20221231,강북구,09219,동북프라자,4
20221231,강북구,09220,동북시장,4
20221231,강북구,09221,두산위브아파트입구,3
20221231,강북구,09222,두산위브아파트입구,3
20221231,강북구,09223,삼각산동SK아파트북한산시티미양초등학교,4
20221231,강북구,09224,삼양동벽산라이브파크미양초등학교,4
20221231,강북구,09225,SK아파트.벽산아파트상가,3
20221231,강북구,09226,SK아파트.벽산아파트상가,3
20221231,강북구,09227,솔샘터널,2
20221231,강북구,09228,번동주공아파트3단지4단지,1
20221231,강북구,09229,번동주공아파트3단지4단지,1
20221231,강북구,09230,번동초등학교,1
20221231,강북구,09231,번동한솔솔파크,2
20221231,강북구,09232,번동한솔솔파크,2
20221231,강북구,09233,번동해모로아파트,1
20221231,강북구,09234,번동해모로아파트,2
20221231,강북구,09235,강북문화정보도서관,1
20221231,강북구,09236,강북문화정보도서관,2
20221231,강북구,09237,동문굿모닝힐,1
20221231,강북구,09238,동문굿모닝힐,1
20221231,강북구,09239,북서울꿈의숲,2
20221231,강북구,09240,꿈의숲롯데캐슬아파트,2
20221231,강북구,09241,꿈의숲롯데캐슬아파트,2
20221231,강북구,09242,경남아너스빌.꿈의숲해링턴아파트,2
20221231,강북구,09243,경남아너스빌.꿈의숲해링턴아파트,2
20221231,강북구,09244,송중초등학교,6
20221231,강북구,09245,송중초등학교,5
20221231,강북구,09246,수유3동우체국,2
20221231,강북구,09247,수유3동우체국,3
20221231,강북구,09248,수유역.노스페이스문화센터,6
20221231,강북구,09249,수유역.강북구청,1
20221231,강북구,09253,미아역신일중고,1
20221231,강북구,09255,영신여객차고지(우이동종점),3
20221231,강북구,09256,영신여객차고지(우이동종점),3
20221231,강북구,09260,미아사거리역,1
20221231,강북구,09261,미아사거리역,2
20221231,강북구,09263,한신대학교,3
20221231,강북구,09266,수유사거리,2
20221231,강북구,09267,수유사거리,2
20221231,강북구,09269,송중동주민센터앞,1
20221231,강북구,09270,송중동경남아너스빌정문,3
20221231,강북구,09271,북서울꿈의숲,2
20221231,강북구,09272,수유역.강북구청,3
20221231,강북구,09273,강북구보건소삼각산분소,2
20221231,강북구,09274,강북구보건소삼각산분소,2
20221231,강북구,09275,삼각산동삼각산아이원아파트후문,2
20221231,강북구,09276,삼각산동삼각산아이원아파트후문,2
20221231,강북구,09277,롯데백화점미아점,6
20221231,강북구,09278,우이동주민센터입구,1
20221231,강북구,09279,창문여고,1
20221231,강북구,09283,솔샘터널,1
20221231,강북구,09286,우이동도선사입구,2
20221231,강북구,09289,우이동차고지기점,2
20221231,강북구,09290,한성운수종점,5
20221231,강북구,09291,화계사입구.종점,2
20221231,강북구,09293,SK아파트벽산아파트상가,2
20221231,강북구,09294,우이동차고지종점,2
20221231,강북구,09295,삼각산동삼각산아이원아파트정문,2
20221231,강북구,09298,삼각산동삼각산아이원아파트정문,2
20221231,강북구,09302,삼각산고.래미안트리베라,2
20221231,강북구,09303,삼각산고.래미안트리베라,1
20221231,강북구,09304,방천시장입구,5
20221231,강북구,09305,화계사입구.한신대학교대학원,2
20221231,강북구,09306,미아사거리역.롯데백화점,1
20221231,강북구,09307,삼각산119안전센터,2
20221231,강북구,09308,삼각산119안전센터,1
20221231,강북구,09310,무량사입구,4
20221231,강북구,09311,무량사입구,4
20221231,강북구,09312,꿈의숲주차장입구,4
20221231,강북구,09313,수유중앙시장,1
20221231,강북구,09314,대한병원,1
20221231,강북구,09500,우이동,2
20221231,강북구,09501,미송경로당,1
20221231,강북구,09502,번동초교.솔그린APT.하나은행,2
20221231,강북구,09503,연일슈퍼,1
20221231,강북구,09504,빨래골,1
20221231,강북구,09505,본원정사,1
20221231,강북구,09506,아카데미하우스.통일교육원,1
20221231,강북구,09507,성원아파트,2
20221231,강북구,09510,번동슈퍼,1
20221231,강북구,09512,샛별슈퍼,1
20221231,강북구,09513,수연슈퍼,1
20221231,강북구,09514,모아빌라,1
20221231,강북구,09515,신성빌라,1
20221231,강북구,09516,송중동주민센터,2
20221231,강북구,09517,마을버스사무실,1
20221231,강북구,09518,청화슈퍼,1
20221231,강북구,09520,믿음슈퍼,1
20221231,강북구,09521,다리앞,1
20221231,강북구,09522,해청빌라,1
20221231,강북구,09523,백련사,1
20221231,강북구,09525,구세군강북종합사회복지관,1
20221231,강북구,09526,교육촌경로당,1
20221231,강북구,09528,당진슈퍼,1
20221231,강북구,09529,삼흥연립,1
20221231,강북구,09530,기도원입구,1
20221231,강북구,09531,강북청소년수련관,1
20221231,강북구,09532,보람미용실,1
20221231,강북구,09533,영순슈퍼,1
20221231,강북구,09534,동문굿모닝힐,1
20221231,강북구,09535,삼광학원,2
20221231,강북구,09536,한빛맹아학교,1
20221231,강북구,09537,형제슈퍼,1
20221231,강북구,09539,쌍문교,3
20221231,강북구,09540,페리카나치킨,1
20221231,강북구,09541,당진슈퍼,1
20221231,강북구,09543,동성마트,1
20221231,강북구,09544,한빛예술단,1
20221231,강북구,09545,삼성하이츠빌라,1
20221231,강북구,09546,도일타운,1
20221231,강북구,09547,강북중학교,3
20221231,강북구,09548,삼양시장.롯데마트,1
20221231,강북구,09550,한영교회,1
20221231,강북구,09551,수유1동주민센터.파출소,1
20221231,강북구,09553,광산사거리,3
20221231,강북구,09554,삼양부동산,1
20221231,강북구,09556,제일슈퍼,1
20221231,강북구,09557,진주빌딩,1
20221231,강북구,09558,청수탕,1
20221231,강북구,09560,강북구청,3
20221231,강북구,09561,삼양오거리,1
20221231,강북구,09562,도일타운,1
20221231,강북구,09563,홈빌라트,1
20221231,강북구,09564,광성슈퍼,1
20221231,강북구,09566,인수초중학교,1
20221231,강북구,09567,수유역,3
20221231,강북구,09568,오현초등학교,1
20221231,강북구,09569,구.삼양극장,1
20221231,강북구,09571,꿈의숲해링턴아파트101동앞,1
20221231,강북구,09572,화계유치원,1
20221231,강북구,09573,한신대신학대학원.화계사,1
20221231,강북구,09576,주공1.2단지한진아파트,2
20221231,강북구,09577,삼양신협,1
20221231,강북구,09578,번3동주민센터,1
20221231,강북구,09579,미아사거리전철역,2
20221231,강북구,09580,꿈의숲해링턴아파트105동앞,1
20221231,강북구,09582,삼양탕,1
20221231,강북구,09583,국립재활원,1
20221231,강북구,09585,신원아파트.북서울꿈의교회,2
20221231,강북구,09586,미아역6번출구,1
20221231,강북구,09588,꿈의숲해링턴아파트108동앞,1
20221231,강북구,09589,유성빌딩,2
20221231,강북구,09590,송암교회.화계사거리,1
20221231,강북구,09591,강북구의회.강북문화예술회관,1
20221231,강북구,09592,경남아너스빌정문,2
20221231,강북구,09593,기산아파트.2단지후문,2
20221231,강북구,09594,미아역7번출구,1
20221231,강북구,09595,수유역,2
20221231,강북구,09597,가오리,1
20221231,강북구,09598,송중동주민센터,2
20221231,강북구,09599,쌍문교,3
20221231,강북구,09600,주공3단지정문,2
20221231,강북구,09631,깨순이김밥,1
20221231,강북구,09642,8번지입구,1
20221231,강북구,09656,번동삼거리,2
20221231,강북구,09682,벽산아파트,1
20221231,강북구,09717,한양아파트입구.삼덕상운,2
20221231,강북구,09718,삼양신협,1
20221231,강북구,09739,미아사거리역2번출구,4
20221231,강북구,09753,양지빌라,1
20221231,강북구,09754,성당앞,1
20221231,강북구,09760,하나은행.새마을금고,2
20221231,강북구,09767,북서울꿈의숲,1
20221231,강북구,09769,강북반석교회,1
20221231,강북구,09770,8번지슈퍼,1
20221231,강북구,09771,롯데백화점,2
20221231,강북구,09773,중앙시장,1
20221231,강북구,09774,강북구민운동장.4단지,3
20221231,강북구,09775,훌랄라치킨,1
20221231,강북구,09776,산장빌라,1
20221231,강북구,09777,화계유치원,1
20221231,강북구,09778,수유동약국,1
20221231,강북구,09779,강북보건소.번2동주민센터,2
20221231,강북구,09780,삼일약국.롯데마트,1
20221231,강북구,09781,삼우하이츠빌라,1
20221231,강북구,09782,꿈의숲해링턴아파트108동앞,1
20221231,강북구,09783,성일빌딩,1
20221231,강북구,09785,금호.현대아파트,2
20221231,강북구,09786,삼양시장,1
20221231,강북구,09787,한일아파트후문,1
20221231,강북구,09788,꿈의숲해링턴아파트105동앞,1
20221231,강북구,09789,수유1동주민센터.파출소,1
20221231,강북구,09790,수유역,1
20221231,강북구,09791,로얄공인중계사무소,2
20221231,강북구,09792,페리카나치킨,1
20221231,강북구,09793,장미맨션,1
20221231,강북구,09794,꿈의숲해링턴아파트101동앞,1
20221231,강북구,09795,한빛예술단,1
20221231,강북구,09798,주공5단지,2
20221231,강북구,09799,보람미용실,1
20221231,강북구,09800,한일아파트정문,1
20221231,강북구,09801,홈빌라트,1
20221231,강북구,09802,한빛맹아학교,1
20221231,강북구,09803,송암교회.화계사거리,1
20221231,강북구,09804,강북종합시장,1
20221231,강북구,09805,금강산병원.전자공단,2
20221231,강북구,09806,구세군강북종합사회복지관,1
20221231,강북구,09807,8번지입구,1
20221231,강북구,09808,제일슈퍼,1
20221231,강북구,09809,삼흥연립,1
20221231,강북구,09811,성당앞,1
20221231,강북구,09812,번동5거리.북부노동지청,2
20221231,강북구,09813,다리앞,1
20221231,강북구,09814,한신대신학대학원.화계사,1
20221231,강북구,09815,벽산아파트,1
20221231,강북구,09817,월산슈퍼,1
20221231,강북구,09818,방천시장입구,1
20221231,강북구,09819,한영교회,1
20221231,강북구,09820,수연슈퍼,1
20221231,강북구,09821,유진슈퍼,1
20221231,강북구,09822,가오리,1
20221231,강북구,09824,정은빌라,1
20221231,강북구,09825,미아사거리역,1
20221231,강북구,09826,삼광학원,2
20221231,강북구,09827,빨래골,1
20221231,강북구,09828,청수탕,1
20221231,강북구,09829,강북구의회.강북문화예술회관,1
20221231,강북구,09830,빨래골입구,1
20221231,강북구,09831,삼성하이츠빌라,1
20221231,강북구,09832,국립재활원,1
20221231,강북구,09833,성원아파트,2
20221231,강북구,09834,수유역.강북구청,2
20221231,강북구,09835,청소년독서실,1
20221231,강북구,09836,믿음슈퍼,1
20221231,강북구,09837,형제슈퍼,1
20221231,강북구,09841,당진슈퍼,1
20221231,강북구,09843,우광슈퍼,1
20221231,강북구,09844,기도원입구,1
20221231,강북구,09845,인수초중학교,1
20221231,강북구,09847,미양중고등학교,1
20221231,강북구,09848,영순슈퍼,1
20221231,강북구,09851,해청빌라,1
20221231,강북구,09853,벽산아파트,1
20221231,강북구,09854,금강슈퍼,1
20221231,강북구,09856,모아빌라,1
20221231,강북구,09857,국립419민주묘지삼거리.윤극영가옥,1
20221231,강북구,09859,청화슈퍼,1
20221231,강북구,09860,동문굿모닝힐,1
20221231,강북구,09861,본원정사,1
20221231,강북구,09862,국립419묘지,1
20221231,강북구,09863,주공5단지,2
20221231,강북구,09865,번동초등학교,2
20221231,강북구,09868,로얄공인중계사무소,2
20221231,강북구,09870,강북문화정보도서관.해모로아파트,1
20221231,강북구,09872,금호.현대아파트,2
20221231,강북구,09873,강북보건소앞.번2동주민센터,1
20221231,강북구,09875,백련사,1
20221231,강북구,09876,강북보건소.번2동주민센터,2
20221231,강북구,09877,신성빌라,1
20221231,강북구,09878,강북구민운동장.4단지,2
20221231,강북구,09880,아카데미하우스.통일교육원,1
20221231,강북구,09881,번동슈퍼,1
20221231,강북구,09882,한양아파트입구.삼덕상운,2
20221231,강북구,09883,주공3단지정문,2
20221231,강북구,09884,기산아파트.2단지후문,2
20221231,강북구,09885,신원아파트.북서울꿈의교회,2
20221231,강북구,09886,주공1.2단지한진아파트,1
20221231,강북구,09887,오현초등학교,1
20221231,강북구,09888,주공1.2단지한진아파트,1
20221231,강북구,09890,번3동주민센터,1
20221231,강북구,09893,현대백화점.E마트.빅토리아호텔,2
20221231,강북구,09894,미아사거리역.롯데백화점,4
20221231,강북구,09895,광산사거리,3
20221231,강북구,09896,보람빌딩,2
20221231,강북구,09897,번동5거리.북부노동지청,2
20221231,강북구,09898,금강산병원.전자공단,2
20221231,강북구,09899,하나은행.새마을금고,2
20221231,강북구,09903,우이3교,1
20221231,강북구,09905,당진슈퍼,1
20221231,강북구,09908,삼성래미안아파트,1
20221231,강북구,09909,성우아파트,1
20221231,강북구,09913,미아사거리역,2
20221231,강북구,09920,두산위브아파트,1
20221231,강북구,09934,한영교회,1
20221231,강북구,09936,달팽이계단,1
20221231,강북구,09937,대성빌라정문,1
20221231,강북구,09938,신구한일아파트입구,1
20221231,강북구,09939,실버복지센터,1
20221231,강북구,09940,남양빌라,1
20221231,강북구,09941,미아역3번출구,1
20221231,강북구,09942,미아역1번출구,1
20221231,강북구,09943,수유시장,1
20221231,강북구,09944,요진아파트,1
20221231,강북구,09945,우일빌딩앞,1
20221231,강북구,09946,신구한일아파트입구,1
20221231,강북구,09947,대성빌라정문,1
20221231,강북구,09948,달팽이계단,1
20221231,강북구,09949,한영교회,1
20221231,강북구,09950,한국전력공사,1
20221231,강북구,09994,창문여고앞,3
20221231,도봉구,10001,도봉산역,15
20221231,도봉구,10002,도봉산역,15
20221231,도봉구,10003,도봉한신아파트,15
20221231,도봉구,10004,도봉한신아파트,15
20221231,도봉구,10005,서울북부지방법원.검찰청.도봉역성황당,14
20221231,도봉구,10006,서울북부지방법원.검찰청.도봉역성황당,14
20221231,도봉구,10007,신도봉사거리,13
20221231,도봉구,10008,신도봉사거리,14
20221231,도봉구,10009,도봉소방서.방학남부역,12
20221231,도봉구,10010,도봉소방서.방학남부역,14
20221231,도봉구,10011,도봉보건소,14
20221231,도봉구,10012,도봉보건소.북한산아이파크아파트,14
20221231,도봉구,10013,도봉구민회관.도봉문화원,15
20221231,도봉구,10014,도봉구민회관.도봉문화원,14
20221231,도봉구,10015,쌍문역,17
20221231,도봉구,10016,쌍문역,14
20221231,도봉구,10017,우이1교앞,15
20221231,도봉구,10018,우이1교앞,14
20221231,도봉구,10019,신도봉시장.도봉구청.방학북부역,14
20221231,도봉구,10020,신도봉시장.도봉구청.방학북부역,15
20221231,도봉구,10103,도봉동한신아파트,2
20221231,도봉구,10104,도봉동한신아파트,2
20221231,도봉구,10105,녹천역,1
20221231,도봉구,10107,서울북부지방법원.검찰청.도봉역성황당,2
20221231,도봉구,10108,서울북부지방법원.검찰청.도봉역성황당,2
20221231,도봉구,10109,도봉견인차량보관소,2
20221231,도봉구,10110,도봉견인차량보관소,2
20221231,도봉구,10111,방학역,1
20221231,도봉구,10113,도봉소방서,1
20221231,도봉구,10114,도봉소방서,1
20221231,도봉구,10115,방학사거리.바로선병원,2
20221231,도봉구,10116,방학사거리,2
20221231,도봉구,10117,도봉보건소,1
20221231,도봉구,10118,도봉보건소,1
20221231,도봉구,10119,함석헌기념관.정의여중고,4
20221231,도봉구,10120,함석헌기념관.정의여중고,3
20221231,도봉구,10121,도봉구민회관.도봉문화원,4
20221231,도봉구,10122,도봉구민회관.도봉문화원,3
20221231,도봉구,10124,쌍문역.쌍문역골목시장,3
20221231,도봉구,10126,쌍문역,6
20221231,도봉구,10127,우이1교앞,5
20221231,도봉구,10129,서울북부지방법원.검찰청.성우아파트,3
20221231,도봉구,10130,서울북부지방법원.검찰청.성우아파트,3
20221231,도봉구,10131,법조타운공영주차장,2
20221231,도봉구,10132,법조타운공영주차장,2
20221231,도봉구,10133,도봉구청,4
20221231,도봉구,10134,도봉구청,2
20221231,도봉구,10135,방학1동대상타운현대삼성아파트,4
20221231,도봉구,10136,방학1동대상타운현대삼성아파트,2
20221231,도봉구,10137,창동쌍용.성원아파트,4
20221231,도봉구,10138,창동쌍용아파트,4
20221231,도봉구,10139,자운고등학교앞,4
20221231,도봉구,10140,자운고등학교앞,4
20221231,도봉구,10141,창동동아청솔아파트,4
20221231,도봉구,10142,창동동아청솔아파트,4
20221231,도봉구,10143,창동농협물류센터,5
20221231,도봉구,10144,창동농협물류센터,6
20221231,도봉구,10145,창동농협물류센터,6
20221231,도봉구,10146,창동역동측,3
20221231,도봉구,10147,창동동아아파트,3
20221231,도봉구,10148,창동동아아파트,3
20221231,도봉구,10149,창동주공19단지,3
20221231,도봉구,10150,창동주공19단지,3
20221231,도봉구,10151,창동주공18단지,3
20221231,도봉구,10152,창동주공18단지,3
20221231,도봉구,10153,도봉산입구,4
20221231,도봉구,10154,도봉고등학교,4
20221231,도봉구,10155,김근태기념도서관.도봉고등학교,4
20221231,도봉구,10156,도봉역,3
20221231,도봉구,10157,도봉역,4
20221231,도봉구,10158,노원교,3
20221231,도봉구,10159,노원교,3
20221231,도봉구,10160,성대야구장노원교앞,2
20221231,도봉구,10161,천주교도봉동교회,3
20221231,도봉구,10162,천주교도봉동교회,5
20221231,도봉구,10163,오봉초등학교,2
20221231,도봉구,10164,오봉초등학교,4
20221231,도봉구,10165,방학2동공영주차장,2
20221231,도봉구,10166,방학2동공영주차장,4
20221231,도봉구,10167,방학2동주민센터,2
20221231,도봉구,10168,방학2동주민센터,4
20221231,도봉구,10172,신방학중학교앞,3
20221231,도봉구,10173,방학동신우빌라,2
20221231,도봉구,10174,방학동신우빌라,2
20221231,도봉구,10175,방학동삼익세라믹,2
20221231,도봉구,10176,방학동삼익세라믹,1
20221231,도봉구,10177,쌍문동청구아파트,2
20221231,도봉구,10178,쌍문동청구아파트,1
20221231,도봉구,10179,샘말어린이공원,1
20221231,도봉구,10180,방학중학교정문,2
20221231,도봉구,10181,방학중학교정문,2
20221231,도봉구,10182,신한은행방학동지점,1
20221231,도봉구,10183,신한은행방학동지점,1
20221231,도봉구,10184,연산군.정의공주묘,4
20221231,도봉구,10185,연산군정의공주묘,5
20221231,도봉구,10186,방학동신동아타워,7
20221231,도봉구,10187,방학동신동아타워,4
20221231,도봉구,10188,방학3동신동아프라자,4
20221231,도봉구,10189,방학동신동아아파트,7
20221231,도봉구,10190,방학동신동아아파트,6
20221231,도봉구,10191,국민은행방학지점,7
20221231,도봉구,10192,국민은행방학지점,6
20221231,도봉구,10193,신한은행방학동지점,7
20221231,도봉구,10194,신한은행방학동지점,5
20221231,도봉구,10195,방학사거리,5
20221231,도봉구,10196,방학사거리,5
20221231,도봉구,10197,서울문화고등학교,2
20221231,도봉구,10198,서울문화고등학교,3
20221231,도봉구,10199,서울문화고등학교,3
20221231,도봉구,10200,쌍문동청한빌라,4
20221231,도봉구,10201,쌍문동청한빌라,3
20221231,도봉구,10202,쌍문동우이빌라,4
20221231,도봉구,10203,쌍문동우이빌라,4
20221231,도봉구,10204,초당초등학교,4
20221231,도봉구,10205,초당초등학교,3
20221231,도봉구,10206,방학동우성아파트,4
20221231,도봉구,10207,방학동우성.청구아파트,3
20221231,도봉구,10208,방학3동신동아프라자,3
20221231,도봉구,10209,방학3동주민센터,4
20221231,도봉구,10210,쌍문동성원아파트,3
20221231,도봉구,10211,쌍문동성원아파트,3
20221231,도봉구,10212,쌍문동한양.현대아파트,5
20221231,도봉구,10213,쌍문동현대.한양아파트,5
20221231,도봉구,10214,쌍문동삼익금호1차아파트,4
20221231,도봉구,10215,쌍문동금호1차삼익아파트,5
20221231,도봉구,10216,도봉구보건소앞,3
20221231,도봉구,10217,도봉구보건소앞,4
20221231,도봉구,10218,북서울교회,7
20221231,도봉구,10219,서라벌중학교.우이동대우아파트,7
20221231,도봉구,10221,덕성여대입구,7
20221231,도봉구,10222,쌍문초등학교,2
20221231,도봉구,10223,쌍문초등학교,2
20221231,도봉구,10224,숭미초등학교,3
20221231,도봉구,10225,숭미초등학교,3
20221231,도봉구,10226,둘리뮤지엄.대우이안극동아파트,3
20221231,도봉구,10227,둘리뮤지엄.대우이안극동아파트,4
20221231,도봉구,10228,창동주공1단지,3
20221231,도봉구,10229,창동주공1단지아파트,2
20221231,도봉구,10231,서울북부지방법원등기국,3
20221231,도봉구,10232,서울북부지방법원등기국,2
20221231,도봉구,10234,창동역서측,1
20221231,도봉구,10235,창4동주민센터,1
20221231,도봉구,10236,창4동주민센터,3
20221231,도봉구,10241,창동주공4단지,2
20221231,도봉구,10242,창동주공4단지,2
20221231,도봉구,10244,도봉문화정보도서관,2
20221231,도봉구,10245,도봉문화정보도서관,3
20221231,도봉구,10246,창림초교창동신창아파트앞,3
20221231,도봉구,10247,창림초교창동신창아파트앞,3
20221231,도봉구,10248,국립현대미술관창동레지던시,5
20221231,도봉구,10249,국립현대미술관창동레지던시,4
20221231,도봉구,10250,창동서울탁주앞,5
20221231,도봉구,10251,창동서울탁주앞,5
20221231,도봉구,10252,창2동주민센터.보건지소,3
20221231,도봉구,10253,창2동주민센터.보건지소,3
20221231,도봉구,10256,창2동한일아파트,1
20221231,도봉구,10257,창1동제1공영주차장입구,1
20221231,도봉구,10258,한신아파트101동앞,1
20221231,도봉구,10259,KT도봉지점,1
20221231,도봉구,10260,창동청구빌라,1
20221231,도봉구,10261,창동청구빌라,2
20221231,도봉구,10262,창동대우아파트입구,2
20221231,도봉구,10263,창동대우아파트입구,1
20221231,도봉구,10264,창동대우아파트,2
20221231,도봉구,10265,창동역동측(도봉방면),4
20221231,도봉구,10266,창동역동측(노원방면),8
20221231,도봉구,10269,서울가든아파트앞,1
20221231,도봉구,10270,창1동주민센터,1
20221231,도봉구,10271,창1동주민센터,1
20221231,도봉구,10272,창동주공3단지,1
20221231,도봉구,10273,창동주공3단지,1
20221231,도봉구,10276,세그루학원,3
20221231,도봉구,10277,세그루학원,4
20221231,도봉구,10278,창동주공17단지,3
20221231,도봉구,10279,창동주공17단지,3
20221231,도봉구,10280,창3동염광아트필,2
20221231,도봉구,10281,창3동염광아트빌,2
20221231,도봉구,10282,한승미메이드아파트,2
20221231,도봉구,10283,한승미메이드아파트,2
20221231,도봉구,10284,북서울농협창동지점,2
20221231,도봉구,10285,북서울농협창동지점,2
20221231,도봉구,10286,신화초교입구,2
20221231,도봉구,10287,신화초교입구,2
20221231,도봉구,10292,서울외국어고등학교,1
20221231,도봉구,10293,서울외국어고등학교,1
20221231,도봉구,10294,방학동도깨비시장입구,1
20221231,도봉구,10295,거성학마을아파트,1
20221231,도봉구,10296,도봉새마을금고본점,1
20221231,도봉구,10297,창5동현대아파트,2
20221231,도봉구,10298,창5동현대1차아파트,3
20221231,도봉구,10299,창동아이파크,3
20221231,도봉구,10301,창번교,1
20221231,도봉구,10302,방학3동주민센터,4
20221231,도봉구,10303,도봉동서광아파트,2
20221231,도봉구,10304,정병원,3
20221231,도봉구,10305,창동고등학교,2
20221231,도봉구,10306,정의여중고입구,3
20221231,도봉구,10309,도깨비시장,2
20221231,도봉구,10310,방학동도깨비시장,2
20221231,도봉구,10311,태영데시앙아파트,4
20221231,도봉구,10312,창번교앞,1
20221231,도봉구,10313,금용아파트,2
20221231,도봉구,10314,창번2교앞,3
20221231,도봉구,10315,대우아파트104동,2
20221231,도봉구,10317,도봉산입구,4
20221231,도봉구,10320,샘말어린이공원,1
20221231,도봉구,10321,안방학동,1
20221231,도봉구,10325,동아운수앞,7
20221231,도봉구,10330,창동.신창시장,5
20221231,도봉구,10331,신창.창동시장,4
20221231,도봉구,10333,안방학동,1
20221231,도봉구,10334,안방학동,1
20221231,도봉구,10335,창동농협물류센터,4
20221231,도봉구,10336,태영데시앙아파트,3
20221231,도봉구,10337,방학중학교,3
20221231,도봉구,10339,도봉산역광역환승센터,8
20221231,도봉구,10340,도봉산역광역환승센터,4
20221231,도봉구,10341,도봉산역광역환승센터,4
20221231,도봉구,10342,한국사회봉사회,4
20221231,도봉구,10343,한국사회봉사회,5
20221231,도봉구,10411,창동교,1
20221231,도봉구,10412,창동교,1
20221231,도봉구,10413,녹천교,1
20221231,도봉구,10414,녹천교,1
20221231,도봉구,10502,도봉여성센터,1
20221231,도봉구,10503,한일병원,2
20221231,도봉구,10504,동익아파트,1
20221231,도봉구,10505,꽃동네,1
20221231,도봉구,10509,한일병원입구,2
20221231,도봉구,10510,용호약국,1
20221231,도봉구,10511,에덴약국,1
20221231,도봉구,10512,청한빌라,2
20221231,도봉구,10515,사거리슈퍼,1
20221231,도봉구,10516,쌍문1동현대아파트,1
20221231,도봉구,10517,우이성당,2
20221231,도봉구,10519,방학동성원아파트.방학3동주민센터,1
20221231,도봉구,10521,믿음주유소,1
20221231,도봉구,10522,오복슈퍼,1
20221231,도봉구,10526,쌍문1동주민센터,2
20221231,도봉구,10527,환승장.기숙사,3
20221231,도봉구,10528,덕성여대후문.효문중고교앞,2
20221231,도봉구,10529,창동아이파크,2
20221231,도봉구,10531,도봉구보건소앞,2
20221231,도봉구,10532,쌍문초등학교,3
20221231,도봉구,10533,쌍문1치안센터,2
20221231,도봉구,10535,신일라이프아파트,2
20221231,도봉구,10536,시립도봉노인종합복지관,2
20221231,도봉구,10537,경기푸른미래관,2
20221231,도봉구,10540,방학삼성래미안1단지아파트,2
20221231,도봉구,10541,소피아호텔,2
20221231,도봉구,10542,쌍문동현대1차아파트,2
20221231,도봉구,10546,미래빌라,2
20221231,도봉구,10549,도봉중학교.서원아파트,1
20221231,도봉구,10550,창동한신아파트,1
20221231,도봉구,10551,성원아파트,2
20221231,도봉구,10553,세무서앞,1
20221231,도봉구,10556,창동중앙약국,1
20221231,도봉구,10557,선덕사거리.세그루학원입구,2
20221231,도봉구,10560,서울북부지방검찰청.한양수자인아파트,1
20221231,도봉구,10561,오봉초등학교,1
20221231,도봉구,10563,방학3동주민센터,1
20221231,도봉구,10564,청구아파트,3
20221231,도봉구,10565,엘지전자,1
20221231,도봉구,10568,시온슈퍼,1
20221231,도봉구,10569,창성빌라,1
20221231,도봉구,10570,김수영문학관,1
20221231,도봉구,10572,서울북부지방법원,1
20221231,도봉구,10573,부부슈퍼,1
20221231,도봉구,10575,벽산아파트,1
20221231,도봉구,10578,삼거리슈퍼,1
20221231,도봉구,10580,방학3동주민센터,1
20221231,도봉구,10582,믿음주유소,1
20221231,도봉구,10583,쌍문초등학교,3
20221231,도봉구,10584,창동고등학교,1
20221231,도봉구,10585,도봉역,1
20221231,도봉구,10586,성황당,1
20221231,도봉구,10587,창2동주민센터·보건지소,2
20221231,도봉구,10588,금호타운,2
20221231,도봉구,10590,사거리슈퍼앞,1
20221231,도봉구,10592,대우.삼성서비스센터,1
20221231,도봉구,10593,도봉1동주민센터.럭키아파트,1
20221231,도봉구,10594,창2동건영아파트,1
20221231,도봉구,10597,용호약국,1
20221231,도봉구,10598,오복슈퍼,1
20221231,도봉구,10599,도봉경찰서.창4동주민센터,1
20221231,도봉구,10600,유원극동아파트,1
20221231,도봉구,10604,도봉1파출소,1
20221231,도봉구,10612,쌍문동한양아파트,2
20221231,도봉구,10617,거성학마을아파트,1
20221231,도봉구,10637,쌍문1동현대아파트,1
20221231,도봉구,10638,한신아파트후문,1
20221231,도봉구,10657,창북중학교,2
20221231,도봉구,10667,윤성빌라.다리앞,1
20221231,도봉구,10697,에덴약국,1
20221231,도봉구,10698,도봉파크빌2단지,1
20221231,도봉구,10700,녹천북부역,1
20221231,도봉구,10701,창1동대우그린아파트,1
20221231,도봉구,10702,창일중학교,1
20221231,도봉구,10703,창동역서측,1
20221231,도봉구,10704,상아아파트,1
20221231,도봉구,10705,옛고을길입구,1
20221231,도봉구,10706,창일중학교,1
20221231,도봉구,10707,주공4단지후문,1
20221231,도봉구,10710,창동아이파크,1
20221231,도봉구,10711,북한산아이파크,1
20221231,도봉구,10713,북한산아이파크,1
20221231,도봉구,10714,창동아이파크,1
20221231,도봉구,10722,도봉초등학교,1
20221231,도봉구,10726,도봉구보건소앞,2
20221231,도봉구,10734,경기푸른미래관,2
20221231,도봉구,10735,서원아파트,3
20221231,도봉구,10736,창동이마트,1
20221231,도봉구,10737,누원고등학교.한신아파트정문,1
20221231,도봉구,10740,서울문화고등학교,3
20221231,도봉구,10744,부대앞,1
20221231,도봉구,10745,소피아호텔,2
20221231,도봉구,10747,청구아파트,4
20221231,도봉구,10754,쌍문1치안센터,2
20221231,도봉구,10757,무수골,1
20221231,도봉구,10775,정의여중고,2
20221231,도봉구,10777,덕성여대후문.효문중고교앞,2
20221231,도봉구,10778,부대앞,1
20221231,도봉구,10779,신일라이프아파트,2
20221231,도봉구,10780,약초원.동아슈퍼,2
20221231,도봉구,10781,도봉초등학교,1
20221231,도봉구,10783,우이1교,2
20221231,도봉구,10784,우이성당,2
20221231,도봉구,10785,엘지전자,1
20221231,도봉구,10786,한신아파트정문,1
20221231,도봉구,10787,윤성빌라.다리앞,1
20221231,도봉구,10789,한일병원입구,2
20221231,도봉구,10790,청한빌라,2
20221231,도봉구,10791,도봉파크빌3단지,1
20221231,도봉구,10792,도봉1파출소,1
20221231,도봉구,10797,도봉1동주민센터.럭키아파트,1
20221231,도봉구,10798,신동아아파트16동,1
20221231,도봉구,10799,도봉산역,1
20221231,도봉구,10800,성황당,1
20221231,도봉구,10802,도봉파크빌3단지,1
20221231,도봉구,10803,삼거리슈퍼,1
20221231,도봉구,10804,대원그린아파트.도봉실버센터,1
20221231,도봉구,10805,부부슈퍼,1
20221231,도봉구,10806,방학동극동아파트.방학동천주교성당,2
20221231,도봉구,10807,시온슈퍼,1
20221231,도봉구,10808,방학중학교,1
20221231,도봉구,10809,오봉초등학교,1
20221231,도봉구,10810,누원고등학교.한신아파트정문,1
20221231,도봉구,10812,도봉파크빌2단지앞,1
20221231,도봉구,10813,도봉중학교.서원아파트,2
20221231,도봉구,10814,극동유원아파트후문,1
20221231,도봉구,10815,도봉구청,2
20221231,도봉구,10816,삼환아파트후문,1
20221231,도봉구,10818,삼환.동아에코빌아파트,1
20221231,도봉구,10819,대상타운현대아파트,2
20221231,도봉구,10820,노원교.성대야구장,1
20221231,도봉구,10821,서울문화고등학교,2
20221231,도봉구,10822,서울북부지방법원,1
20221231,도봉구,10826,서울북부지방검찰청.한양수자인아파트,1
20221231,도봉구,10828,하나약국,1
20221231,도봉구,10831,한신아파트정문,1
20221231,도봉구,10834,약초원.동아슈퍼,2
20221231,도봉구,10836,환승장.기숙사,3
20221231,도봉구,10838,법종사,1
20221231,도봉구,10841,효문중학교,2
20221231,도봉구,10842,효문중학교,2
20221231,도봉구,10843,도봉중학교후문,1
20221231,도봉구,10997,방학동도깨비시장입구,1
20221231,도봉구,10999,온누리교회,1
20221231,노원구,11101,공릉시장,5
20221231,노원구,11102,공릉시장,5
20221231,노원구,11103,태릉입구역4번출구,10
20221231,노원구,11104,태릉입구역3번출구,9
20221231,노원구,11105,태릉입구역,11
20221231,노원구,11106,태릉입구역,10
20221231,노원구,11107,공릉1동삼익아파트,4
20221231,노원구,11108,공릉초등학교,1
20221231,노원구,11109,대주아파트,1
20221231,노원구,11110,공릉행복발전소,1
20221231,노원구,11111,공릉대아2차아파트,4
20221231,노원구,11112,태릉사거리,3
20221231,노원구,11113,경춘선숲길.토끼굴앞,8
20221231,노원구,11114,주유소앞다운복지관,11
20221231,노원구,11115,태릉사거리,3
20221231,노원구,11116,서울생활사박물관.농협앞,9
20221231,노원구,11117,태릉입구역7번출구.서울생활사박물관,11
20221231,노원구,11118,화랑대역1번출구,11
20221231,노원구,11119,공연초등학교,1
20221231,노원구,11120,공릉역,1
20221231,노원구,11121,서울과학기술대앞,4
20221231,노원구,11122,동신아파트,4
20221231,노원구,11123,현대성우아파트,1
20221231,노원구,11124,동부아파트,3
20221231,노원구,11125,한보아파트.삼익아파트,1
20221231,노원구,11126,삼익아파트.한보아파트,1
20221231,노원구,11127,원자력병원,2
20221231,노원구,11128,원자력병원입구,4
20221231,노원구,11129,안마을,3
20221231,노원구,11130,두산힐스빌아파트,3
20221231,노원구,11131,두산힐스빌아파트,3
20221231,노원구,11132,안마을,4
20221231,노원구,11133,공릉해링턴플레이스,2
20221231,노원구,11134,효성화운트빌원자력병원후문,3
20221231,노원구,11135,공릉우방아파트,3
20221231,노원구,11136,태릉현대아파트,3
20221231,노원구,11137,화랑타운아파트,3
20221231,노원구,11138,청솔아파트,3
20221231,노원구,11139,화랑대역2번출구,11
20221231,노원구,11140,화랑대사거리,6
20221231,노원구,11141,화랑대사거리,6
20221231,노원구,11142,경춘선숲길.화랑대역공원,6
20221231,노원구,11143,경춘선숲길.화랑대역공원,6
20221231,노원구,11144,서울여대.육군사관학교행정안내소,6
20221231,노원구,11145,서울여대.육군사관학교행정안내소,6
20221231,노원구,11146,태릉국제사격장,6
20221231,노원구,11147,태릉국제사격장,6
20221231,노원구,11148,태릉,6
20221231,노원구,11149,태릉,6
20221231,노원구,11150,태릉선수촌,6
20221231,노원구,11151,태릉선수촌,6
20221231,노원구,11152,한국스포츠정책과학원,6
20221231,노원구,11153,한국스포츠정책과학원,6
20221231,노원구,11154,삼육대앞,7
20221231,노원구,11155,삼육대앞,7
20221231,노원구,11156,담터고개,7
20221231,노원구,11157,원자력병원공릉동삼익2차아파트,3
20221231,노원구,11158,예수사랑교회,3
20221231,노원구,11159,서울과학기술대입구,5
20221231,노원구,11160,서울과학기술대입구,5
20221231,노원구,11161,공릉역1번출구,10
20221231,노원구,11162,공릉역4번출구,10
20221231,노원구,11163,공릉신도2차아파트,1
20221231,노원구,11164,공릉대동2차아파트,1
20221231,노원구,11165,공릉대동2차아파트,1
20221231,노원구,11166,노원문화원,1
20221231,노원구,11167,노원문화원,1
20221231,노원구,11168,용원초등학교,1
20221231,노원구,11169,용원초등학교,1
20221231,노원구,11170,공릉동.동신아파트앞,3
20221231,노원구,11171,공릉2단지,1
20221231,노원구,11172,서울과학기술대학교후문,2
20221231,노원구,11173,영화교회,1
20221231,노원구,11174,서울과학기술대학교후문,2
20221231,노원구,11175,공릉삼익아파트,1
20221231,노원구,11176,공연초등학교,4
20221231,노원구,11177,공릉역,4
20221231,노원구,11178,공릉1단지후문,1
20221231,노원구,11180,상계주공9단지,8
20221231,노원구,11181,노원고등학교,3
20221231,노원구,11182,임광아파트상가,3
20221231,노원구,11183,상계주공7단지,10
20221231,노원구,11184,대림아파트상가,9
20221231,노원구,11185,도봉면허시험장,17
20221231,노원구,11186,도봉면허시험장,14
20221231,노원구,11187,상계주공7단지,4
20221231,노원구,11188,상계주공7단지.광림교회앞,7
20221231,노원구,11189,상계10동우체국,4
20221231,노원구,11190,청원고등학교,2
20221231,노원구,11191,상계주공9단지,2
20221231,노원구,11192,온곡중학교노원정보도서관,2
20221231,노원구,11193,온곡중학교노원정보도서관,6
20221231,노원구,11194,두산아파트.도심공항수락터미널,3
20221231,노원구,11195,두산아파트.도심공항수락터미널,3
20221231,노원구,11196,수락산역3번출구,14
20221231,노원구,11197,수락산역,13
20221231,노원구,11198,노일초등학교,9
20221231,노원구,11199,노원초등학교,9
20221231,노원구,11200,상계현대2차아파트,2
20221231,노원구,11201,상계현대3차아파트,2
20221231,노원구,11202,수락리버시티아파트,3
20221231,노원구,11203,수락리버시티아파트,3
20221231,노원구,11204,수락중고등학교,5
20221231,노원구,11205,수락중고등학교,5
20221231,노원구,11206,은빛아파트2단지,5
20221231,노원구,11207,홍파복지원미주아파트,5
20221231,노원구,11208,상계초등학교,7
20221231,노원구,11209,상계초등학교,5
20221231,노원구,11210,노원역9번출구,12
20221231,노원구,11211,노원역1번출구,7
20221231,노원구,11212,롯데백화점노원점,2
20221231,노원구,11213,와우패션클럽,2
20221231,노원구,11214,중앙하이츠2차아파트,2
20221231,노원구,11215,상계중학교정문,3
20221231,노원구,11216,상계중학교,3
20221231,노원구,11217,코오롱아파트.양지대림아파트,3
20221231,노원구,11218,상계119안전센터,3
20221231,노원구,11219,상계119안전센터,3
20221231,노원구,11220,상계동주유소,3
20221231,노원구,11221,상계동주유소,3
20221231,노원구,11222,상계중앙시장입구,5
20221231,노원구,11223,상계중앙시장입구,5
20221231,노원구,11224,흥안운수종점,3
20221231,노원구,11225,흥안운수종점,3
20221231,노원구,11226,불암현대아파트,3
20221231,노원구,11227,동아불암아파트,3
20221231,노원구,11228,동아불암아파트,3
20221231,노원구,11229,상계시장,3
20221231,노원구,11230,불암대림아파트,3
20221231,노원구,11231,불암대림아파트,3
20221231,노원구,11232,흥안운수상계4동종점,3
20221231,노원구,11233,상계역,2
20221231,노원구,11234,상신교회,2
20221231,노원구,11235,상신교회,2
20221231,노원구,11236,계상초등학교,2
20221231,노원구,11237,상계5동주민센터,4
20221231,노원구,11238,상계한신2차아파트,4
20221231,노원구,11239,상계한신2차아파트,4
20221231,노원구,11240,상계벽산아파트,4
20221231,노원구,11242,상계2동주민센터,3
20221231,노원구,11243,벽산아파트103동,3
20221231,노원구,11244,상계주공3단지,15
20221231,노원구,11245,상계주공2단지,10
20221231,노원구,11246,상계주공1단지,14
20221231,노원구,11247,마들근린공원.노원에코센터,4
20221231,노원구,11248,마들근린공원.노원에코센터,3
20221231,노원구,11250,노원구청,3
20221231,노원구,11251,노원구청,5
20221231,노원구,11252,노원구청,7
20221231,노원구,11253,상계주공2단지223동,1
20221231,노원구,11254,상계주공2단지,1
20221231,노원구,11255,상계주공6단지,14
20221231,노원구,11256,상계주공4단지,9
20221231,노원구,11257,백병원,14
20221231,노원구,11260,상계6.7동주민센터,3
20221231,노원구,11261,상계중학교,3
20221231,노원구,11262,상계2동주민센터,2
20221231,노원구,11266,상경초등학교,2
20221231,노원구,11267,상계주공15단지,8
20221231,노원구,11268,상계주공11단지,7
20221231,노원구,11269,상계주공10단지,6
20221231,노원구,11270,노원고등학교,3
20221231,노원구,11271,상계주공10단지상가,3
20221231,노원구,11272,상계주공14단지,8
20221231,노원구,11273,상계주공12단지,8
20221231,노원구,11274,보람아파트1단지,2
20221231,노원구,11275,보람아파트2단지,2
20221231,노원구,11276,청원고등학교,2
20221231,노원구,11277,상계주공12단지1202동,3
20221231,노원구,11278,광운대역,4
20221231,노원구,11279,광운대역,4
20221231,노원구,11280,월계현대아파트,4
20221231,노원구,11281,월계현대아파트,5
20221231,노원구,11282,물류센터,4
20221231,노원구,11283,석계역1번출구.A,16
20221231,노원구,11284,석계역2번출구,18
20221231,노원구,11285,광운대학교,3
20221231,노원구,11286,월계삼거리,3
20221231,노원구,11291,청백아파트1단지,3
20221231,노원구,11292,대우아파트,3
20221231,노원구,11293,청백아파트3단지4단지,2
20221231,노원구,11294,청백아파트3단지4단지,2
20221231,노원구,11295,초안아파트.흥화브라운빌아파트,2
20221231,노원구,11296,초안아파트.흥화브라운빌아파트,2
20221231,노원구,11297,쌍용스윗닷홈아파트,2
20221231,노원구,11298,신창중학교후문,2
20221231,노원구,11299,신창중학교후문,2
20221231,노원구,11300,염광고등학교,4
20221231,노원구,11301,염광고등학교,4
20221231,노원구,11302,월계주공1단지상가,4
20221231,노원구,11303,월계공단,4
20221231,노원구,11304,월계종합사회복지관,2
20221231,노원구,11305,월계종합사회복지관,2
20221231,노원구,11306,월계주공2단지,4
20221231,노원구,11307,월계주공1단지,4
20221231,노원구,11308,인덕대학교,3
20221231,노원구,11309,인덕대학교,3
20221231,노원구,11310,월계주공108동앞롯데캐슬루나아파트,5
20221231,노원구,11311,인덕대학,5
20221231,노원구,11312,한진한화그랑빌아파트,17
20221231,노원구,11313,한진한화그랑빌아파트,5
20221231,노원구,11314,한천초등학교,5
20221231,노원구,11315,한천초등학교,5
20221231,노원구,11316,월계동대우아파트,1
20221231,노원구,11317,월계미성아파트,5
20221231,노원구,11318,월계미륭아파트,4
20221231,노원구,11319,월계미륭아파트,5
20221231,노원구,11320,월계삼호아파트,5
20221231,노원구,11321,월계삼호아파트,5
20221231,노원구,11322,월계삼호4차아파트,5
20221231,노원구,11323,월계삼호4차아파트,5
20221231,노원구,11324,녹천초등학교월계이마트,1
20221231,노원구,11325,녹천초등학교월계이마트,1
20221231,노원구,11326,월계사슴아파트2단지,3
20221231,노원구,11327,월계사슴아파트3단지,2
20221231,노원구,11328,월계역,3
20221231,노원구,11329,월계역,2
20221231,노원구,11330,대우아파트,3
20221231,노원구,11331,인덕삼거리,6
20221231,노원구,11332,신도브래뉴.한전노원변전소,7
20221231,노원구,11333,광운중.광운인공지능고등학교,4
20221231,노원구,11334,광운중.광운인공지능고등학교,5
20221231,노원구,11335,광운대학교,4
20221231,노원구,11336,월계삼거리,4
20221231,노원구,11337,롯데캐슬루나아파트,6
20221231,노원구,11338,인덕대앞,8
20221231,노원구,11339,월계보건지소,10
20221231,노원구,11340,월계보건지소,9
20221231,노원구,11341,교육촌.벼루말,2
20221231,노원구,11343,장석교회,1
20221231,노원구,11344,쌍용스윗닷홈아파트,2
20221231,노원구,11345,인덕삼거리,4
20221231,노원구,11346,신도브래뉴.한전노원변전소,5
20221231,노원구,11347,상명고등학교.성원아파트,6
20221231,노원구,11348,중계1동주민센터,4
20221231,노원구,11349,은행사거리,5
20221231,노원구,11350,양지근린공원,1
20221231,노원구,11351,서라벌고등학교,2
20221231,노원구,11352,불암중학교,2
20221231,노원구,11353,불암중학교,2
20221231,노원구,11354,중계주공10단지.중계건영3차아파트,5
20221231,노원구,11355,롯데우성아파트,5
20221231,노원구,11356,중계구민체육센터,5
20221231,노원구,11357,중계구민체육센터,5
20221231,노원구,11358,롯데마트,4
20221231,노원구,11359,을지중학교,1
20221231,노원구,11360,을지중학교,1
20221231,노원구,11361,청암중.고등학교,1
20221231,노원구,11364,중계주공5단지514동,1
20221231,노원구,11365,원광초등학교,1
20221231,노원구,11366,중계역,11
20221231,노원구,11367,노원구민의전당,13
20221231,노원구,11368,건영옴니백화점,1
20221231,노원구,11369,브라운스톤중계.우리은행앞,2
20221231,노원구,11370,서울아이티고등학교,1
20221231,노원구,11371,서울아이티고등학교,1
20221231,노원구,11372,어린이교통공원,3
20221231,노원구,11373,중계역,11
20221231,노원구,11374,서울시립북서울미술관,14
20221231,노원구,11375,중계건영2차아파트,5
20221231,노원구,11376,중계역2번출구,5
20221231,노원구,11377,상명초등학교,4
20221231,노원구,11378,중계3단지목련아파트,4
20221231,노원구,11379,상명고등학교,6
20221231,노원구,11380,목련아파트상가,4
20221231,노원구,11381,중계목화아파트4단지,4
20221231,노원구,11382,용동초등학교,2
20221231,노원구,11383,용동초등학교,2
20221231,노원구,11384,2001아울렛중계점,1
20221231,노원구,11385,서울시립북서울미술관후문,1
20221231,노원구,11386,홈플러스중계점,2
20221231,노원구,11387,노원평생학습관,2
20221231,노원구,11388,대진여자고등학교,1
20221231,노원구,11389,청계초등학교,1
20221231,노원구,11390,중계역1번출구,2
20221231,노원구,11391,상계역,4
20221231,노원구,11392,상계역,3
20221231,노원구,11393,상계역,3
20221231,노원구,11394,중계주공3단지,3
20221231,노원구,11395,중계주공2단지,3
20221231,노원구,11396,중계주공4단지,3
20221231,노원구,11397,중계주공4단지,3
20221231,노원구,11398,중계1동주민센터,3
20221231,노원구,11399,신한은행중계본동지점,5
20221231,노원구,11400,기업은행중계동지점,3
20221231,노원구,11401,공릉신도2차아파트,1
20221231,노원구,11402,노원문화예술회관.불암초등학교,3
20221231,노원구,11403,노원문화예술회관.불암초등학교,5
20221231,노원구,11404,영신여자고등학교입구,3
20221231,노원구,11405,불암고등학교,5
20221231,노원구,11406,중계본동주민센터,5
20221231,노원구,11407,노원우체국,5
20221231,노원구,11408,노원우체국,5
20221231,노원구,11409,중계본동종점,5
20221231,노원구,11410,중계주공7단지,2
20221231,노원구,11411,중계주공6단지상가,4
20221231,노원구,11412,대림벽산아파트,2
20221231,노원구,11413,중계주공6단지,4
20221231,노원구,11414,은행사거리,7
20221231,노원구,11415,대림벽산아파트,1
20221231,노원구,11416,하계역,15
20221231,노원구,11417,하계미성아파트,6
20221231,노원구,11418,서울과학기술대앞,4
20221231,노원구,11419,중계주공9단지후문,1
20221231,노원구,11420,중계주공9단지후문,1
20221231,노원구,11421,삼익선경아파트후문.시립과학관,1
20221231,노원구,11422,한신동성아파트.시립과학관,1
20221231,노원구,11423,삼익선경아파트,1
20221231,노원구,11424,대진고등학교.하계우방아파트,1
20221231,노원구,11425,하계미성아파트.을지병원,7
20221231,노원구,11426,하계역,6
20221231,노원구,11428,한성여객종점,6
20221231,노원구,11429,한성여객종점,5
20221231,노원구,11430,상계중앙하이츠2단지,1
20221231,노원구,11431,북부여성발전센터앞,1
20221231,노원구,11432,그린아파트101동앞,1
20221231,노원구,11433,대진고등학교,4
20221231,노원구,11434,골마을근린공원,4
20221231,노원구,11435,서울온천,4
20221231,노원구,11436,하계1동주민센터,4
20221231,노원구,11437,노원경찰서.혜성여고,4
20221231,노원구,11438,노원경찰서,4
20221231,노원구,11439,동천학교,2
20221231,노원구,11440,동천학교,2
20221231,노원구,11441,서라벌고등학교,2
20221231,노원구,11442,하계현대아파트,4
20221231,노원구,11443,홈플러스중계점,2
20221231,노원구,11444,하계한신청구아파트,1
20221231,노원구,11445,경기기계공업고등학교,4
20221231,노원구,11446,한천중학교,4
20221231,노원구,11447,하계역,16
20221231,노원구,11448,하계장미아파트,7
20221231,노원구,11449,하계2동주민센터,1
20221231,노원구,11450,하계2동주민센터,1
20221231,노원구,11451,중평초등학교,1
20221231,노원구,11452,하계극동아파트,10
20221231,노원구,11453,하계시영아파트,9
20221231,노원구,11454,하계우성아파트,10
20221231,노원구,11455,하계장미아파트,11
20221231,노원구,11456,중평초등학교,2
20221231,노원구,11457,석계역1번출구,2
20221231,노원구,11458,중계1동신안아파트,1
20221231,노원구,11459,하계5단지아파트,1
20221231,노원구,11460,그린아파트101동앞,1
20221231,노원구,11461,북부여성발전센터앞,1
20221231,노원구,11462,당현초등학교,1
20221231,노원구,11463,상계주공2단지상가,1
20221231,노원구,11464,월계미성아파트,5
20221231,노원구,11465,벼루말교,4
20221231,노원구,11466,청구빌라.연촌초등학교,1
20221231,노원구,11467,청구빌라.연촌초등학교,1
20221231,노원구,11468,벼루말교,3
20221231,노원구,11469,하계1치안센터,1
20221231,노원구,11470,하계1치안센터,1
20221231,노원구,11474,월계중학교,2
20221231,노원구,11475,염광중학교후문,2
20221231,노원구,11476,물류센터,5
20221231,노원구,11477,월계역신도브래뉴아파트앞,1
20221231,노원구,11478,태릉입구,3
20221231,노원구,11479,석계역2번출구,2
20221231,노원구,11481,석계역1번출구.B,5
20221231,노원구,11482,삼화상운차고지,3
20221231,노원구,11485,월계동진아교통,5
20221231,노원구,11486,월계동진아교통,5
20221231,노원구,11487,중계본동종점,2
20221231,노원구,11489,한성여객종점,2
20221231,노원구,11490,한진한화그랑빌아파트,2
20221231,노원구,11491,흥안운수상계4동종점,3
20221231,노원구,11493,삼화상운,1
20221231,노원구,11499,유원극동아파트,2
20221231,노원구,11500,유원극동아파트,2
20221231,노원구,11501,월계미륭아파트,1
20221231,노원구,11502,7단지영업소,2
20221231,노원구,11503,수락리버시티3.4단지,1
20221231,노원구,11504,7단지영업소,2
20221231,노원구,11505,경춘선숲길방문자센터,3
20221231,노원구,11506,월계주공1단지아파트앞,1
20221231,노원구,11507,불암산스포츠타운,1
20221231,노원구,11508,중계본동종점,1
20221231,노원구,11509,불암산스포츠타운,1
20221231,노원구,11511,수락현대아파트,1
20221231,노원구,11512,서울특별시북부기술교육원,1
20221231,노원구,11513,상계8동주민센터,1
20221231,노원구,11514,온곡초등학교,1
20221231,노원구,11515,상계역,2
20221231,노원구,11516,수락산디자인거리,1
20221231,노원구,11518,상계주공11단지,1
20221231,노원구,11519,보람아파트앞,1
20221231,노원구,11520,수락리버시티3.4단지,1
20221231,노원구,11521,상계3동파출소,1
20221231,노원구,11522,7호선수락산역,1
20221231,노원구,11524,마들역,1
20221231,노원구,11527,오뚜기슈퍼,1
20221231,노원구,11530,상계주공9단지,1
20221231,노원구,11531,계상초등학교,3
20221231,노원구,11532,대동아파트,3
20221231,노원구,11534,또또슈퍼,1
20221231,노원구,11535,상계주공14단지,2
20221231,노원구,11537,청원고등학교,1
20221231,노원구,11538,수락산역,1
20221231,노원구,11539,대동택시,1
20221231,노원구,11540,14단지상가,2
20221231,노원구,11541,건영옴니백화점,1
20221231,노원구,11542,상계주공9단지.포레나노원,1
20221231,노원구,11545,럭키수퍼,1
20221231,노원구,11546,상원초등학교,2
20221231,노원구,11549,주유소앞,1
20221231,노원구,11550,건민약국앞,3
20221231,노원구,11551,노일중학교,1
20221231,노원구,11552,한신1차아파트후문,1
20221231,노원구,11553,청원고등학교후문,2
20221231,노원구,11554,벽산상가,1
20221231,노원구,11556,롯데백화점,1
20221231,노원구,11557,공릉역,3
20221231,노원구,11558,상계1차현대아파트,1
20221231,노원구,11559,은성마트,1
20221231,노원구,11560,상계주공13단지,2
20221231,노원구,11562,노원역10번출구,2
20221231,노원구,11563,노원구청앞,5
20221231,노원구,11564,공릉천주교회,3
20221231,노원구,11566,한신1차아파트정문,1
20221231,노원구,11567,보람아파트정문,2
20221231,노원구,11571,한신3차아파트,1
20221231,노원구,11572,인덕대입구,1
20221231,노원구,11576,상계주공15단지,1
20221231,노원구,11577,보람사거리,1
20221231,노원구,11579,공릉보건지소,1
20221231,노원구,11581,광운대역,1
20221231,노원구,11583,청솔7단지아파트,1
20221231,노원구,11585,태강아파트,1
20221231,노원구,11587,대림아파트105동앞,1
20221231,노원구,11589,노원구청,2
20221231,노원구,11590,상계6동우체국,4
20221231,노원구,11591,현대아파트,1
20221231,노원구,11592,하계2동주민센터,1
20221231,노원구,11593,상신교회,2
20221231,노원구,11594,석계역,1
20221231,노원구,11595,노원역2번출구,2
20221231,노원구,11596,노원역5번출구,2
20221231,노원구,11597,장미6단지아파트,1
20221231,노원구,11599,화진연립,1
20221231,노원구,11601,KT전화국,2
20221231,노원구,11602,중계센트럴파크아파트,1
20221231,노원구,11603,장석교회,1
20221231,노원구,11604,교육촌.벼루말,1
20221231,노원구,11605,꿈의숲SK뷰아파트,1
20221231,노원구,11607,석계역문화공원,1
20221231,노원구,11609,꿈의숲SK뷰아파트,1
20221231,노원구,11611,장석교회,1
20221231,노원구,11631,태강아파트,1
20221231,노원구,11634,장미5단지아파트,1
20221231,노원구,11664,당고개역,5
20221231,노원구,11675,동신아파트,1
20221231,노원구,11680,순복음교회,1
20221231,노원구,11689,수락산역,2
20221231,노원구,11714,공릉동두산아파트,1
20221231,노원구,11723,하계역,1
20221231,노원구,11781,지에스마트,1
20221231,노원구,11784,보람아파트상가,2
20221231,노원구,11793,삼창아파트,1
20221231,노원구,11796,포레나노원,1
20221231,노원구,11801,청솔7단지앞,3
20221231,노원구,11803,경춘선숲길방문자센터,3
20221231,노원구,11804,메디아이산부인과,1
20221231,노원구,11809,공릉보건지소,1
20221231,노원구,11818,보람1차후문,1
20221231,노원구,11819,상계주공13단지,3
20221231,노원구,11827,노일초교,2
20221231,노원구,11828,노일초교앞,2
20221231,노원구,11829,마들역,8
20221231,노원구,11830,마들역,8
20221231,노원구,11831,노원역,1
20221231,노원구,11832,노원역,1
20221231,노원구,11833,중계역,1
20221231,노원구,11834,중계역,1
20221231,노원구,11835,하계역,1
20221231,노원구,11836,하계역,1
20221231,노원구,11842,동신아파트,1
20221231,노원구,11843,청백아파트,1
20221231,노원구,11844,청백아파트,1
20221231,노원구,11845,월계주공2단지앞,1
20221231,노원구,11846,인덕대앞,1
20221231,노원구,11847,청원고등학교,1
20221231,노원구,11848,청백아파트종점,2
20221231,노원구,11859,롯데캐슬루나아파트,1
20221231,노원구,11860,인덕대학,1
20221231,노원구,11861,인덕대학,1
20221231,노원구,11862,롯데캐슬루나아파트,1
20221231,노원구,11863,수락터미널,2
20221231,노원구,11865,노원여성개발센터,1
20221231,노원구,11866,상계2동주민센터,1
20221231,노원구,11867,온곡중학교,1
20221231,노원구,11868,청원고등학교후문,3
20221231,노원구,11869,화진연립,1
20221231,노원구,11874,석계역,1
20221231,노원구,11875,마들역,1
20221231,노원구,11879,수락리버시티3.4단지,2
20221231,노원구,11880,14단지상가,2
20221231,노원구,11881,농협,1
20221231,노원구,11882,동일초등학교,1
20221231,노원구,11884,월계1동주민센터,1
20221231,노원구,11885,주공11단지성당,1
20221231,노원구,11886,건민약국앞,3
20221231,노원구,11887,상계주공14단지,1
20221231,노원구,11888,광운대역,1
20221231,노원구,11890,대아아파트,3
20221231,노원구,11893,대주아파트,3
20221231,노원구,11894,7호선수락산역,1
20221231,노원구,11897,대동아파트,3
20221231,노원구,11898,성원아파트,1
20221231,노원구,11899,수락산디자인거리,1
20221231,노원구,11901,공릉초등학교,3
20221231,노원구,11902,보람1차후문,1
20221231,노원구,11903,수락현대아파트,1
20221231,노원구,11904,하계실버센터,1
20221231,노원구,11906,지에스마트,1
20221231,노원구,11907,벽산상가,1
20221231,노원구,11910,현대우성아파트,1
20221231,노원구,11915,미도아파트앞,1
20221231,노원구,11916,상계현대3차아파트,1
20221231,노원구,11926,24시편의점,3
20221231,노원구,11927,원자력병원입구,3
20221231,노원구,11928,상원초등학교,3
20221231,노원구,11929,상원중학교,2
20221231,노원구,11930,대주아파트,3
20221231,노원구,11931,노원역8번출구,3
20221231,노원구,11933,서울과학기술대학교정문앞,1
20221231,노원구,11934,대학본부앞,1
20221231,노원구,11935,붕어방,1
20221231,노원구,11936,대학본부앞,1
20221231,노원구,11937,서울과학기술대학교정문앞,1
20221231,노원구,11938,중계그린아파트,1
20221231,노원구,11939,브라운스톤중계,1
20221231,노원구,11990,당고개역,7
20221231,노원구,11992,동막골유원지,1
20221231,노원구,11994,상계3.4동주민센터,7
20221231,노원구,11995,상계3.4동주민센터,7
20221231,노원구,11996,상계4동,7
20221231,노원구,11997,동막골유원지,2
20221231,은평구,12001,덕은교.은평차고지앞,17
20221231,은평구,12002,덕은교.은평차고지앞,23
20221231,은평구,12003,수색교,21
20221231,은평구,12004,수색교,22
20221231,은평구,12005,수색역앞,21
20221231,은평구,12006,수색역앞,22
20221231,은평구,12007,디지털미디어시티역,30
20221231,은평구,12008,디지털미디어시티역,23
20221231,은평구,12009,은평뉴타운10단지,23
20221231,은평구,12010,은평뉴타운10단지,21
20221231,은평구,12011,구파발역입구,15
20221231,은평구,12012,구파발역입구,16
20221231,은평구,12013,박석고개.신도고등학교,25
20221231,은평구,12014,박석고개.신도고등학교,25
20221231,은평구,12015,세명컴퓨터고등학교,24
20221231,은평구,12016,세명컴퓨터고등학교,24
20221231,은평구,12017,연신내역.연서시장,22
20221231,은평구,12018,연신내역.연서시장,22
20221231,은평구,12019,동명여고.천주교불광동성당,24
20221231,은평구,12020,동명여고.천주교불광동성당,24
20221231,은평구,12021,불광역3.6호선,24
20221231,은평구,12022,불광역3.6호선,23
20221231,은평구,12023,불광역3호선.서울혁신파크,19
20221231,은평구,12024,불광역3호선.서울혁신파크,19
20221231,은평구,12025,한전서대문은평.북한산푸르지오,19
20221231,은평구,12026,한전서대문은평.북한산푸르지오,17
20221231,은평구,12027,녹번역,17
20221231,은평구,12028,녹번역,15
20221231,은평구,12103,불광역1번출구,1
20221231,은평구,12104,불광역3.6호선,1
20221231,은평구,12105,동명여고,1
20221231,은평구,12106,연신내역,3
20221231,은평구,12107,선일하이츠빌라,1
20221231,은평구,12109,세명컴퓨터고등학교,1
20221231,은평구,12111,구파발역2번출구,15
20221231,은평구,12112,구파발역.롯데몰,19
20221231,은평구,12113,구파발역.롯데몰,10
20221231,은평구,12117,박석고개,1
20221231,은평구,12118,신한은행갈현지점,1
20221231,은평구,12119,연신내역,4
20221231,은평구,12120,동명여고,2
20221231,은평구,12121,불광역3.6호선,1
20221231,은평구,12122,불광역4번출구,5
20221231,은평구,12125,녹번역,11
20221231,은평구,12126,은평구청,12
20221231,은평구,12127,은평세무서,8
20221231,은평구,12128,본서부병원,8
20221231,은평구,12129,신진과학기술고교.이마트은평점,3
20221231,은평구,12130,응암역신사오거리,3
20221231,은평구,12131,응암역신사오거리,4
20221231,은평구,12132,신진과학기술고교.이마트은평점,4
20221231,은평구,12133,본서부병원,8
20221231,은평구,12134,은평세무서,7
20221231,은평구,12135,은평구청,12
20221231,은평구,12137,녹번초등학교.은평세무서,3
20221231,은평구,12138,역촌역.역촌오거리,7
20221231,은평구,12139,삼성타운,6
20221231,은평구,12140,구산역1번출구.예일여고,5
20221231,은평구,12141,역촌중앙시장,6
20221231,은평구,12142,구산사거리,6
20221231,은평구,12143,선진운수종점,6
20221231,은평구,12144,선정중고등학교,3
20221231,은평구,12145,806의무경찰대.우남아파트,3
20221231,은평구,12146,806의무경찰대.우남아파트,3
20221231,은평구,12147,선정중고등학교,3
20221231,은평구,12148,선진운수종점,8
20221231,은평구,12149,구산사거리,6
20221231,은평구,12150,역촌중앙시장,6
20221231,은평구,12151,구산역2번출구.예일여고,5
20221231,은평구,12152,하나은행역촌동지점,5
20221231,은평구,12153,역촌역.역촌오거리,6
20221231,은평구,12154,녹번초등학교.은평세무서,3
20221231,은평구,12155,응암초등학교,6
20221231,은평구,12156,은평문화예술정보학교,7
20221231,은평구,12157,응암오거리,9
20221231,은평구,12158,신사초등학교,4
20221231,은평구,12159,신사동고개사거리,3
20221231,은평구,12160,신사동고개사거리,4
20221231,은평구,12161,신사초등학교,4
20221231,은평구,12162,응암오거리,7
20221231,은평구,12163,은평문화예술정보학교,6
20221231,은평구,12164,응암초등학교,6
20221231,은평구,12165,대림시장,5
20221231,은평구,12166,대림시장,5
20221231,은평구,12167,응암역.신사오거리,6
20221231,은평구,12168,신흥시장,6
20221231,은평구,12169,새절역,9
20221231,은평구,12170,와산교,8
20221231,은평구,12172,증산종합시장.증산중학교입구,8
20221231,은평구,12173,증산종합시장.증산중학교입구,8
20221231,은평구,12174,증산역.증산동주민센터,8
20221231,은평구,12175,와산교,8
20221231,은평구,12176,새절역.숭실고입구,10
20221231,은평구,12177,신흥시장,6
20221231,은평구,12178,응암역.신사오거리,6
20221231,은평구,12179,역촌초등학교,4
20221231,은평구,12180,역말사거리,5
20221231,은평구,12181,구산역2번출구.예일여고,5
20221231,은평구,12182,구산역1번출구,7
20221231,은평구,12183,대조동주민센터,8
20221231,은평구,12184,연신내역.로데오거리,8
20221231,은평구,12185,연서시장,5
20221231,은평구,12186,종로약국,5
20221231,은평구,12187,불광지구대,4
20221231,은평구,12188,북한산대창센시티아파트,4
20221231,은평구,12189,은평경찰서,6
20221231,은평구,12190,폭포동,3
20221231,은평구,12192,신도중학교,3
20221231,은평구,12195,은평노인종합복지관.신도중학교,3
20221231,은평구,12197,폭포동.은평노인종합복지관,3
20221231,은평구,12198,은평경찰서,6
20221231,은평구,12199,연신초등학교,4
20221231,은평구,12200,불광지구대,4
20221231,은평구,12201,새장골유래비,5
20221231,은평구,12202,연서시장,5
20221231,은평구,12203,연신내역.로데오거리,7
20221231,은평구,12204,은평연세병원,8
20221231,은평구,12205,구산역4번출구,5
20221231,은평구,12206,구산역3번출구.예일여고,6
20221231,은평구,12207,역말사거리,5
20221231,은평구,12208,역촌초등학교,4
20221231,은평구,12209,응암역2번출구,4
20221231,은평구,12210,신사동고개.은평지역자활센터,3
20221231,은평구,12211,서울기독대학교입구,6
20221231,은평구,12212,시립서북병원세현교회앞,5
20221231,은평구,12213,구산중학교.구산교회,5
20221231,은평구,12214,구산동주민센터.구산치안센터,5
20221231,은평구,12215,구산동주민센터.구산치안센터,5
20221231,은평구,12216,구산중학교.구산교회,6
20221231,은평구,12217,시립서북병원세현교회앞,6
20221231,은평구,12218,서울기독대학교입구,6
20221231,은평구,12219,우남교통,6
20221231,은평구,12220,신사동고개.은평지역자활센터,4
20221231,은평구,12221,갈현1동주민센터,1
20221231,은평구,12222,한일탕,1
20221231,은평구,12223,한일탕,1
20221231,은평구,12224,갈현1동주민센터,4
20221231,은평구,12225,불광롯데캐슬아파트,2
20221231,은평구,12227,진관초교입구,6
20221231,은평구,12229,푸르지오625동앞.관음사입구,6
20221231,은평구,12230,삼천리골입구56사단북한산부대,7
20221231,은평구,12231,백화사,4
20221231,은평구,12232,흥국사,4
20221231,은평구,12233,북한산성입구,4
20221231,은평구,12234,북한산성입구,4
20221231,은평구,12235,흥국사,4
20221231,은평구,12236,백화사,4
20221231,은평구,12237,삼천리골입구56사단북한산부대,7
20221231,은평구,12238,진관초교관음사입구,6
20221231,은평구,12239,푸르지오618동앞.관음사입구,6
20221231,은평구,12240,진관중고교약수사입구,6
20221231,은평구,12241,응암2동주민센터,2
20221231,은평구,12242,응암2동주민센터,2
20221231,은평구,12243,이마트.은평점,2
20221231,은평구,12244,서부경찰서,2
20221231,은평구,12245,해주드림빌APT,2
20221231,은평구,12246,역촌역.역촌오거리,2
20221231,은평구,12247,대조시장앞,2
20221231,은평구,12248,양광교회앞,5
20221231,은평구,12249,불광역.불광1동주민센터,3
20221231,은평구,12250,독박골.북한산래미안APT앞,3
20221231,은평구,12251,구기터널입구,3
20221231,은평구,12252,구기터널입구,3
20221231,은평구,12253,독박골.북한산래미안APT,3
20221231,은평구,12254,불광역.불광1동주민센터,3
20221231,은평구,12255,양광교회,7
20221231,은평구,12256,대조시장,4
20221231,은평구,12257,역촌오거리,4
20221231,은평구,12258,역촌역1번출구,2
20221231,은평구,12259,서부경찰서,2
20221231,은평구,12260,이마트.은평점,2
20221231,은평구,12261,응암1동주민센터,2
20221231,은평구,12262,영락중학교입구,2
20221231,은평구,12263,시립은평병원,2
20221231,은평구,12264,백련산힐스테이트4차,3
20221231,은평구,12265,충암고교앞.대주피오레아파트,2
20221231,은평구,12266,충암고교앞.대주피오레아파트,2
20221231,은평구,12267,백련산힐스테이트2차,3
20221231,은평구,12268,시립은평병원,2
20221231,은평구,12269,영락중학교입구,2
20221231,은평구,12270,응암1동주민센터,2
20221231,은평구,12271,한솔아파트입구선정중학교후문,5
20221231,은평구,12272,갈현동미미아파트,4
20221231,은평구,12273,선일여고입구,4
20221231,은평구,12274,갈현동성당앞,4
20221231,은평구,12275,갈현동성당앞,4
20221231,은평구,12276,선일여고입구,4
20221231,은평구,12277,갈현동미미아파트,4
20221231,은평구,12278,한솔아파트입구선정중학교후문,4
20221231,은평구,12279,불광역9번출구.불광초등학교,2
20221231,은평구,12280,불광대호아파트,2
20221231,은평구,12281,불광1동공동주차장앞,2
20221231,은평구,12282,불광1치안센터.독바위역,2
20221231,은평구,12283,수리초등학교입구,2
20221231,은평구,12284,북한산수자인아파트,2
20221231,은평구,12285,불광중학교,2
20221231,은평구,12286,북한산대창센시티아파트,2
20221231,은평구,12287,북한산대창센시티아파트,2
20221231,은평구,12288,불광중학교,2
20221231,은평구,12289,북한산수자인아파트,2
20221231,은평구,12290,수리초등학교입구,2
20221231,은평구,12291,불광1치안센터.독바위역,2
20221231,은평구,12292,불광1동공동주차장앞,2
20221231,은평구,12293,불광대호아파트,2
20221231,은평구,12294,불광초등학교,3
20221231,은평구,12295,신사동고개사거리,2
20221231,은평구,12296,백련산SK뷰아이파크아파트,4
20221231,은평구,12303,서부경찰서후문,3
20221231,은평구,12304,신진과학기술고등학교,6
20221231,은평구,12305,응암시장,5
20221231,은평구,12307,서서울농협본점,5
20221231,은평구,12308,신진과학기술고등학교,5
20221231,은평구,12309,서부경찰서후문,2
20221231,은평구,12310,디지털미디어시티역,7
20221231,은평구,12311,수색역,2
20221231,은평구,12314,덕은교.은평차고지앞,9
20221231,은평구,12315,덕은교.은평차고지앞,14
20221231,은평구,12316,수색교,1
20221231,은평구,12317,수색119안전센터,1
20221231,은평구,12318,수색역,1
20221231,은평구,12319,디지털미디어시티역,1
20221231,은평구,12320,수색초등학교,3
20221231,은평구,12321,수색대림아파트,3
20221231,은평구,12322,은평터널앞,2
20221231,은평구,12323,수색대림아파트,3
20221231,은평구,12324,수색초등학교,3
20221231,은평구,12329,새마을금고앞,1
20221231,은평구,12330,새마을금고앞,1
20221231,은평구,12331,미성아파트앞,1
20221231,은평구,12332,미성아파트앞,1
20221231,은평구,12333,상신중학교앞,1
20221231,은평구,12334,상신중학교앞,1
20221231,은평구,12335,숭실고입구,2
20221231,은평구,12336,현대아파트앞,2
20221231,은평구,12337,현대아파트앞,2
20221231,은평구,12338,신사사거리,2
20221231,은평구,12339,신사사거리,2
20221231,은평구,12340,동명여고후문,1
20221231,은평구,12341,동명탕앞,1
20221231,은평구,12343,하나은행역촌동지점,1
20221231,은평구,12345,충북슈퍼앞,1
20221231,은평구,12347,역촌동주민센터,1
20221231,은평구,12350,제각말5단지.은평뉴타운도서관,3
20221231,은평구,12351,제각말5단지.은평뉴타운도서관,3
20221231,은평구,12361,연신초등학교,2
20221231,은평구,12364,증산역.증산동주민센터,8
20221231,은평구,12365,연신초등학교.연신내성당,2
20221231,은평구,12366,신사동고개,3
20221231,은평구,12367,시립서북병원,1
20221231,은평구,12368,신사동고개,2
20221231,은평구,12381,녹번역,12
20221231,은평구,12388,시립서북병원,1
20221231,은평구,12390,구산동사거리,4
20221231,은평구,12391,구산동사거리,4
20221231,은평구,12393,역촌동성당,1
20221231,은평구,12394,역촌동성당,1
20221231,은평구,12406,호림아파트앞,1
20221231,은평구,12409,은평권역공영차고지,4
20221231,은평구,12415,응암정보도서관,2
20221231,은평구,12416,응암정보도서관,2
20221231,은평구,12417,서울중앙교회앞,2
20221231,은평구,12418,우성공인중개사,2
20221231,은평구,12419,응암오거리,3
20221231,은평구,12420,갈현노인복지센터,1
20221231,은평구,12421,녹번동대림JR아파트앞,5
20221231,은평구,12422,연서중학교입구,8
20221231,은평구,12423,연서중학교입구,7
20221231,은평구,12424,지축교앞,7
20221231,은평구,12425,지축교앞,7
20221231,은평구,12426,진관중고교약수사입구,6
20221231,은평구,12427,응암3동주민센터,6
20221231,은평구,12429,롯데캐슬823동앞,13
20221231,은평구,12430,진관중고교.약수사앞,4
20221231,은평구,12431,아이파크701동앞,4
20221231,은평구,12432,푸르지오621동앞,3
20221231,은평구,12433,진관초교앞,1
20221231,은평구,12434,생태공원앞,1
20221231,은평구,12435,진관중고교.약수사앞,4
20221231,은평구,12436,래미안909동앞,14
20221231,은평구,12437,하나고.삼천사.진관사입구,3
20221231,은평구,12439,응암3동주민센터,5
20221231,은평구,12440,입곡삼거리,3
20221231,은평구,12441,입곡삼거리,4
20221231,은평구,12442,아이파크709동앞,1
20221231,은평구,12445,은진초교입구.은뜨락도서관,3
20221231,은평구,12446,은진초교입구.은뜨락도서관,3
20221231,은평구,12447,은평구민체육센터앞,3
20221231,은평구,12448,은평구민체육센터앞,3
20221231,은평구,12449,신도초중교입구.한국고전번역원,3
20221231,은평구,12450,신도초중교입구.한국고전번역원,3
20221231,은평구,12453,아이파크714동앞,4
20221231,은평구,12455,푸르지오604동앞,3
20221231,은평구,12456,푸르지오614동앞,3
20221231,은평구,12457,아이파크708동앞,3
20221231,은평구,12458,진관동주민센터.은평우체국,4
20221231,은평구,12459,진관동주민센터.은평우체국,2
20221231,은평구,12460,동부센트레빌324동앞,2
20221231,은평구,12461,두산위브253동앞,2
20221231,은평구,12462,동부센트레빌320동앞,2
20221231,은평구,12463,신도초교.은평메디텍고등학교,2
20221231,은평구,12464,하나고.삼천사.진관사입구,3
20221231,은평구,12465,두산위브205동앞,2
20221231,은평구,12466,래미안922동앞,10
20221231,은평구,12467,롯데캐슬820동앞,9
20221231,은평구,12469,진관공영차고지,14
20221231,은평구,12470,진관공영차고지,14
20221231,은평구,12471,기자촌11단지앞,3
20221231,은평구,12472,수국사입구,2
20221231,은평구,12473,응암초교.백련산힐스테이트3차,2
20221231,은평구,12474,신도초교.은평메디텍고등학교,2
20221231,은평구,12475,응암초교.백련산힐스테이트3차,2
20221231,은평구,12476,녹번센트레빌아파트,2
20221231,은평구,12477,녹번센트레빌아파트,2
20221231,은평구,12478,선진운수종점,5
20221231,은평구,12479,기자촌사거리,1
20221231,은평구,12480,갈현중앙시장,3
20221231,은평구,12481,갈현중앙시장,5
20221231,은평구,12498,덕산중학교.씨티아파트,1
20221231,은평구,12499,덕산중학교.두산위브아파트,1
20221231,은평구,12500,대성중.고등학교,1
20221231,은평구,12501,시립은평병원.파크자이아파트,2
20221231,은평구,12502,경향파크아파트,1
20221231,은평구,12503,12번지건영아파트,1
20221231,은평구,12504,상신초교.두산.한신아파트,1
20221231,은평구,12506,선일여고.빅데이터고,1
20221231,은평구,12507,신비로마트,2
20221231,은평구,12508,대동슈퍼,1
20221231,은평구,12509,미미슈퍼,1
20221231,은평구,12510,신사1동경로당,1
20221231,은평구,12511,미니마트,1
20221231,은평구,12512,미미아파트,1
20221231,은평구,12513,응암시장입구,2
20221231,은평구,12514,구산근린공원.GS편의점,1
20221231,은평구,12515,충남슈퍼,1
20221231,은평구,12516,라이프씨티후문.광성교회,1
20221231,은평구,12517,후레쉬유통,1
20221231,은평구,12518,갈현초교.로데오거리,1
20221231,은평구,12520,구산마트,1
20221231,은평구,12521,신창슈퍼,1
20221231,은평구,12522,역촌센트레빌,1
20221231,은평구,12523,그린마트,1
20221231,은평구,12524,연신내역.물빛공원,2
20221231,은평구,12525,금호아파트,1
20221231,은평구,12526,엔에스아파트,1
20221231,은평구,12527,대한슈퍼,1
20221231,은평구,12528,천사원입구.서북병원,1
20221231,은평구,12529,갈현1동주민센터,1
20221231,은평구,12531,서부경찰서후문,1
20221231,은평구,12532,미주아트빌,1
20221231,은평구,12533,한일탕,1
20221231,은평구,12534,GS편의점.제일영광교회,1
20221231,은평구,12536,은평세무서,1
20221231,은평구,12538,동아문구,1
20221231,은평구,12539,역촌노인복지관,1
20221231,은평구,12540,불광보건소,1
20221231,은평구,12541,은평문화예술회관,1
20221231,은평구,12542,구산전철역,1
20221231,은평구,12543,갈현1동주민센터,1
20221231,은평구,12544,역촌초등학교후문,1
20221231,은평구,12545,금강골드,1
20221231,은평구,12546,현대아파트,1
20221231,은평구,12547,삼성아파트후문,2
20221231,은평구,12548,우리들약국,1
20221231,은평구,12549,불광중학교,1
20221231,은평구,12550,삼거리,1
20221231,은평구,12551,동명탕,2
20221231,은평구,12553,갈현1동주민센터,1
20221231,은평구,12554,불광동팀수양관,1
20221231,은평구,12555,서울혁신파크,1
20221231,은평구,12556,동명여고후문,2
20221231,은평구,12558,그린마트,1
20221231,은평구,12559,불광중학교,1
20221231,은평구,12560,녹번전철역,3
20221231,은평구,12561,대조동우체국,2
20221231,은평구,12562,하나은행역촌지점,1
20221231,은평구,12563,후레쉬유통,1
20221231,은평구,12564,금강골드,1
20221231,은평구,12566,불광전철역,3
20221231,은평구,12567,갈헌1동주민센터,1
20221231,은평구,12568,미니마트,1
20221231,은평구,12569,불광보건소,1
20221231,은평구,12571,양광교회앞,3
20221231,은평구,12572,갈현노인복지센터,1
20221231,은평구,12573,석광사,1
20221231,은평구,12577,한일탕,1
20221231,은평구,12581,연신내역.물빛공원,2
20221231,은평구,12582,서강스카이빌,1
20221231,은평구,12584,금원빌라,1
20221231,은평구,12585,갈현초교.로데오거리,1
20221231,은평구,12588,영진빌라,1
20221231,은평구,12589,미미아파트,1
20221231,은평구,12590,응암시장입구,2
20221231,은평구,12592,일진빌라,1
20221231,은평구,12593,선일여고.빅데이터고,1
20221231,은평구,12594,신비로마트,2
20221231,은평구,12595,미주아트빌,1
20221231,은평구,12596,미곡빌라,1
20221231,은평구,12598,시립은평병원.파크자이아파트,2
20221231,은평구,12599,엔에스아파트,1
20221231,은평구,12600,양지빌라,1
20221231,은평구,12603,구산마트,1
20221231,은평구,12608,구파발역.롯데몰,1
20221231,은평구,12612,하나은행역촌지점,1
20221231,은평구,12615,구산근린공원.GS편의점,1
20221231,은평구,12623,은평마을,1
20221231,은평구,12627,대동슈퍼,1
20221231,은평구,12679,우리들약국,1
20221231,은평구,12682,역촌초등학교후문,1
20221231,은평구,12684,역촌노인복지관,1
20221231,은평구,12685,GS편의점.제일영광교회,1
20221231,은평구,12705,천사원입구,1
20221231,은평구,12706,역촌센트레빌,1
20221231,은평구,12713,라이프씨티아파트후문.광성교회,1
20221231,은평구,12714,신사1동경로당,1
20221231,은평구,12725,연신내역6번출구,2
20221231,은평구,12727,상신초교.두산.한신아파트,1
20221231,은평구,12733,청구성심병원후문,2
20221231,은평구,12741,역촌역,1
20221231,은평구,12742,역촌역,1
20221231,은평구,12743,응암역,1
20221231,은평구,12744,응암역,1
20221231,은평구,12745,새절역,1
20221231,은평구,12746,새절역,1
20221231,은평구,12747,증산역,1
20221231,은평구,12748,증산역,1
20221231,은평구,12750,연갈현공판장후문,2
20221231,은평구,12792,삼성래미안아파트,1
20221231,은평구,12794,현대힐스테이트1차정문,1
20221231,은평구,12795,현대힐스테이트1차후문,1
20221231,은평구,12804,현대홈타운아파트,1
20221231,은평구,12806,불광역9번출구,1
20221231,은평구,12807,현대홈타운아파트,1
20221231,은평구,12808,현대힐스테이트1차후문,1
20221231,은평구,12809,현대힐스테이트1차정문,1
20221231,은평구,12810,삼성래미안아파트,1
20221231,은평구,12811,힐스테이트302동앞,3
20221231,은평구,12812,힐스테이트116동앞,3
20221231,은평구,12813,서울연은초등학교,3
20221231,은평구,12814,힐스테이트1단지정문앞,3
20221231,은평구,12815,힐스테이트상가앞,1
20221231,은평구,12816,힐스테이트2단지후문앞,3
20221231,은평구,12817,서울연은초등학교,3
20221231,은평구,12818,힐스테이트212동앞,3
20221231,은평구,12819,힐스테이트302동앞,3
20221231,은평구,12820,태평양약국,1
20221231,은평구,12821,국민은행,2
20221231,은평구,12827,풍림아그네스앞,1
20221231,은평구,12828,역촌유치원입구,1
20221231,은평구,12829,새생명약국앞,1
20221231,은평구,12830,새생명약국앞,1
20221231,은평구,12831,역촌유치원입구,1
20221231,은평구,12832,풍림아그네스앞,1
20221231,은평구,12833,대림e편한세상1단지,1
20221231,은평구,12834,대림e편한세상2단지,1
20221231,은평구,12835,현대아파트입구,1
20221231,은평구,12836,임창빌라,1
20221231,은평구,12837,온누리약국,1
20221231,은평구,12838,G캐슬아파트,1
20221231,은평구,12839,길마어린이공원,1
20221231,은평구,12840,길천사우나,1
20221231,은평구,12841,대림모터스,1
20221231,은평구,12842,연서시장,1
20221231,은평구,12843,청구성심병원,1
20221231,은평구,12844,아름다운교회,1
20221231,은평구,12845,길마어린이공원,1
20221231,은평구,12846,G캐슬아파트,1
20221231,은평구,12847,한솔아파트입구,1
20221231,은평구,12848,온누리약국,1
20221231,은평구,12849,임창빌라,1
20221231,은평구,12850,현대아파트입구,1
20221231,은평구,12851,대림e편한세상2단지,1
20221231,은평구,12852,대림e편한세상1단지,1
20221231,은평구,12853,와산교,2
20221231,은평구,12854,서울정형외과,1
20221231,은평구,12855,벧엘블래스빌,1
20221231,은평구,12856,숭실고등학교,1
20221231,은평구,12857,숭실고등학교입구,1
20221231,은평구,12858,서신초교.내를건너서숲으로도서관,1
20221231,은평구,12859,삼거리.명진아파트,1
20221231,은평구,12860,안디옥교회.새절역,1
20221231,은평구,12861,신사초등학교.새절역,1
20221231,은평구,12863,상신초등학교입구,1
20221231,은평구,12864,행운슈퍼,1
20221231,은평구,12865,상신초교후문.산새마을종점,1
20221231,은평구,12866,행운슈퍼,1
20221231,은평구,12867,상신초등학교입구,2
20221231,은평구,12869,새절역,1
20221231,은평구,12870,삼거리.명진아파트,1
20221231,은평구,12871,서신초교.내를건너서숲으로도서관,1
20221231,은평구,12872,숭실고등학교입구,1
20221231,은평구,12873,경남아너스빌.서북병원,1
20221231,은평구,12874,힐스테이트상가,2
20221231,은평구,12875,서부중앙교회,1
20221231,은평구,12876,응암초등학교,1
20221231,은평구,12877,성암문구사거리,1
20221231,은평구,12880,응암감리교회대림시장앞,1
20221231,은평구,12881,응암동성당,1
20221231,은평구,12882,성암문구사거리,1
20221231,은평구,12883,응암초등학교,1
20221231,은평구,12884,백련산힐스테이트2차앞,1
20221231,은평구,12885,백련산힐스테이트2차상가앞,1
20221231,은평구,12886,은평세무서음식문화거리,1
20221231,은평구,12887,은평여성인력개발센터,1
20221231,은평구,12888,대조시장.NC백화점,1
20221231,은평구,12889,행정연구원건너편,1
20221231,은평구,12890,파크자이105동앞,1
20221231,은평구,12891,브라운스톤빌앞,1
20221231,은평구,12991,6번지입구,1
20221231,서대문구,13001,북가좌동삼거리,17
20221231,서대문구,13002,북가좌동삼거리,17
20221231,서대문구,13003,DMC래미안e.편한세상요진아파트,15
20221231,서대문구,13004,DMC래미안e.편한세상요진아파트,15
20221231,서대문구,13005,모래내시장.가좌역,22
20221231,서대문구,13006,모래내시장.가좌역,15
20221231,서대문구,13007,사천교,20
20221231,서대문구,13008,연희104고지앞.구성산회관,22
20221231,서대문구,13009,연희104고지앞.구성산회관,16
20221231,서대문구,13010,서대문우체국,23
20221231,서대문구,13011,서대문우체국,15
20221231,서대문구,13012,연세대앞,28
20221231,서대문구,13013,연세대앞,29
20221231,서대문구,13014,세브란스병원앞,12
20221231,서대문구,13015,세브란스병원앞,13
20221231,서대문구,13016,이대후문,19
20221231,서대문구,13017,이대후문,16
20221231,서대문구,13019,동교동삼거리,34
20221231,서대문구,13021,신촌오거리.현대백화점,41
20221231,서대문구,13023,신촌오거리.2호선신촌역,29
20221231,서대문구,13025,이대역,28
20221231,서대문구,13026,산골고개,21
20221231,서대문구,13027,산골고개,21
20221231,서대문구,13028,홍제역.서대문세무서,22
20221231,서대문구,13029,홍제역.서대문세무서,22
20221231,서대문구,13030,홍제삼거리.인왕산한신휴플러스,22
20221231,서대문구,13031,무악재역,22
20221231,서대문구,13032,무악재역,22
20221231,서대문구,13033,안산초등학교,22
20221231,서대문구,13034,독립문역.한성과학고,22
20221231,서대문구,13035,독립문역.한성과학고,22
20221231,서대문구,13036,영천시장,22
20221231,서대문구,13037,영천시장,19
20221231,서대문구,13038,서대문역,9
20221231,서대문구,13039,경찰청.동북아역사재단,13
20221231,서대문구,13040,인왕산.홍제원아파트,22
20221231,서대문구,13042,웨딩타운,23
20221231,서대문구,13044,아현역,27
20221231,서대문구,13045,충정로역,18
20221231,서대문구,13046,충정로역,12
20221231,서대문구,13047,서대문역사거리,19
20221231,서대문구,13107,모래내시장.가좌역,6
20221231,서대문구,13109,사천교,19
20221231,서대문구,13110,연희104고지앞.구성산회관,8
20221231,서대문구,13111,연희104고지앞.구성산회관,14
20221231,서대문구,13112,서대문우체국,4
20221231,서대문구,13113,서대문우체국,1
20221231,서대문구,13114,연세대학교앞,16
20221231,서대문구,13115,연대앞,1
20221231,서대문구,13116,세브란스병원,11
20221231,서대문구,13117,세브란스병원,1
20221231,서대문구,13118,이대부중,3
20221231,서대문구,13119,이대부중,5
20221231,서대문구,13120,이대부고,9
20221231,서대문구,13121,이대부고,4
20221231,서대문구,13122,홍은동동부센트레빌,1
20221231,서대문구,13123,산골고개,1
20221231,서대문구,13124,홍은사거리.북한산더샵아파트앞,2
20221231,서대문구,13125,홍제우체국,2
20221231,서대문구,13133,영천시장,3
20221231,서대문구,13134,금화초등학교.서울시교육청,9
20221231,서대문구,13137,충정로역2호선,14
20221231,서대문구,13140,이대역,4
20221231,서대문구,13141,신촌기차역입구,4
20221231,서대문구,13142,신촌역2호선,4
20221231,서대문구,13143,신촌아트레온,5
20221231,서대문구,13144,동교동삼거리연희동방면,11
20221231,서대문구,13145,연세로.명물거리,10
20221231,서대문구,13146,연세로.스타광장,6
20221231,서대문구,13147,연희동대우아파트,21
20221231,서대문구,13148,연희교차로,7
20221231,서대문구,13149,연희교차로,7
20221231,서대문구,13150,연희3거리,4
20221231,서대문구,13151,연희3거리,8
20221231,서대문구,13152,한성화교중고교.서대문소방서,6
20221231,서대문구,13153,한성화교중고교.서대문소방서,6
20221231,서대문구,13154,서대문자연사박물관입구,6
20221231,서대문구,13155,서대문자연사박물관입구,6
20221231,서대문구,13156,서대문구청.보건소.구의회,8
20221231,서대문구,13157,서대문구청.서대문구의회,7
20221231,서대문구,13158,동신병원,5
20221231,서대문구,13159,서대문구보건소별관,10
20221231,서대문구,13160,정원여중,9
20221231,서대문구,13161,정원여중.스위스그랜드호텔,5
20221231,서대문구,13162,홍은현대아파트.스위스그랜드호텔,10
20221231,서대문구,13163,홍은현대아파트,5
20221231,서대문구,13164,유진상가,4
20221231,서대문구,13165,유진상가,4
20221231,서대문구,13166,문화촌현대아파트,4
20221231,서대문구,13167,문화촌현대아파트,6
20221231,서대문구,13168,서울여자간호대학교.홍은초등학교,4
20221231,서대문구,13169,서울여자간호대학교.홍은초등학교,4
20221231,서대문구,13170,유원하나아파트,5
20221231,서대문구,13171,유원하나아파트,5
20221231,서대문구,13172,홍지문.옥천암,5
20221231,서대문구,13173,홍지문,4
20221231,서대문구,13174,북가좌2동주민센터,6
20221231,서대문구,13175,북가좌2동주민센터,6
20221231,서대문구,13176,KT가좌지사,6
20221231,서대문구,13177,KT가좌지사,5
20221231,서대문구,13178,동도하이츠아파트,5
20221231,서대문구,13179,동도하이츠아파트,5
20221231,서대문구,13180,DMC.파크뷰자이,7
20221231,서대문구,13181,삼성래미안2차아파트,7
20221231,서대문구,13182,모래내삼거리,7
20221231,서대문구,13183,DMC래미안e.편한세상2.4단지,6
20221231,서대문구,13184,모래내우체국.증가교회,6
20221231,서대문구,13185,북가좌삼호.DMC아이파크아파트,6
20221231,서대문구,13186,북가좌삼호.DMC아이파크아파트,6
20221231,서대문구,13188,DMC센트레빌아파트,6
20221231,서대문구,13189,DMC파크뷰자이.별동상가,6
20221231,서대문구,13190,래미안루센티아.DMC쌍용,3
20221231,서대문구,13191,명지대사거리,4
20221231,서대문구,13192,DMC에코자이아파트,3
20221231,서대문구,13193,DMC센트럴아이파크아파트,8
20221231,서대문구,13194,명지대,8
20221231,서대문구,13195,명지대,8
20221231,서대문구,13196,명지대삼거리,8
20221231,서대문구,13197,명지대삼거리,8
20221231,서대문구,13198,고은초등학교.홍제센트럴아이파크,6
20221231,서대문구,13199,신연중학교서대문도서관,7
20221231,서대문구,13200,백련교,6
20221231,서대문구,13201,서대문문화체육회관입구,4
20221231,서대문구,13202,홍연2교두산아파트앞,4
20221231,서대문구,13203,홍남교,2
20221231,서대문구,13204,연가교,2
20221231,서대문구,13205,연희파크푸르지오앞,4
20221231,서대문구,13206,홍연시장,4
20221231,서대문구,13207,연희홍연아파트,2
20221231,서대문구,13208,서대문구청,2
20221231,서대문구,13209,남가좌현대아파트,1
20221231,서대문구,13210,신촌기차역,11
20221231,서대문구,13211,신촌기차역,3
20221231,서대문구,13212,증산교앞,4
20221231,서대문구,13213,연희지하차도,2
20221231,서대문구,13214,연희지하차도,1
20221231,서대문구,13215,홍연2교현대교통종점,3
20221231,서대문구,13216,홍연2교현대교통종점,2
20221231,서대문구,13217,명지대입구.서울무용센터,4
20221231,서대문구,13218,명지중고등학교,8
20221231,서대문구,13219,명지중고등학교,8
20221231,서대문구,13220,명지전문대.충암중고등학교,9
20221231,서대문구,13221,명지전문대.충암중고등학교,8
20221231,서대문구,13222,연희동자치회관,5
20221231,서대문구,13223,연희동자치회관,4
20221231,서대문구,13224,서대문구보훈회관,5
20221231,서대문구,13225,서대문구보훈회관,4
20221231,서대문구,13226,홍남교.서대문두바퀴환경센터,4
20221231,서대문구,13227,홍남교.서대문두바퀴환경센터,4
20221231,서대문구,13228,백련시장,6
20221231,서대문구,13229,백련시장,5
20221231,서대문구,13230,명지대사거리.우리은행,6
20221231,서대문구,13231,명지대사거리국민은행앞,5
20221231,서대문구,13232,연가초교.DMC래미안클라시스,2
20221231,서대문구,13233,연가초.연희중.래미안클라시스,2
20221231,서대문구,13234,북가좌사거리,3
20221231,서대문구,13235,북가좌사거리,2
20221231,서대문구,13236,북가좌119안전센터,3
20221231,서대문구,13237,북가좌119안전센터,2
20221231,서대문구,13238,충정로역5호선,2
20221231,서대문구,13240,미동초등학교,4
20221231,서대문구,13241,DMC한양아파트,4
20221231,서대문구,13242,북가좌초교·DMC현대아파트,4
20221231,서대문구,13250,독립문역,1
20221231,서대문구,13252,서대문경찰서,3
20221231,서대문구,13253,충정로역2호선,17
20221231,서대문구,13256,연가교,2
20221231,서대문구,13258,명지대입구.신원지벤스타,4
20221231,서대문구,13259,현대백화점,13
20221231,서대문구,13260,서대문종합사회복지관,2
20221231,서대문구,13261,서대문종합사회복지관,3
20221231,서대문구,13262,홍남교백련시장입구,2
20221231,서대문구,13263,북가좌초교사거리,2
20221231,서대문구,13264,북가좌초교사거리,6
20221231,서대문구,13265,은가어린이공원구150번종점,2
20221231,서대문구,13266,증산교앞,1
20221231,서대문구,13267,DMC두산위브아파트,2
20221231,서대문구,13268,DMC두산위브아파트,3
20221231,서대문구,13270,독립문공원.극동아파트,8
20221231,서대문구,13278,봉원동사거리,1
20221231,서대문구,13279,봉원사,1
20221231,서대문구,13280,봉원사,1
20221231,서대문구,13281,봉원동사거리,1
20221231,서대문구,13282,삼호아파트,3
20221231,서대문구,13285,서부운수기점,3
20221231,서대문구,13299,중소기업은행,1
20221231,서대문구,13313,봉원사길,1
20221231,서대문구,13314,봉원사길,1
20221231,서대문구,13324,연세로.문학의거리,7
20221231,서대문구,13325,독립문역.서대문형무소역사관,1
20221231,서대문구,13326,독립문공원,1
20221231,서대문구,13327,남가좌동현대아파트후문,1
20221231,서대문구,13328,남가좌동현대아파트후문,2
20221231,서대문구,13329,산골고개,1
20221231,서대문구,13330,DMC래미안e-편한세상3단지,4
20221231,서대문구,13331,DMC래미안e-편한세상3단지,4
20221231,서대문구,13332,연흥교회,2
20221231,서대문구,13334,홍제역4번출구,2
20221231,서대문구,13335,남가좌동새마을금고,2
20221231,서대문구,13336,국립대한민국임시정부기념관,1
20221231,서대문구,13337,독립문파크빌,1
20221231,서대문구,13338,두산아파트,1
20221231,서대문구,13339,DMC.파크뷰자이,7
20221231,서대문구,13340,아현가구단지,2
20221231,서대문구,13341,DMC쌍용.래미안루센티아,3
20221231,서대문구,13500,정원슈퍼,1
20221231,서대문구,13501,홍은동국민주택,2
20221231,서대문구,13502,백련사,1
20221231,서대문구,13503,풍진베이스타운.안산자락길입구,1
20221231,서대문구,13505,개미마을,1
20221231,서대문구,13506,두산아파트,1
20221231,서대문구,13507,북아현삼거리,1
20221231,서대문구,13508,궁동근린공원입구,1
20221231,서대문구,13509,뜨란채아파트101동,1
20221231,서대문구,13510,삼성빌라,1
20221231,서대문구,13511,소공원,1
20221231,서대문구,13512,풍림.극동아파트,2
20221231,서대문구,13513,명지고후문,1
20221231,서대문구,13514,명진아트빌라,1
20221231,서대문구,13515,홍은초등학교,1
20221231,서대문구,13516,삼거리연탄가게,1
20221231,서대문구,13517,초원약국,1
20221231,서대문구,13518,추계초등학교,1
20221231,서대문구,13519,궁동근린공원회관,1
20221231,서대문구,13520,서서울농협홍은지점.동신병원,1
20221231,서대문구,13521,뜨란채아파트.노인복지관,1
20221231,서대문구,13522,금화장오거리,1
20221231,서대문구,13523,미성아파트,1
20221231,서대문구,13524,삼성그린빌,1
20221231,서대문구,13526,팔각정,1
20221231,서대문구,13527,고은초교삼거리,1
20221231,서대문구,13528,문화촌주유소,3
20221231,서대문구,13529,버드나무가게,1
20221231,서대문구,13530,신촌푸르지오1단지후문.힐스테이트신촌,1
20221231,서대문구,13531,새마을금고,1
20221231,서대문구,13532,서대문지역자활센터,1
20221231,서대문구,13534,산경아파트,1
20221231,서대문구,13535,경기대후문,1
20221231,서대문구,13536,홍은중학교,1
20221231,서대문구,13537,동원빌라,1
20221231,서대문구,13538,포방공영주차장,2
20221231,서대문구,13539,서대문문화체육회관,1
20221231,서대문구,13540,성원아파트,4
20221231,서대문구,13541,홍은사회복지관별관,4
20221231,서대문구,13542,금강빌라.인왕중학교,1
20221231,서대문구,13544,중앙여고,1
20221231,서대문구,13545,홍제초등학교,1
20221231,서대문구,13546,천연동마을금고,1
20221231,서대문구,13547,미동초교,1
20221231,서대문구,13548,차고앞,1
20221231,서대문구,13549,싸이버아파트,1
20221231,서대문구,13550,포방시장,2
20221231,서대문구,13551,서대문등기소,1
20221231,서대문구,13553,문화촌현대아파트,3
20221231,서대문구,13554,오동나무앞,1
20221231,서대문구,13556,경남아파트.북아현119안전센터,2
20221231,서대문구,13557,행복하우스,1
20221231,서대문구,13560,삼거리,1
20221231,서대문구,13561,정원여중입구,1
20221231,서대문구,13562,호박골다리,2
20221231,서대문구,13563,송죽원,4
20221231,서대문구,13564,구룡약국,3
20221231,서대문구,13565,동성교회,1
20221231,서대문구,13566,중앙여고,1
20221231,서대문구,13567,한성고교,2
20221231,서대문구,13570,현대그린마트,1
20221231,서대문구,13571,충정로역5호선,1
20221231,서대문구,13572,스위스그랜드호텔앞,1
20221231,서대문구,13574,간호대정문,2
20221231,서대문구,13575,홍은사거리,1
20221231,서대문구,13577,인왕초등학교,3
20221231,서대문구,13578,문화공원입구,1
20221231,서대문구,13583,충정로2호선전철역,1
20221231,서대문구,13586,산골고개,1
20221231,서대문구,13587,홍은초등학교.간호대입구,2
20221231,서대문구,13589,가산빌라,2
20221231,서대문구,13590,사러가쇼핑,1
20221231,서대문구,13591,영천시장입구,1
20221231,서대문구,13592,한우리독서운동본부,1
20221231,서대문구,13593,반석블레스아파트,1
20221231,서대문구,13594,평화슈퍼,2
20221231,서대문구,13595,능안로입구,2
20221231,서대문구,13596,굴레방다리,1
20221231,서대문구,13597,육교앞,1
20221231,서대문구,13598,광염교회,1
20221231,서대문구,13599,풍림1차아파트,1
20221231,서대문구,13600,스위스그랜드호텔,2
20221231,서대문구,13617,웨딩타운,1
20221231,서대문구,13626,서대문문화체육회관,1
20221231,서대문구,13654,서대문사거리,1
20221231,서대문구,13656,경기대사회교육원,1
20221231,서대문구,13659,팔각정,1
20221231,서대문구,13660,남양아파트,2
20221231,서대문구,13664,서대문전철역,1
20221231,서대문구,13665,인창중고,1
20221231,서대문구,13667,홍은유원아파트,1
20221231,서대문구,13668,유진상가다리앞,2
20221231,서대문구,13669,문화촌현대아파트입구,4
20221231,서대문구,13695,종근당,1
20221231,서대문구,13698,이대농협,1
20221231,서대문구,13699,미동초등학교,1
20221231,서대문구,13700,인창중고,1
20221231,서대문구,13715,사천교,1
20221231,서대문구,13716,벽산아파트후문,1
20221231,서대문구,13720,현대백화점,1
20221231,서대문구,13724,아트레온,4
20221231,서대문구,13725,신촌자이엘라,2
20221231,서대문구,13726,인창중고,1
20221231,서대문구,13731,연희초등학교,3
20221231,서대문구,13737,광산사우나,1
20221231,서대문구,13740,스위스그랜드호텔.현대아파트,1
20221231,서대문구,13747,모래내시장,1
20221231,서대문구,13749,연희초등학교,3
20221231,서대문구,13751,홍은성당,1
20221231,서대문구,13754,간호대입구올해피장애인복지센터,1
20221231,서대문구,13755,우리은행홍제동지점,4
20221231,서대문구,13764,미동초등학교,1
20221231,서대문구,13766,충정로역,3
20221231,서대문구,13793,CGV신촌아트레온,3
20221231,서대문구,13794,경기대후문,2
20221231,서대문구,13795,서대문성당,1
20221231,서대문구,13796,삼거리,1
20221231,서대문구,13798,벽산아파트정문,1
20221231,서대문구,13801,서대문로터리,1
20221231,서대문구,13802,신촌전철역,3
20221231,서대문구,13803,금화장오거리,2
20221231,서대문구,13804,동명여중,1
20221231,서대문구,13805,차고앞,1
20221231,서대문구,13808,고은초교삼거리,1
20221231,서대문구,13813,영천시장입구,1
20221231,서대문구,13814,홍은중학교,1
20221231,서대문구,13816,정원여중입구,1
20221231,서대문구,13818,명진아트빌라,1
20221231,서대문구,13819,문화공원입구,1
20221231,서대문구,13820,가재울초등학교,1
20221231,서대문구,13821,연대앞.세브란스병원,2
20221231,서대문구,13822,미성아파트,1
20221231,서대문구,13823,남가좌동아이파크후문,1
20221231,서대문구,13824,싸이버아파트,1
20221231,서대문구,13826,동신병원사거리,1
20221231,서대문구,13827,동성교회,1
20221231,서대문구,13828,연희성당,2
20221231,서대문구,13830,남가좌동아이파크정문,1
20221231,서대문구,13831,동원빌라,1
20221231,서대문구,13832,홍은2동주민센터,1
20221231,서대문구,13833,오동나무,1
20221231,서대문구,13834,연희브라운스톤,2
20221231,서대문구,13835,3호선독립문역,1
20221231,서대문구,13837,삼성그린빌,1
20221231,서대문구,13838,서대문등기소,1
20221231,서대문구,13839,금강빌라.인왕중학교,1
20221231,서대문구,13840,하나은행연희동지점,1
20221231,서대문구,13841,이진아기념도서관,1
20221231,서대문구,13844,서대문문화체육회관,1
20221231,서대문구,13845,버드나무가게,1
20221231,서대문구,13846,종근당후문,1
20221231,서대문구,13847,사러가쇼핑,1
20221231,서대문구,13848,국민은행,1
20221231,서대문구,13849,극동아파트119동,1
20221231,서대문구,13850,사천교,1
20221231,서대문구,13852,팔각정,1
20221231,서대문구,13853,삼거리연탄.약수터입구,1
20221231,서대문구,13855,민속식당,1
20221231,서대문구,13857,이진아기념도서관,1
20221231,서대문구,13858,유진상가,3
20221231,서대문구,13859,명지고후문,1
20221231,서대문구,13860,개미마을,1
20221231,서대문구,13861,아현전철역,1
20221231,서대문구,13862,서연중학교,1
20221231,서대문구,13864,3호선독립문역,1
20221231,서대문구,13865,이대입구,1
20221231,서대문구,13866,백련사,1
20221231,서대문구,13867,평화교회,1
20221231,서대문구,13869,극동아파트입구,1
20221231,서대문구,13870,신촌아트레온,1
20221231,서대문구,13871,북아현동주민센터,2
20221231,서대문구,13874,삼호아파트.천연동사무소,1
20221231,서대문구,13875,홍은초등학교.간호대입구,2
20221231,서대문구,13876,경남아파트.북아현119안전센터,2
20221231,서대문구,13877,하나로마트.동신병원,1
20221231,서대문구,13878,영천시장입구,1
20221231,서대문구,13879,간호대정문,2
20221231,서대문구,13880,중앙여고,1
20221231,서대문구,13881,중앙여고,1
20221231,서대문구,13882,홍은2동어린이집앞,1
20221231,서대문구,13883,감리신학대학교,1
20221231,서대문구,13885,추계초등학교,1
20221231,서대문구,13886,두산아파트,1
20221231,서대문구,13887,서대문센트레빌,1
20221231,서대문구,13888,포방시장,2
20221231,서대문구,13891,홍은2동주민센터,1
20221231,서대문구,13892,광산사우나,1
20221231,서대문구,13893,포방공영주차장,2
20221231,서대문구,13894,힐스테이트신촌.신촌푸르지오1단지후문,1
20221231,서대문구,13895,인창중고,1
20221231,서대문구,13897,호박골다리,2
20221231,서대문구,13898,초원약국,1
20221231,서대문구,13902,홍은동국민주택,1
20221231,서대문구,13905,풍림.극동아파트,2
20221231,서대문구,13907,홍은동국민주택,1
20221231,서대문구,13911,홍제역.3번출구,6
20221231,서대문구,13912,홍제우체국,5
20221231,서대문구,13913,홍제2동주민센터,1
20221231,서대문구,13915,인왕산현대아파트입구,1
20221231,서대문구,13916,삼호아파트.천연동사무소,2
20221231,서대문구,13917,홍제역.1번출구,4
20221231,서대문구,13918,유진상가.인왕시장,5
20221231,서대문구,13919,연희브라운스톤,2
20221231,서대문구,13922,신촌기차역,3
20221231,서대문구,13923,인왕산현대아파트입구,1
20221231,서대문구,13924,인왕산현대아파트117동,1
20221231,서대문구,13926,능안로입구,2
20221231,서대문구,13927,인왕산현대아파트117동,1
20221231,서대문구,13928,이대전철역,1
20221231,서대문구,13929,유진상가,6
20221231,서대문구,13930,인왕산현대아파트101동,1
20221231,서대문구,13933,홍은2동주민센터,1
20221231,서대문구,13934,뜨란채아파트101동,1
20221231,서대문구,13935,뜨란채아파트101동,1
20221231,서대문구,13936,홍지문35통,1
20221231,서대문구,13937,옥천교앞,1
20221231,서대문구,13938,대명빌라,1
20221231,서대문구,13939,인왕시장,1
20221231,서대문구,13940,창덕에버빌,1
20221231,서대문구,13941,영천동,2
20221231,서대문구,13942,독립문,1
20221231,서대문구,13943,영천동,1
20221231,서대문구,13944,동원베네스트아파트입구,1
20221231,서대문구,13945,홍은유원아파트입구,1
20221231,서대문구,13946,동원베네스트주차장.두산위브입구,1
20221231,서대문구,13947,홍은사회복지관별관,1
20221231,서대문구,13952,서강아파트1차정문앞,1
20221231,서대문구,13953,연희상가아파트,1
20221231,서대문구,13955,봉원사입구,1
20221231,서대문구,13956,증산역(증산2교),1
20221231,서대문구,13957,행운부동산앞,1
20221231,서대문구,13958,은가경로당앞,1
20221231,서대문구,13959,삼성유치원(씨유앞),1
20221231,서대문구,13960,두란노어린이집앞,1
20221231,서대문구,13961,은혜감사어린이집,1
20221231,서대문구,13962,백련어린이공원(공영주차장),1
20221231,서대문구,13963,상록운수,1
20221231,서대문구,13964,명지대학교교회,1
20221231,서대문구,13965,명지대후문(세븐일레븐),1
20221231,서대문구,13966,백련어린이공원,1
20221231,서대문구,13967,은혜감사어린이집앞,1
20221231,서대문구,13968,두란노어린이집,1
20221231,서대문구,13969,삼성유치원앞(씨유),1
20221231,서대문구,13971,행운부동산앞,1
20221231,서대문구,13972,북가좌사거리,1
20221231,서대문구,13973,북가좌오거리,1
20221231,서대문구,13974,북가좌2동주민센터,1
20221231,서대문구,13975,해담는다리앞,1
20221231,서대문구,13976,빙그레슈퍼앞,1
20221231,서대문구,13977,증산2교,1
20221231,서대문구,13978,홍제천입구,1
20221231,마포구,14001,마포역,17
20221231,마포구,14002,마포역,13
20221231,마포구,14003,공덕역,13
20221231,마포구,14004,공덕역,13
20221231,마포구,14005,아현동주민센터,8
20221231,마포구,14006,아현동주민센터,8
20221231,마포구,14007,마포경찰서,8
20221231,마포구,14008,마포경찰서,8
20221231,마포구,14009,아현초등학교,8
20221231,마포구,14010,아현초등학교,8
20221231,마포구,14011,합정역,28
20221231,마포구,14012,합정역,31
20221231,마포구,14013,서교동,27
20221231,마포구,14014,서교동,28
20221231,마포구,14015,홍대입구역,44
20221231,마포구,14016,홍대입구역,43
20221231,마포구,14061,동교동삼거리,38
20221231,마포구,14062,신촌오거리.현대백화점,36
20221231,마포구,14063,신촌오거리.2호선신촌역,34
20221231,마포구,14064,이대역,32
20221231,마포구,14067,웨딩타운,22
20221231,마포구,14068,아현역,25
20221231,마포구,14100,아현동가구단지,5
20221231,마포구,14101,마포구청.성산자동차검사소,4
20221231,마포구,14102,마포구청,4
20221231,마포구,14103,마포농수산물시장.월드컵공원,6
20221231,마포구,14104,월드컵경기장남측.월드컵공원,8
20221231,마포구,14105,월드컵경기장서측.문화비축기지,7
20221231,마포구,14106,월드컵경기장서측.문화비축기지,7
20221231,마포구,14107,월드컵파크3단지.난지천공원,6
20221231,마포구,14108,월드컵파크3단지.난지천공원,5
20221231,마포구,14109,서부면허시험장,3
20221231,마포구,14110,서부면허시험장,4
20221231,마포구,14111,DMC첨단산업센터,18
20221231,마포구,14112,DMC첨단산업센터,16
20221231,마포구,14115,월드컵공원입구.문화비축기지입구,7
20221231,마포구,14116,월드컵파크3단지정문,6
20221231,마포구,14117,월드컵파크2단지.에스플렉스센터,6
20221231,마포구,14118,월드컵파크2단지.에스플렉스센터,4
20221231,마포구,14119,합정역,3
20221231,마포구,14120,합정역,3
20221231,마포구,14121,서울화력발전소입구,3
20221231,마포구,14122,서울화력발전소입구,3
20221231,마포구,14123,상수역,3
20221231,마포구,14124,상수역,3
20221231,마포구,14125,서강초등학교,1
20221231,마포구,14126,서강초등학교,1
20221231,마포구,14127,광흥창역,1
20221231,마포구,14128,광흥창역,1
20221231,마포구,14129,광흥창역,1
20221231,마포구,14130,마포세무서,1
20221231,마포구,14131,중앙잔디광장,1
20221231,마포구,14132,마포역,3
20221231,마포구,14133,노을공원입구(난지미술창작스튜디오),1
20221231,마포구,14134,공덕역10번출구,1
20221231,마포구,14135,공덕역10번출구,1
20221231,마포구,14136,난지천공원다목적구장,1
20221231,마포구,14137,난지천공원,1
20221231,마포구,14138,월드컵경기장역,1
20221231,마포구,14139,마포구청.농수산물시장,1
20221231,마포구,14140,난지천공원다목적구장,1
20221231,마포구,14141,공덕역.공덕시장,5
20221231,마포구,14142,공덕시장,5
20221231,마포구,14143,신덕성결교회,6
20221231,마포구,14144,신덕성결교회,5
20221231,마포구,14145,한겨레신문사,5
20221231,마포구,14146,한겨레신문사,5
20221231,마포구,14147,노을공원입구(난지미술창작스튜디오),1
20221231,마포구,14148,난지한강공원(야구장),1
20221231,마포구,14149,공덕오거리,4
20221231,마포구,14150,공덕오거리,3
20221231,마포구,14151,용마루고개.신공덕삼성아파트,4
20221231,마포구,14152,서울대동창회관,4
20221231,마포구,14153,공덕역,2
20221231,마포구,14154,도화동현대아파트,1
20221231,마포구,14155,도화동현대아파트,1
20221231,마포구,14156,중동초등학교,6
20221231,마포구,14157,중동초등학교,6
20221231,마포구,14158,성산2동주민센터,8
20221231,마포구,14159,성산2동주민센터,6
20221231,마포구,14160,성산119안전센터,6
20221231,마포구,14161,성산119안전센터,8
20221231,마포구,14162,성산아파트,8
20221231,마포구,14163,성산아파트,8
20221231,마포구,14164,상암휴먼시아아파트,13
20221231,마포구,14165,상암휴먼시아아파트,13
20221231,마포구,14166,상암초등학교,13
20221231,마포구,14167,상암초등학교,13
20221231,마포구,14168,신촌로터리,7
20221231,마포구,14169,신촌로터리,10
20221231,마포구,14170,서강대학교,11
20221231,마포구,14171,서강대학교,10
20221231,마포구,14172,광성중고등학교,8
20221231,마포구,14173,광성중고등학교,9
20221231,마포구,14174,대흥역,7
20221231,마포구,14175,대흥역,9
20221231,마포구,14176,용강초등학교,7
20221231,마포구,14177,동도중학교.서울디자인고등학교,7
20221231,마포구,14178,동도중학교.서울디자인고등학교,7
20221231,마포구,14179,공덕역2번출구,9
20221231,마포구,14180,공덕역1번출구,9
20221231,마포구,14181,서서울농협홍대역점,4
20221231,마포구,14182,동교로사거리,4
20221231,마포구,14184,성산동,1
20221231,마포구,14185,성산2교,6
20221231,마포구,14186,성산2교,6
20221231,마포구,14187,성미약수터,6
20221231,마포구,14188,성미약수터,8
20221231,마포구,14189,경성중고.홍대부속여중고입구,2
20221231,마포구,14190,경성중고.홍대부속여중고입구,5
20221231,마포구,14191,경성중고.홍대부속여중고입구,4
20221231,마포구,14192,서울도시가스마포사옥,5
20221231,마포구,14193,서울도시가스마포사옥,5
20221231,마포구,14194,마포구청역,5
20221231,마포구,14195,마포구청역,5
20221231,마포구,14196,마포중앙도서관,6
20221231,마포구,14197,마포중앙도서관,5
20221231,마포구,14198,성산2교,9
20221231,마포구,14199,성산2교,9
20221231,마포구,14200,광흥창역.서강동주민센터,4
20221231,마포구,14201,광흥창역.서강동주민센터,5
20221231,마포구,14202,창전현대홈타운,4
20221231,마포구,14203,창전현대홈타운,6
20221231,마포구,14204,신촌로터리,5
20221231,마포구,14205,신촌로터리,4
20221231,마포구,14207,이화여대입구,4
20221231,마포구,14208,이화여대입구,5
20221231,마포구,14209,이화여대입구,2
20221231,마포구,14210,대흥교회,3
20221231,마포구,14211,대흥교회,2
20221231,마포구,14212,서강대학교후문,5
20221231,마포구,14213,마포자이2차아파트.대흥역,3
20221231,마포구,14215,굴레방다리.아현역,1
20221231,마포구,14216,양화진성지공원입구,6
20221231,마포구,14217,홍대입구,4
20221231,마포구,14218,홀트아동복지회,9
20221231,마포구,14219,합정역,3
20221231,마포구,14220,합정역,11
20221231,마포구,14224,홍대입구역,3
20221231,마포구,14225,홍대입구역,2
20221231,마포구,14226,연남동,12
20221231,마포구,14228,신촌역,9
20221231,마포구,14230,극동방송,1
20221231,마포구,14231,극동방송,1
20221231,마포구,14232,홍익대학교,1
20221231,마포구,14233,홍익대학교,2
20221231,마포구,14234,산울림소극장,1
20221231,마포구,14235,산울림소극장,2
20221231,마포구,14236,신수중학교,2
20221231,마포구,14237,신수중학교,2
20221231,마포구,14238,래미안웰스트림아파트,2
20221231,마포구,14239,한국출판콘텐츠센터,2
20221231,마포구,14240,용강동주민센터,2
20221231,마포구,14241,용강동주민센터,3
20221231,마포구,14242,용강동입구,2
20221231,마포구,14244,메세나폴리스,4
20221231,마포구,14245,마포한강푸르지오,5
20221231,마포구,14246,성산초등학교입구,5
20221231,마포구,14247,성산초등학교입구,4
20221231,마포구,14248,기업은행서교동지점(최규하대통령가옥),4
20221231,마포구,14249,기업은행서교동지점(최규하대통령가옥),4
20221231,마포구,14250,망원시장.망원동월드컵시장입구,4
20221231,마포구,14251,망원시장.망원동월드컵시장입구,4
20221231,마포구,14252,마포구청역입구,2
20221231,마포구,14253,마포구청역입구,2
20221231,마포구,14254,성서초등학교,2
20221231,마포구,14255,성서초등학교,2
20221231,마포구,14256,새서울의원,2
20221231,마포구,14257,미원아파트입구,1
20221231,마포구,14258,미원아파트입구,1
20221231,마포구,14259,망원2동주민센터,1
20221231,마포구,14260,망원2동주민센터,1
20221231,마포구,14261,청기와빌라,1
20221231,마포구,14262,청기와빌라,1
20221231,마포구,14263,망원정입구,1
20221231,마포구,14264,성산초등학교,1
20221231,마포구,14265,서서울농협,1
20221231,마포구,14266,서서울농협,1
20221231,마포구,14267,망원1동주민센터,1
20221231,마포구,14268,망원1동주민센터,1
20221231,마포구,14269,동교초등학교,1
20221231,마포구,14270,동교초등학교,1
20221231,마포구,14271,월드컵파크7단지,6
20221231,마포구,14272,월드컵파크7단지,9
20221231,마포구,14273,월드컵경기장북측,7
20221231,마포구,14274,월드컵경기장북측,7
20221231,마포구,14275,경성중고.홍대부속여중고입구,2
20221231,마포구,14283,삼진제약,4
20221231,마포구,14284,홍대입구역사거리,2
20221231,마포구,14286,상암DMC홍보관.YTN,15
20221231,마포구,14287,상암DMC홍보관.YTN,15
20221231,마포구,14288,월드컵파크5단지.상암중고등학교입구,14
20221231,마포구,14289,월드컵파크5단지,13
20221231,마포구,14290,상암DMC입구,8
20221231,마포구,14291,상암고등학교,13
20221231,마포구,14292,월드컵파크3단지후문,7
20221231,마포구,14293,마포아트센터,4
20221231,마포구,14295,월드컵파크4단지후문.JTBC,4
20221231,마포구,14296,디지털미디어시티역2번출구,8
20221231,마포구,14306,월드컵파크4단지후문.JTBC,3
20221231,마포구,14307,누리꿈스퀘어.MBC,14
20221231,마포구,14308,월드메르디앙아파트,1
20221231,마포구,14309,월드메르디앙아파트,1
20221231,마포구,14310,한강밤섬자이아파트,1
20221231,마포구,14311,한강밤섬자이아파트,1
20221231,마포구,14312,서강해모로아파트,1
20221231,마포구,14313,서강해모로아파트,1
20221231,마포구,14314,서교동주민센터.마포신문사,3
20221231,마포구,14315,동교로사거리,3
20221231,마포구,14316,월드컵경기장북측,3
20221231,마포구,14317,강변한신코아,1
20221231,마포구,14330,난지한강공원,1
20221231,마포구,14331,난지한강공원,2
20221231,마포구,14332,월드컵공원입구.문화비축기지입구,3
20221231,마포구,14333,디지털미디어시티역,3
20221231,마포구,14334,월드컵파크9.10.11.12단지,5
20221231,마포구,14335,월드컵파크9.10.11.12단지,10
20221231,마포구,14336,용마루고개.브라운스톤공덕아파트,3
20221231,마포구,14337,하늘초등학교,2
20221231,마포구,14338,월드컵파크10단지,2
20221231,마포구,14339,월드컵파크11.12단지,2
20221231,마포구,14340,수색교,2
20221231,마포구,14341,수색교,2
20221231,마포구,14342,가좌역1번출구,3
20221231,마포구,14343,가좌역,3
20221231,마포구,14344,디지털미디어시티역,3
20221231,마포구,14346,청구아파트.참누리아파트,3
20221231,마포구,14347,청구아파트.참누리아파트,3
20221231,마포구,14348,중동현대아파트,3
20221231,마포구,14349,중동현대아파트,3
20221231,마포구,14350,가좌행복주택.건영월드컵아파트,3
20221231,마포구,14351,가좌행복주택.건영월드컵아파트,3
20221231,마포구,14352,월드컵아이파크,3
20221231,마포구,14353,월드컵아이파크,3
20221231,마포구,14354,DMC첨단산업센터,4
20221231,마포구,14355,DMC첨단산업센터,4
20221231,마포구,14356,SBS.YTN,6
20221231,마포구,14357,SBS.YTN,6
20221231,마포구,14358,공항철도디지털미디어시티역,6
20221231,마포구,14359,공항철도디지털미디어시티역,7
20221231,마포구,14360,디지털미디어시티역,3
20221231,마포구,14361,상암동주민센터앞,1
20221231,마포구,14362,MBC,4
20221231,마포구,14363,MBC,4
20221231,마포구,14490,난지천공원.박정희대통령기념관,1
20221231,마포구,14491,공덕시장,1
20221231,마포구,14492,마포16번종점,1
20221231,마포구,14493,서부면허시험장.월드컵파크8단지,2
20221231,마포구,14494,창전중앙하이츠아파트,1
20221231,마포구,14495,망원유수지.마포구민체육센터,1
20221231,마포구,14496,양화진성지,1
20221231,마포구,14497,홍대입구역,1
20221231,마포구,14498,홍대입구역,1
20221231,마포구,14499,아현전철역,1
20221231,마포구,14500,샛별문방구.마포전철역,2
20221231,마포구,14501,청암대,1
20221231,마포구,14502,한겨레신문사,1
20221231,마포구,14503,동원데자뷰아파트,1
20221231,마포구,14505,창전삼성아파트109동,1
20221231,마포구,14506,홍대후문,1
20221231,마포구,14507,신촌수정탕,2
20221231,마포구,14508,태양빌딩,1
20221231,마포구,14509,난지천공원,1
20221231,마포구,14510,다운교회,1
20221231,마포구,14511,동교로사거리,2
20221231,마포구,14512,코오롱아파트106동앞,1
20221231,마포구,14513,가든호텔.삼성프라자,2
20221231,마포구,14514,우성아파트3동,2
20221231,마포구,14515,대상아파트,1
20221231,마포구,14517,창전삼성아파트107동,1
20221231,마포구,14518,서강유치원,1
20221231,마포구,14519,삼익아파트입구,2
20221231,마포구,14520,용약국,1
20221231,마포구,14521,월드컵파크3단지,1
20221231,마포구,14522,한이맨션,1
20221231,마포구,14524,코오롱아파트104동앞,1
20221231,마포구,14525,돼지슈퍼,1
20221231,마포구,14527,하나님의교회,1
20221231,마포구,14528,신부파스카아파트,1
20221231,마포구,14530,창전삼성아파트104동,1
20221231,마포구,14531,유관순무용원,1
20221231,마포구,14532,신수경남아파트,2
20221231,마포구,14534,성원아파트,2
20221231,마포구,14536,서일빌딩,1
20221231,마포구,14537,청원빌딩,1
20221231,마포구,14538,코오롱아파트사거리,1
20221231,마포구,14539,신일약국,1
20221231,마포구,14540,아현실버복지관,1
20221231,마포구,14541,S마트,2
20221231,마포구,14542,동교초등학교,1
20221231,마포구,14544,창전삼성아파트입구,1
20221231,마포구,14545,와우공원입구,1
20221231,마포구,14546,마포소방서,1
20221231,마포구,14547,광흥창역.서강동주민센터,1
20221231,마포구,14548,대흥역,1
20221231,마포구,14549,동교초등학교,1
20221231,마포구,14550,마포농수산물시장.월드컵경기장,1
20221231,마포구,14551,마포새빛문화숲,1
20221231,마포구,14552,경성고교입구,1
20221231,마포구,14553,대룡빌딩,1
20221231,마포구,14554,열린마트,2
20221231,마포구,14555,성원아파트,2
20221231,마포구,14556,한강공원입구,1
20221231,마포구,14557,금호태영아파트,4
20221231,마포구,14558,경의선책거리.산울림소극장,2
20221231,마포구,14559,신수동성당.신수동주민센터,1
20221231,마포구,14560,서강수협.신수중학교,1
20221231,마포구,14561,용강초등학교,1
20221231,마포구,14562,하나은행망원동지점,1
20221231,마포구,14563,마포구청.마포구청역,1
20221231,마포구,14564,마포새빛문화숲후문,1
20221231,마포구,14565,마포FM,1
20221231,마포구,14566,연남동주민센터,1
20221231,마포구,14567,도화현대1차아파트111동앞,2
20221231,마포구,14569,성원아파트,1
20221231,마포구,14570,한국출판콘텐츠센터,1
20221231,마포구,14571,서울여자중고등학교,1
20221231,마포구,14572,망원시장,1
20221231,마포구,14573,월드컵경기장역,1
20221231,마포구,14574,상수동,1
20221231,마포구,14575,경성중고.홍익디자인고,1
20221231,마포구,14576,에덴지우아파트,1
20221231,마포구,14577,도화현대1차아파트,1
20221231,마포구,14579,망원유수지.마포구민체육센터,1
20221231,마포구,14582,마포세무서,1
20221231,마포구,14583,신수현대아파트.래미안웰스트림,1
20221231,마포구,14584,염리삼성아파트,1
20221231,마포구,14585,구)망원우체국사거리,1
20221231,마포구,14586,상수역,1
20221231,마포구,14587,코오롱아파트사거리,1
20221231,마포구,14588,에덴맨션,1
20221231,마포구,14589,서부수도사업소,1
20221231,마포구,14590,화평교회,1
20221231,마포구,14591,신촌역,3
20221231,마포구,14592,굴다리시장,1
20221231,마포구,14593,신석초등학교,3
20221231,마포구,14594,일성여자중고등학교,1
20221231,마포구,14595,망원전철역,1
20221231,마포구,14596,상수두산아파트,1
20221231,마포구,14597,경성중고후문,1
20221231,마포구,14598,하모니마트사거리,1
20221231,마포구,14599,만물사부동산,1
20221231,마포구,14600,하나님의교회,1
20221231,마포구,14601,MBC,2
20221231,마포구,14602,월드컵파크4단지,2
20221231,마포구,14603,상암중학교,2
20221231,마포구,14604,서울산업진흥원.국악방송,2
20221231,마포구,14605,우리기술사옥.한국지역정보개발원,2
20221231,마포구,14606,DMC빌,2
20221231,마포구,14607,우리금융상암센터.DMC빌,1
20221231,마포구,14608,도화현대1차아파트단지내,1
20221231,마포구,14610,상암고등학교,2
20221231,마포구,14611,상암월드컵파크6.7단지,2
20221231,마포구,14612,상암월드컵파크6.7단지,2
20221231,마포구,14613,상암고등학교,2
20221231,마포구,14614,스탠포드호텔,1
20221231,마포구,14615,스탠포드호텔,1
20221231,마포구,14616,월드컵파크6단지상가,1
20221231,마포구,14617,공덕역10번출구,1
20221231,마포구,14618,공덕역10번출구,2
20221231,마포구,14619,웨딩타운,1
20221231,마포구,14620,상지초등학교,2
20221231,마포구,14622,아현전철역,1
20221231,마포구,14623,스탠포드호텔,1
20221231,마포구,14624,우리기술사옥.한국지역정보개발원,1
20221231,마포구,14625,전자회관,1
20221231,마포구,14626,상암중학교,1
20221231,마포구,14627,월드컵파크6단지,2
20221231,마포구,14628,YTN뉴스퀘어.CJE&M,2
20221231,마포구,14659,마포한강아이파크아파트,1
20221231,마포구,14661,중동초등학교,2
20221231,마포구,14662,대흥태영아파트,1
20221231,마포구,14663,용강동주민센터,1
20221231,마포구,14667,마포현대아파트,1
20221231,마포구,14669,성산초등학교,1
20221231,마포구,14670,서강초등학교,1
20221231,마포구,14671,경의선숲길공원입구,1
20221231,마포구,14672,대명아파트,1
20221231,마포구,14674,환일고등학교,1
20221231,마포구,14675,용산성당.현대홈타운,1
20221231,마포구,14676,가구단지,1
20221231,마포구,14677,하모니마트,1
20221231,마포구,14678,성모병원사거리,2
20221231,마포구,14693,창전삼성아파트입구,1
20221231,마포구,14694,대흥세양아파트,1
20221231,마포구,14700,아현1동경로당,1
20221231,마포구,14712,마포전철역,3
20221231,마포구,14713,공덕삼성3차아파트후문,1
20221231,마포구,14714,고니빌딩,1
20221231,마포구,14715,서강쌍용아파트.광흥창역,1
20221231,마포구,14716,사천고가앞,1
20221231,마포구,14718,원효초등학교,1
20221231,마포구,14727,새서울의원,1
20221231,마포구,14738,창전삼성아파트104동,1
20221231,마포구,14742,와우산로오거리,1
20221231,마포구,14743,산울림포스트극장,1
20221231,마포구,14744,마포자이아파트,1
20221231,마포구,14745,성지빌딩,3
20221231,마포구,14746,엘지빌딩,1
20221231,마포구,14747,서교동주민센터,1
20221231,마포구,14748,이랜드,1
20221231,마포구,14749,만리동고개,1
20221231,마포구,14750,한강타운.우성아파트16동앞,1
20221231,마포구,14753,공덕전철역,1
20221231,마포구,14754,남경장,1
20221231,마포구,14755,창전삼성아파트107동,1
20221231,마포구,14756,와우공원입구,1
20221231,마포구,14757,염리초등학교,1
20221231,마포구,14758,염리초등학교,1
20221231,마포구,14760,아현동주민센터,1
20221231,마포구,14761,우리은행서교동지점,2
20221231,마포구,14763,마포노인복지관,1
20221231,마포구,14764,공덕동주민센터,1
20221231,마포구,14765,청암대,2
20221231,마포구,14799,성서초등학교,2
20221231,마포구,14803,마포역서울가든호텔,3
20221231,마포구,14804,창전어린이공원,1
20221231,마포구,14805,창전어린이공원,1
20221231,마포구,14808,창전삼성아파트109동,1
20221231,마포구,14809,유관순무용원,1
20221231,마포구,14810,중부여성발전센터,1
20221231,마포구,14812,재화스퀘어,1
20221231,마포구,14814,공덕전철역,1
20221231,마포구,14815,월드컵경기장입구,1
20221231,마포구,14816,월드컵경기장입구,1
20221231,마포구,14817,월드컵파크7단지,1
20221231,마포구,14818,월드컵파크7단지,1
20221231,마포구,14826,상암동입구,1
20221231,마포구,14827,상암동입구,1
20221231,마포구,14828,상암월드컵파크5단지,1
20221231,마포구,14829,상암월드컵파크5단지,1
20221231,마포구,14832,홍대입구역사거리,1
20221231,마포구,14833,창전현대홈타운,1
20221231,마포구,14834,삼우빌딩,1
20221231,마포구,14835,합정역,1
20221231,마포구,14836,희성교회,2
20221231,마포구,14837,서강유치원,1
20221231,마포구,14838,마포전철역,1
20221231,마포구,14839,한국컴퓨터,1
20221231,마포구,14842,신촌연세병원.기업은행,3
20221231,마포구,14843,공덕동성당,1
20221231,마포구,14844,우리은행서교동지점,1
20221231,마포구,14845,서교동주민센터.마포신문사,1
20221231,마포구,14846,홍대후문,1
20221231,마포구,14848,대흥태영아파트,1
20221231,마포구,14849,동도중학교.서울디지인고등학교,1
20221231,마포구,14851,서울서부지방법원,1
20221231,마포구,14852,세븐일레븐,1
20221231,마포구,14853,동교로사거리,1
20221231,마포구,14855,신석초등학교,3
20221231,마포구,14856,굴다리시장,1
20221231,마포구,14858,서교동주민센터,2
20221231,마포구,14862,서교푸르지오아파트,1
20221231,마포구,14863,홍대입구역,1
20221231,마포구,14864,신수현대아파트.래미안웰스트림,1
20221231,마포구,14865,마포세무서,1
20221231,마포구,14866,대흥역사거리,1
20221231,마포구,14867,신촌역,2
20221231,마포구,14868,이대전철역,1
20221231,마포구,14869,마포경찰서,1
20221231,마포구,14870,도화현대1차아파트111동앞,1
20221231,마포구,14871,홍대정문,1
20221231,마포구,14872,동교로사거리,1
20221231,마포구,14873,한국출판콘텐츠센터,1
20221231,마포구,14874,신수세양아파트,1
20221231,마포구,14876,서교동교회,1
20221231,마포구,14877,애오개역,1
20221231,마포구,14878,열린마트,1
20221231,마포구,14879,로데오거리,2
20221231,마포구,14880,서교동주민센터.마포신문사,1
20221231,마포구,14881,서강수협.신수중학교,1
20221231,마포구,14882,신수동성당.신수동주민센터,1
20221231,마포구,14883,숭문중고등학교후문,1
20221231,마포구,14884,로데오거리,1
20221231,마포구,14886,가든호텔.삼성프라자,1
20221231,마포구,14887,희성교회,2
20221231,마포구,14888,광흥창역.서강동주민센터,2
20221231,마포구,14889,마포프레스티지자이아파트,1
20221231,마포구,14890,홍대정문,1
20221231,마포구,14892,아현초등학교,1
20221231,마포구,14893,샛별문방구.마포전철역,1
20221231,마포구,14894,상지초등학교,2
20221231,마포구,14895,합정역,9
20221231,마포구,14896,성서초등학교,2
20221231,마포구,14897,마포소방서,2
20221231,마포구,14898,이대전철역,1
20221231,마포구,14899,홍대정문,2
20221231,마포구,14900,라사라패션직업전문학교,1
20221231,마포구,14901,사천고가앞,1
20221231,마포구,14902,S마트,1
20221231,마포구,14905,경성중고사거리,2
20221231,마포구,14906,서교푸르지오아파트,1
20221231,마포구,14907,경의선숲길공원입구,1
20221231,마포구,14908,우성아파트입구,1
20221231,마포구,14910,성미약수터,2
20221231,마포구,14911,홍대입구,1
20221231,마포구,14912,공항철도.홍대입구역,1
20221231,마포구,14913,경성중고후문,1
20221231,마포구,14914,우성아파트3동,1
20221231,마포구,14915,하모니마트,1
20221231,마포구,14916,성모병원사거리,2
20221231,마포구,14917,코오롱아파트사거리,1
20221231,마포구,14918,도화현대1차아파트,1
20221231,마포구,14919,마포한강아이파크아파트,1
20221231,마포구,14920,중동초등학교,2
20221231,마포구,14921,신한은행서교동금융센터점,1
20221231,마포구,14922,경성중고.홍익디자인고,1
20221231,마포구,14923,망원1동파출소,1
20221231,마포구,14924,대우미래사랑아파트,1
20221231,마포구,14925,효성약국,1
20221231,마포구,14926,화평교회,1
20221231,마포구,14927,성산시영아파트,2
20221231,마포구,14928,한국해양전략연구소,1
20221231,마포구,14929,망원1동파출소,1
20221231,마포구,14930,망원유수지.마포구민체육센터,1
20221231,마포구,14932,서교동주민센터,1
20221231,마포구,14933,창전삼성아파트,1
20221231,마포구,14934,임오빌딩,1
20221231,마포구,14935,월드컵경기장역,1
20221231,마포구,14936,새화빌딩,1
20221231,마포구,14937,신촌이랜드청년주택,1
20221231,마포구,14940,성산초등학교,1
20221231,마포구,14941,우리은행서교동지점,1
20221231,마포구,14942,서강쌍용아파트.광흥창역,1
20221231,마포구,14943,동교로사거리,1
20221231,마포구,14944,동교초등학교,1
20221231,마포구,14946,망원전철역,1
20221231,마포구,14947,서교동주민센터,2
20221231,마포구,14948,서강초등학교,1
20221231,마포구,14950,신부파스카아파트,1
20221231,마포구,14951,KBS미디어센터,1
20221231,마포구,14952,구)망원우체국사거리,1
20221231,마포구,14953,홍대후문,1
20221231,마포구,14954,대상아파트,1
20221231,마포구,14955,월드컵파크2단지,1
20221231,마포구,14956,망원동월드컵시장,1
20221231,마포구,14957,상수역,1
20221231,마포구,14958,동원데자뷰아파트,1
20221231,마포구,14959,하나은행망원동지점,1
20221231,마포구,14960,로데오거리,1
20221231,마포구,14961,마포16번종점,1
20221231,마포구,14962,서부면허시험장.월드컵파크8단지,2
20221231,마포구,14963,동교초등학교,1
20221231,마포구,14964,합정동,1
20221231,마포구,14965,마포새빛문화숲,1
20221231,마포구,14966,서일빌딩,1
20221231,마포구,14968,성우맨션,1
20221231,마포구,14969,다운교회,1
20221231,마포구,14971,월드컵경기장역,1
20221231,마포구,14972,마포구청.마포구청역,1
20221231,마포구,14976,우성아파트입구,2
20221231,마포구,14977,망원교회,2
20221231,마포구,14978,망원교회,2
20221231,마포구,14979,신촌역,2
20221231,마포구,14981,경성중고사거리,2
20221231,마포구,14982,삼진제약,2
20221231,마포구,14983,한국영화아카데미,2
20221231,마포구,14984,서교동교회,2
20221231,마포구,14985,성산2동주민센터,2
20221231,마포구,14987,월드컵파크7단지,2
20221231,마포구,14988,창전삼성아파트110동,1
20221231,마포구,14989,신촌역,3
20221231,마포구,14990,신촌역,2
20221231,마포구,14991,신촌농협.하나로마트,4
20221231,마포구,14992,기업은행.신촌연세병원,5
20221231,마포구,14993,세븐일레븐,2
20221231,마포구,14994,아현고개,1
20221231,마포구,14996,백합아파트,1
20221231,마포구,14997,백합아파트,1
20221231,양천구,15101,홍익병원목동관,12
20221231,양천구,15102,금호어울림.대원칸타빌아파트,2
20221231,양천구,15103,목동3단지후문,2
20221231,양천구,15104,영도초등학교,2
20221231,양천구,15105,신목중학교.목동2단지후문,2
20221231,양천구,15106,목동2단지,9
20221231,양천구,15107,목동3단지,9
20221231,양천구,15108,목동4단지상가.목동종합운동장,10
20221231,양천구,15109,목동3.4단지사잇길,3
20221231,양천구,15111,목동사거리,10
20221231,양천구,15112,영도중.강서고입구.기아양서대리점,10
20221231,양천구,15113,목동시장.대일고교.배광교회,10
20221231,양천구,15114,신목중학교,3
20221231,양천구,15115,목동스카이아파트.목동3단지,3
20221231,양천구,15116,금호어울림.대원칸타빌아파트,2
20221231,양천구,15117,신목동역2번출구,2
20221231,양천구,15118,신목동역1번출구,2
20221231,양천구,15119,경서농협,5
20221231,양천구,15126,목동성원아파트,10
20221231,양천구,15127,목3동주민센터.현대아이파크.실로암안과,10
20221231,양천구,15128,등촌역6번출구.목동깨비시장,10
20221231,양천구,15140,월촌초등학교,2
20221231,양천구,15141,월촌초등학교.우성아파트,2
20221231,양천구,15142,목원초등학교.서울지방식품의약품안전청,2
20221231,양천구,15143,용왕산,1
20221231,양천구,15144,신목동역,4
20221231,양천구,15145,목동한신청구아파트,2
20221231,양천구,15146,목동한신청구아파트,3
20221231,양천구,15147,목동1.2단지사잇길,1
20221231,양천구,15148,월촌중학교.목동1단지,11
20221231,양천구,15149,목동YMCA.서울에너지공사,1
20221231,양천구,15150,목동YMCA.서울에너지공사,3
20221231,양천구,15151,목동5단지C상가.목동운동장북문,10
20221231,양천구,15152,파리공원,10
20221231,양천구,15153,목동5단지B상가.목5동주민센터,11
20221231,양천구,15154,이대목동병원.목동6단지앞,11
20221231,양천구,15155,목동아파트601동앞.이대병원,1
20221231,양천구,15156,목동아파트5.6단지사잇길.경인초교,1
20221231,양천구,15157,오목교역,3
20221231,양천구,15158,양정고등학교,1
20221231,양천구,15159,목1동주민센터,4
20221231,양천구,15160,목동역.홍익병원,11
20221231,양천구,15161,CBS방송국,2
20221231,양천구,15162,목운초등학교.목운중학교,1
20221231,양천구,15163,목동7단지,4
20221231,양천구,15164,목운초등학교.목운중학교,8
20221231,양천구,15165,목동운동장남문.아이스링크,7
20221231,양천구,15166,목동7단지.종로학원,13
20221231,양천구,15167,목동대학학원,14
20221231,양천구,15168,오목교역.동신한방병원,10
20221231,양천구,15169,갈산초등학교정문,4
20221231,양천구,15170,오목교역.청학스포츠타운,1
20221231,양천구,15171,새마을금고,4
20221231,양천구,15172,신정2동주민센터,3
20221231,양천구,15173,오목교역.동신한방병원,9
20221231,양천구,15174,신목초등학교입구,2
20221231,양천구,15175,목동14단지상가,2
20221231,양천구,15176,현대아파트정문,1
20221231,양천구,15177,현대아파트정문,1
20221231,양천구,15178,삼성아파트정문,1
20221231,양천구,15179,삼성아파트후문,1
20221231,양천구,15180,현대아파트후문,1
20221231,양천구,15181,목동14단지C상가앞,2
20221231,양천구,15182,목일중학교,1
20221231,양천구,15183,목동13단지,2
20221231,양천구,15184,목동14단지,1
20221231,양천구,15185,신트리공원,4
20221231,양천구,15186,목동12.13단지사잇길,1
20221231,양천구,15187,목동12.13단지사잇길,1
20221231,양천구,15188,신목초등학교입구,2
20221231,양천구,15189,목동14단지관리사무소앞,2
20221231,양천구,15190,목동11단지,1
20221231,양천구,15191,목동14단지관리사무소앞,1
20221231,양천구,15192,양천구청역,3
20221231,양천구,15193,양천공원,9
20221231,양천구,15194,양천구청,10
20221231,양천구,15195,양천구민체육센터.양천일자리센터,8
20221231,양천구,15196,목동12단지,8
20221231,양천구,15197,갈산초등학교정문,4
20221231,양천구,15198,갈산초등학교후문,3
20221231,양천구,15199,갈산초등학교후문,3
20221231,양천구,15200,은정초등학교,3
20221231,양천구,15201,은정초등학교,3
20221231,양천구,15202,목동우성아파트,1
20221231,양천구,15203,목동우성아파트입구,4
20221231,양천구,15204,양천아파트,4
20221231,양천구,15205,봉영여중.목동고,3
20221231,양천구,15206,봉영여중.목동고,3
20221231,양천구,15207,봉영여중.목동고,1
20221231,양천구,15208,양천노인종합복지관,1
20221231,양천구,15209,양천구청역,4
20221231,양천구,15210,양천아파트,1
20221231,양천구,15211,신정네거리해누리분수광장,8
20221231,양천구,15212,신정네거리.신정119안전센터,8
20221231,양천구,15213,동방아파트,8
20221231,양천구,15214,동방아파트.신월종합사회복지관,8
20221231,양천구,15215,신곡시장.금빛새마을금고,8
20221231,양천구,15216,신곡시장.금빛새마을금고,8
20221231,양천구,15217,신한은행신월동지점,8
20221231,양천구,15218,신한은행신월동지점,8
20221231,양천구,15219,양강중학교,7
20221231,양천구,15220,신월2동주민센터입구,7
20221231,양천구,15221,강서초등학교,7
20221231,양천구,15222,한빛종합사회복지관,7
20221231,양천구,15223,신월동남부주유소,6
20221231,양천구,15224,신월2동우체국,6
20221231,양천구,15225,신트리사거리,4
20221231,양천구,15226,신트리아파트,9
20221231,양천구,15227,정랑고개.양천벤처타운,9
20221231,양천구,15228,신정학마을아파트,10
20221231,양천구,15229,양천고등학교,9
20221231,양천구,15230,계남초등학교,2
20221231,양천구,15231,목동아파트11단지(1117동),2
20221231,양천구,15232,신정1동주민센터.신오새마을금고,3
20221231,양천구,15233,양명초교.신서중,3
20221231,양천구,15234,신트리공원.목동아파트11단지,4
20221231,양천구,15235,목동10단지상가,8
20221231,양천구,15236,양천문화회관.양천일자리센터,9
20221231,양천구,15237,목동10단지농협,1
20221231,양천구,15238,목동13단지,2
20221231,양천구,15239,목동13단지,2
20221231,양천구,15241,신서초등학교,1
20221231,양천구,15242,신정1동우체국,6
20221231,양천구,15247,우리은행신정동지점,5
20221231,양천구,15248,목동프라자,1
20221231,양천구,15249,목동10단지,2
20221231,양천구,15250,신정네거리역,5
20221231,양천구,15251,신정네거리역,4
20221231,양천구,15252,길훈로즈빌아파트,3
20221231,양천구,15253,하이스트학원.종로학원,5
20221231,양천구,15254,목동역,7
20221231,양천구,15255,목동8단지지하도,5
20221231,양천구,15256,양천구청.양천보건소,12
20221231,양천구,15257,목동8단지.한전,11
20221231,양천구,15258,진명여고,11
20221231,양천구,15259,서울남부지방법원.서울남부지방검찰청,9
20221231,양천구,15260,서울남부지방법원.서울남부지방검찰청,7
20221231,양천구,15261,오목교역.청학스포츠타운,3
20221231,양천구,15262,현대아이파크아파트,3
20221231,양천구,15263,목동중학교.서울출입국.외국인청,2
20221231,양천구,15264,목동대학학원,9
20221231,양천구,15265,목동7단지,13
20221231,양천구,15266,제일은행앞,1
20221231,양천구,15268,서울남부지방법원.서울남부지방검찰청,6
20221231,양천구,15269,목동중학교,8
20221231,양천구,15270,진명여고,9
20221231,양천구,15271,우리은행신정동지점,5
20221231,양천구,15272,목동역.목동오거리,9
20221231,양천구,15273,신서고등학교.영상고등학교입구,9
20221231,양천구,15274,신정역(은행정).신정4동주민센터,9
20221231,양천구,15277,신정1동우체국,5
20221231,양천구,15279,서울남부지방법원.서울남부지방검찰청,5
20221231,양천구,15280,신정네거리역,5
20221231,양천구,15281,신서고등학교.영상고등학교앞,1
20221231,양천구,15282,제일여성병원,8
20221231,양천구,15283,신정4동경서농협,5
20221231,양천구,15284,목동역.홍익병원,10
20221231,양천구,15285,목동역.목동오거리,10
20221231,양천구,15286,신서고교.영상고교입구,10
20221231,양천구,15287,신정역(은행정).신정4동주민센터,9
20221231,양천구,15288,양강중학교,7
20221231,양천구,15292,신월문화체육센터,5
20221231,양천구,15293,신월동우성상가,5
20221231,양천구,15294,중부운수앞,1
20221231,양천구,15295,신월문화체육센터,6
20221231,양천구,15296,신월동우성상가,5
20221231,양천구,15298,국립과학수사연구소입구,7
20221231,양천구,15299,신안파크아파트후문,1
20221231,양천구,15300,신안파크아파트후문,1
20221231,양천구,15301,국립과학수사연구소.고강동종점,1
20221231,양천구,15302,신정1동주민센터.신오새마을금고,3
20221231,양천구,15303,신정네거리역,4
20221231,양천구,15304,신트리아파트,8
20221231,양천구,15305,정랑고개.양천벤처타운,8
20221231,양천구,15306,서부트럭터미널.신정동일하이빌아파트,6
20221231,양천구,15307,강신중학교,7
20221231,양천구,15308,남명초교.신정3동주민센터,3
20221231,양천구,15309,금옥중.금옥여고.백암고등학교,8
20221231,양천구,15310,양강중학교,6
20221231,양천구,15311,양강중학교,7
20221231,양천구,15312,신월2동주민센터입구.경창전통시장,7
20221231,양천구,15313,강서초등학교,7
20221231,양천구,15314,한빛종합사회복지관,7
20221231,양천구,15315,과학수사연구소입구,8
20221231,양천구,15316,서부트럭터미널.신정동일하이빌아파트,7
20221231,양천구,15317,신정현대아파트.서부트럭터미널,10
20221231,양천구,15318,넓은들공원,2
20221231,양천구,15319,넓은들공원,2
20221231,양천구,15320,신정현대아파트,10
20221231,양천구,15321,신정숲속마을아파트,5
20221231,양천구,15322,신정숲속마을아파트.댓골마을입구,5
20221231,양천구,15323,양천중앙도서관.푸른마을2단지,7
20221231,양천구,15324,양천중앙도서관.푸른마을2단지,5
20221231,양천구,15325,신월시영아파트.강월초등학교,8
20221231,양천구,15326,신월시영아파트.강월초등학교,8
20221231,양천구,15327,강월초교입구사거리,6
20221231,양천구,15328,강월초교입구사거리,6
20221231,양천구,15329,금실어린이공원,5
20221231,양천구,15330,금실어린이공원,3
20221231,양천구,15331,강신중학교,8
20221231,양천구,15332,양서중학교,6
20221231,양천구,15333,신월1동주민센터.신월보건지소,7
20221231,양천구,15334,신월3동주민센터.신월3동우체국,7
20221231,양천구,15335,서부여성발전센터,7
20221231,양천구,15336,가로공원공영주차장.신영시장,6
20221231,양천구,15337,국민은행신월동지점,6
20221231,양천구,15338,서서울호수공원,8
20221231,양천구,15339,서서울호수공원,8
20221231,양천구,15340,하나은행신월동지점,1
20221231,양천구,15341,가로공원공영주차장,6
20221231,양천구,15342,양원초교.광영여고,10
20221231,양천구,15343,국민은행신월동지점,3
20221231,양천구,15344,메디힐병원,7
20221231,양천구,15345,신화중학교,15
20221231,양천구,15346,신월5동주민센터.신월중학교,15
20221231,양천구,15347,신월5동주민센터.신월중학교,15
20221231,양천구,15348,신월중학교입구,4
20221231,양천구,15349,신월중학교입구,6
20221231,양천구,15350,광영고.신동아파밀리에아파트,10
20221231,양천구,15351,서울금융고등학교,6
20221231,양천구,15352,신화중학교,15
20221231,양천구,15353,경창빌딩,7
20221231,양천구,15354,신월시영아파트중문,5
20221231,양천구,15355,신월시영아파트중문,3
20221231,양천구,15356,목원초등학교.서울지방식품의약품안전청,2
20221231,양천구,15357,양천노인종합복지관,1
20221231,양천구,15358,양서중학교,1
20221231,양천구,15359,양명초등학교,1
20221231,양천구,15360,신목동역-서울지방식품의약품안전청,4
20221231,양천구,15361,목동파라곤,3
20221231,양천구,15362,신정현대아파트.서부트럭터미널,13
20221231,양천구,15363,대일관광고.푸른마을3단지,7
20221231,양천구,15364,대일관광고.푸른마을3단지,6
20221231,양천구,15365,신정현대아파트,1
20221231,양천구,15366,신월문화체육센터,2
20221231,양천구,15367,목동아파트1102동앞,1
20221231,양천구,15368,트럭터미널주유소앞,1
20221231,양천구,15369,목동아파트1434동앞,2
20221231,양천구,15370,목동아파트1216동앞,2
20221231,양천구,15371,신월동기점,3
20221231,양천구,15372,목동아파트1218동앞,1
20221231,양천구,15373,양천공영차고지,19
20221231,양천구,15374,국립과학수사연구소.고강동종점,1
20221231,양천구,15377,신월동기점,3
20221231,양천구,15378,양천공영차고지,6
20221231,양천구,15380,신정이펜하우스3단지,1
20221231,양천구,15399,푸른마을1단지.이든채아파트,8
20221231,양천구,15401,신교정입구,2
20221231,양천구,15402,중부운수앞,1
20221231,양천구,15405,푸른마을1단지.이든채아파트,6
20221231,양천구,15408,신정교입구,3
20221231,양천구,15411,신월청소년문화센터,4
20221231,양천구,15412,계남초등학교,3
20221231,양천구,15413,신목동역-서울지방식품의약품안전청,3
20221231,양천구,15414,보람쉬움아파트,2
20221231,양천구,15415,보람쉬움아파트.신영시장,2
20221231,양천구,15416,신정이펜하우스2단지,3
20221231,양천구,15418,신정이펜하우스1단지아파트,1
20221231,양천구,15419,이펜하우스1단지.어르신요양센터,3
20221231,양천구,15420,양천어르신요양센터,1
20221231,양천구,15421,신정이펜하우스3.4단지,3
20221231,양천구,15423,신정이펜하우스5단지.서남병원,2
20221231,양천구,15500,푸른마을아파트3단지,1
20221231,양천구,15501,강서보건소.9호선등촌역,2
20221231,양천구,15503,목2동주민센터,2
20221231,양천구,15504,동일하이빌아파트,1
20221231,양천구,15505,팔복부동산.목동교회,2
20221231,양천구,15506,신정현대아파트.서부트럭터미널,1
20221231,양천구,15507,목동문화체육센터.건영아파트,2
20221231,양천구,15508,한성교회.금옥여고.백암고,1
20221231,양천구,15509,우신웨스트빌.목동보건지소,2
20221231,양천구,15510,대림.수정아파트,1
20221231,양천구,15511,벽산.대주아파트,1
20221231,양천구,15512,성원.극동아파트,2
20221231,양천구,15513,목동센트럴2단지,1
20221231,양천구,15516,목동센트럴1단지,1
20221231,양천구,15518,농협.영도초등학교,1
20221231,양천구,15522,학마을2단지아파트,1
20221231,양천구,15524,한신청구아파트,1
20221231,양천구,15526,학마을2단지아파트,1
20221231,양천구,15536,신정1동주민센터,1
20221231,양천구,15539,목동10단지,1
20221231,양천구,15540,오목교역.대학학원,1
20221231,양천구,15542,목동프라자,1
20221231,양천구,15545,신서초교,1
20221231,양천구,15547,서울남부지법,1
20221231,양천구,15553,한신청구아파트정문,1
20221231,양천구,15554,목동8단지천주교,2
20221231,양천구,15556,목동3.4단지사잇길,2
20221231,양천구,15561,용왕산입구,1
20221231,양천구,15564,성원.극동아파트,2
20221231,양천구,15565,목동9단지B상가,1
20221231,양천구,15566,현대아파트.월드메르디앙아파트,2
20221231,양천구,15567,목동프라자,1
20221231,양천구,15568,우신웨스트빌.목동보건지소,2
20221231,양천구,15570,목동문화체육센터.건영아파트,2
20221231,양천구,15571,신정1동주민센터,1
20221231,양천구,15572,팔복부동산.목동교회,2
20221231,양천구,15574,목2동주민센터,2
20221231,양천구,15576,양동중학교,2
20221231,양천구,15577,수명산입구,1
20221231,양천구,15579,거산아파트,1
20221231,양천구,15582,신곡시장,1
20221231,양천구,15584,목동센트럴1단지,1
20221231,양천구,15585,목동센트럴2단지.이마트24,1
20221231,양천구,15586,벽산.대주아파트,1
20221231,양천구,15587,대림.수정아파트,1
20221231,양천구,15588,한성교회.백암고,1
20221231,양천구,15589,금옥여고.대우미래사랑아파트,1
20221231,양천구,15591,동일하이빌아파트,1
20221231,양천구,15593,현대아파트.월드메르디앙아파트,2
20221231,양천구,15594,롯데캐슬아파트.목3동시장,2
20221231,양천구,15596,신정이펜하우스1단지,1
20221231,양천구,15599,서남병원,1
20221231,양천구,15600,신은초등학교,1
20221231,양천구,15614,신은초등학교,1
20221231,양천구,15635,서남병원,1
20221231,양천구,15637,이펜하우스3.4단지,1
20221231,양천구,15638,양천어르신요양센터,1
20221231,양천구,15639,신정이펜하우스1단지.새금성교회,1
20221231,양천구,15691,목동역,1
20221231,양천구,15692,목동역,1
20221231,양천구,15693,갈산초등학교,1
20221231,양천구,15694,갈산초등학교,1
20221231,양천구,15695,화곡입구,1
20221231,양천구,15696,화곡입구,1
20221231,양천구,15700,국립과학수사연구소,1
20221231,양천구,15702,서부트럭터미널,1
20221231,양천구,15703,대일고등학교,1
20221231,양천구,15718,양천공영차고지,14
20221231,양천구,15801,오목교역,1
20221231,양천구,15806,오목교역,1
20221231,양천구,15808,신도림4차e편한세상,1
20221231,양천구,15909,목동현대백화점,1
20221231,양천구,15992,강서양천교육지원청,1
20221231,양천구,15995,거산아파트,1
20221231,양천구,15996,우리은행앞,4
20221231,강서구,16001,염창역.서울도시가스,23
20221231,강서구,16002,염창역.서울도시가스,24
20221231,강서구,16003,등촌역.강서보건소,22
20221231,강서구,16004,등촌역.강서보건소,23
20221231,강서구,16005,등촌중학교.백석초등학교,19
20221231,강서구,16006,등촌중학교.백석초등학교,15
20221231,강서구,16007,강서구청사거리.서울디지털대학교,19
20221231,강서구,16008,강서구청사거리.서울디지털대학교,21
20221231,강서구,16009,KBS스포츠월드,9
20221231,강서구,16010,KBS스포츠월드,10
20221231,강서구,16011,한국가스기술공사,9
20221231,강서구,16012,한국가스기술공사,9
20221231,강서구,16013,발산역,9
20221231,강서구,16014,송정역,22
20221231,강서구,16015,송정역,15
20221231,강서구,16016,"공항중학교.마곡엠밸리9,10단지",10
20221231,강서구,16017,발산역,13
20221231,강서구,16018,마곡역,11
20221231,강서구,16019,마곡역,12
20221231,강서구,16020,"공항중학교.마곡엠밸리9,10단지",10
20221231,강서구,16021,마곡동로사거리,11
20221231,강서구,16022,마곡동로사거리,12
20221231,강서구,16023,강서세무서,9
20221231,강서구,16024,강서세무서,9
20221231,강서구,16100,화원중학교,1
20221231,강서구,16102,서울식물원.식물문화센터,1
20221231,강서구,16103,백석초등학교.한국임업진흥원,1
20221231,강서구,16104,등촌중학교.한국임업진흥원,6
20221231,강서구,16105,강서대학교.강서LG베스트샵,4
20221231,강서구,16106,하이웨이주유소.강서대학교,2
20221231,강서구,16107,서울식물원.숲문화학교,1
20221231,강서구,16108,LG사이언스파크,1
20221231,강서구,16109,등촌주공5단지아파트,2
20221231,강서구,16111,발산역4번출구,2
20221231,강서구,16112,발산역5번출구,1
20221231,강서구,16115,공항중학교,4
20221231,강서구,16116,송정역,1
20221231,강서구,16117,송정역,4
20221231,강서구,16118,공항시장,6
20221231,강서구,16119,공항시장,6
20221231,강서구,16120,공항시장역3번출구,6
20221231,강서구,16121,공항시장역.공항성산교회,6
20221231,강서구,16122,방화주유소,3
20221231,강서구,16123,방화2동청성아파트앞,5
20221231,강서구,16124,방신전통시장,3
20221231,강서구,16125,방화2동우촌연립,5
20221231,강서구,16126,국민은행방화동지점,6
20221231,강서구,16127,국민은행방화동지점,5
20221231,강서구,16128,한서고등학교.보람아파트,4
20221231,강서구,16129,한서고등학교.보람아파트,4
20221231,강서구,16130,방화역2번출구,7
20221231,강서구,16131,방화역,7
20221231,강서구,16132,방화3동주민센터.국립국어원,6
20221231,강서구,16133,방화도시7단지.국립국어원,6
20221231,강서구,16134,가양3동도시개발8단지아파트.가양역,2
20221231,강서구,16135,가양역.마포중고등학교,10
20221231,강서구,16136,가양역.마포중고등학교,8
20221231,강서구,16137,경복비즈니스고등학교,8
20221231,강서구,16138,경복비즈니스고등학교,5
20221231,강서구,16139,강서구청.한국건강관리협회,13
20221231,강서구,16140,강서구청.한국건강관리협회,13
20221231,강서구,16141,우장초등학교,13
20221231,강서구,16142,우장초등학교,13
20221231,강서구,16143,한국폴리텍1.서울강서대학교,12
20221231,강서구,16144,한국폴리텍1.서울강서대학교,12
20221231,강서구,16145,화곡본동시장,12
20221231,강서구,16146,화곡본동시장,12
20221231,강서구,16147,화곡역,15
20221231,강서구,16148,화곡역,14
20221231,강서구,16149,강서구청소년상담복지센터,16
20221231,강서구,16150,화곡푸르지오,16
20221231,강서구,16151,외발산신광명마을,6
20221231,강서구,16152,외발산신광명마을,7
20221231,강서구,16153,강서면허시험장.메이필드호텔,6
20221231,강서구,16154,강서면허시험장.메이필드호텔,7
20221231,강서구,16155,강서농수산물도매시장,1
20221231,강서구,16156,영인운수.차고지,2
20221231,강서구,16157,대한항공.메이필드호텔,2
20221231,강서구,16158,공항동송정중학교,5
20221231,강서구,16159,공항동송정중학교,5
20221231,강서구,16160,국립항공박물관.공항동천주교회,4
20221231,강서구,16161,국립항공박물관.공항동천주교회,2
20221231,강서구,16162,공항동지하도입구,4
20221231,강서구,16163,영인운수.차고지,2
20221231,강서구,16164,방화중학교,20
20221231,강서구,16165,방화2동주민센터,2
20221231,강서구,16166,방화동도시개발11단지,19
20221231,강서구,16167,개화119안전센터,24
20221231,강서구,16168,개화119안전센터,20
20221231,강서구,16169,개화역1번출구.개화검문소,15
20221231,강서구,16170,개화역1번출구.개화검문소,27
20221231,강서구,16171,상사마을,9
20221231,강서구,16172,상사마을,2
20221231,강서구,16173,영일고등학교.강서도서관,9
20221231,강서구,16174,아이파크아파트.백석중학교.실로암안과,9
20221231,강서구,16175,등촌2동주민센터.등촌동대림아파트,9
20221231,강서구,16176,대일고교.임광아파트.배광교회,9
20221231,강서구,16177,용문사.시립화곡청소년센터,9
20221231,강서구,16178,목동사거리,2
20221231,강서구,16179,목동사거리,10
20221231,강서구,16180,화곡동남부시장,5
20221231,강서구,16181,성석교회,5
20221231,강서구,16182,서울신정초등학교,5
20221231,강서구,16183,서울신정초등학교,6
20221231,강서구,16184,화곡8동주민센터,5
20221231,강서구,16185,화곡8동주민센터.까치산시장,5
20221231,강서구,16186,KT강서지사,7
20221231,강서구,16187,KT강서지사,4
20221231,강서구,16188,화곡동유림아파트,4
20221231,강서구,16189,화곡동유림아파트,4
20221231,강서구,16190,황외과앞,1
20221231,강서구,16191,까치산역2번출구,8
20221231,강서구,16192,까치산역4번출구,8
20221231,강서구,16193,화곡동백구사,4
20221231,강서구,16194,화곡동백구사,4
20221231,강서구,16195,화곡대림아파트,5
20221231,강서구,16196,화곡동대림아파트.화곡중앙시장,5
20221231,강서구,16197,가로공원.나누리병원,4
20221231,강서구,16198,가로공원.나누리병원,4
20221231,강서구,16199,가로공원.나누리병원,6
20221231,강서구,16200,가로공원.나누리병원,6
20221231,강서구,16201,다운어린이공원.치유하는교회,4
20221231,강서구,16202,화원중학교,5
20221231,강서구,16203,신월초등학교,5
20221231,강서구,16204,신월초등학교,4
20221231,강서구,16205,화곡역.현대주유소,10
20221231,강서구,16206,화곡역,9
20221231,강서구,16207,화곡역1번출구,8
20221231,강서구,16208,화곡역8번출구,8
20221231,강서구,16209,대원시장,8
20221231,강서구,16210,대원시장,8
20221231,강서구,16211,화곡중고등학교,8
20221231,강서구,16212,화곡중고등학교,8
20221231,강서구,16213,우장산역,10
20221231,강서구,16214,우장산역,10
20221231,강서구,16215,명덕고등학교.서울스타병원,10
20221231,강서구,16216,명덕고등학교.서울스타병원,10
20221231,강서구,16217,발산역.우장산힐스테이트,9
20221231,강서구,16218,발산역.우장산힐스테이트,8
20221231,강서구,16219,발산역2번출구,8
20221231,강서구,16220,발산역3번출구,6
20221231,강서구,16221,서울호서전문학교.등촌주공3단지아파트,8
20221231,강서구,16222,서울호서전문학교.등촌주공3단지아파트,7
20221231,강서구,16223,서울강서우체국,6
20221231,강서구,16224,서울강서우체국,6
20221231,강서구,16225,양천향교역.휴먼빌아파트,5
20221231,강서구,16226,양천향교입구,4
20221231,강서구,16227,가양한강타운아파트,5
20221231,강서구,16228,가양한강타운아파트,4
20221231,강서구,16229,가양2단지성지아파트.동양고등학교,5
20221231,강서구,16230,가양2단지성지아파트.동양고등학교,4
20221231,강서구,16231,한보구암마을아파트,5
20221231,강서구,16232,가양동천주교영등포공업고등학교,4
20221231,강서구,16233,서울서진학교.우체국앞.허준박물관,5
20221231,강서구,16234,탑산초등학교.허준박물관,4
20221231,강서구,16235,가양도시개발4단지아파트,5
20221231,강서구,16236,대림경동아파트,4
20221231,강서구,16237,가양도시개발5단지아파트,5
20221231,강서구,16238,가양2동강변아파트,4
20221231,강서구,16239,가양3동도시개발6단지아파트,4
20221231,강서구,16240,가양초등학교,6
20221231,강서구,16241,강서구청별관,3
20221231,강서구,16242,가양3동주민센터,3
20221231,강서구,16243,가양3동도시개발9단지아파트,5
20221231,강서구,16244,가양도시개발9단지.세현고등학교,5
20221231,강서구,16245,염창동아3차아파트.나이아가라호텔,6
20221231,강서구,16246,염창동아3차아파트,5
20221231,강서구,16247,염창동새마을금고,6
20221231,강서구,16248,염창동새마을금고,6
20221231,강서구,16249,염창동한마음.관음삼성아파트,6
20221231,강서구,16250,염창동관음삼성아파트,6
20221231,강서구,16251,태영.삼성한사랑아파트,7
20221231,강서구,16252,금호.한솔아파트,7
20221231,강서구,16253,블루나인비지니스센터.이마트,7
20221231,강서구,16254,블루나인비지니스센터.이마트,6
20221231,강서구,16255,이마트.강서소방서,3
20221231,강서구,16256,강서소방서.이마트.증미역,4
20221231,강서구,16257,가양역.현대프린스텔,3
20221231,강서구,16258,가양역.현대아파트,3
20221231,강서구,16259,가양역.우성아파트,3
20221231,강서구,16260,가양역.우성아파트,5
20221231,강서구,16261,SBS공개홀,4
20221231,강서구,16262,SBS공개홀,3
20221231,강서구,16263,가양4.5단지상가앞,1
20221231,강서구,16264,서울서진학교,4
20221231,강서구,16265,등촌동대림아파트,2
20221231,강서구,16266,강서한강자이아파트,3
20221231,강서구,16267,가양동CJ주식회사,3
20221231,강서구,16268,가양동CJ주식회사,2
20221231,강서구,16269,양천초등학교.겸재정선미술관,4
20221231,강서구,16270,양천초등학교.겸재정선미술관,3
20221231,강서구,16271,겸재정선미술관.서울식물원,3
20221231,강서구,16272,겸재정선미술관.서울식물원,4
20221231,강서구,16273,마곡실내배드민턴장,4
20221231,강서구,16274,마곡실내배드민턴장,4
20221231,강서구,16275,서남물재생센터,3
20221231,강서구,16276,서남물재생센터,3
20221231,강서구,16277,서남환경공원.마곡청구아파트,3
20221231,강서구,16278,서남환경공원.마곡청구아파트,4
20221231,강서구,16279,방화동도시개발2단지아파트,4
20221231,강서구,16280,방화동도시개발2단지아파트,3
20221231,강서구,16283,방화동동부센트레빌아파트,5
20221231,강서구,16284,방화동동부센트레빌아파트,5
20221231,강서구,16285,방화사거리,6
20221231,강서구,16286,방화사거리,6
20221231,강서구,16287,개화산역,6
20221231,강서구,16288,개화산역,6
20221231,강서구,16291,등촌3동천주교회,2
20221231,강서구,16292,등촌3동천주교회,3
20221231,강서구,16293,등촌3동5단지아파트.등촌고등학교,2
20221231,강서구,16294,등촌3동5단지아파트.등촌고등학교,2
20221231,강서구,16295,등촌3동주공4단지아파트,2
20221231,강서구,16296,등촌동부영아파트,2
20221231,강서구,16297,등촌3동주공10단지아파트,4
20221231,강서구,16298,등촌3동대림아파트,3
20221231,강서구,16301,마곡13단지힐스테이트아파트,1
20221231,강서구,16302,다솔마을.강서농수산물도매시장,1
20221231,강서구,16303,강서공업고등학교,2
20221231,강서구,16304,방화동도시개발1.2단지아파트,2
20221231,강서구,16305,서울항공비즈니스고등학교,5
20221231,강서구,16306,서울항공비즈니스고등학교,4
20221231,강서구,16307,공항중학교,4
20221231,강서구,16308,공항중학교.마곡엠밸리9단지,4
20221231,강서구,16309,양천향교역,6
20221231,강서구,16321,방신전통시장,1
20221231,강서구,16322,방화주유소,1
20221231,강서구,16326,제과점앞,3
20221231,강서구,16327,공항동천주교회,3
20221231,강서구,16328,강서한방병원,4
20221231,강서구,16329,강서한방병원,4
20221231,강서구,16330,강서한강자이아파트,3
20221231,강서구,16332,강서구청별관,1
20221231,강서구,16339,우장산동주민센터,1
20221231,강서구,16340,문성유치원,1
20221231,강서구,16341,우장산투웨니퍼스트오피스텔,1
20221231,강서구,16342,가양7단지상가,1
20221231,강서구,16344,등촌주공9단지,1
20221231,강서구,16345,강서구민올림픽체육센터,1
20221231,강서구,16346,등촌주공6단지,1
20221231,강서구,16347,등현초등학교,1
20221231,강서구,16348,가양7단지상가앞,2
20221231,강서구,16350,우장산휴먼빌아파트,1
20221231,강서구,16351,우장산동주민센터,1
20221231,강서구,16352,양서1단지우장산아이파크이편한세상,1
20221231,강서구,16361,우장산파크빌,1
20221231,강서구,16364,강서힐스테이트아파트,1
20221231,강서구,16366,등촌주공6단지앞,1
20221231,강서구,16367,강서구민올림픽체육센터,1
20221231,강서구,16368,등촌9단지SBS공개홀,1
20221231,강서구,16369,가양4.5단지상가앞,1
20221231,강서구,16373,삼정그린코아아파트,1
20221231,강서구,16374,강서농협,1
20221231,강서구,16375,강서농협,1
20221231,강서구,16376,서울방화초등학교,2
20221231,강서구,16378,공항동주민센터,2
20221231,강서구,16379,천주교성당,1
20221231,강서구,16385,마곡나루역4번출구.서울식물원,1
20221231,강서구,16386,마곡나루역5번출구.서울식물원,4
20221231,강서구,16387,마곡역교차로,3
20221231,강서구,16388,이대서울병원,3
20221231,강서구,16389,김포공항국내선,5
20221231,강서구,16390,김포공항국내선,7
20221231,강서구,16391,김포공항국제선,5
20221231,강서구,16392,김포공항국제선,9
20221231,강서구,16393,발산역7번출구,2
20221231,강서구,16394,신방화역5번출구,3
20221231,강서구,16395,마곡엠밸리6.7단지.마곡중학교,3
20221231,강서구,16396,마곡나루역,3
20221231,강서구,16397,마곡역,4
20221231,강서구,16398,마곡역,2
20221231,강서구,16399,마곡나루역1번출구.웰튼병원,4
20221231,강서구,16400,마곡동로사거리,5
20221231,강서구,16401,마곡엠밸리11.12단지,1
20221231,강서구,16402,마곡13단지힐스테이트후문,1
20221231,강서구,16403,공진초등학교,1
20221231,강서구,16407,송정역,3
20221231,강서구,16408,외발산동기점,3
20221231,강서구,16410,한국공항공사,6
20221231,강서구,16411,한국공항공사,17
20221231,강서구,16413,개화동상사마을종점,1
20221231,강서구,16416,마곡수명산파크7단지,4
20221231,강서구,16417,마곡수명산파크5단지6단지,4
20221231,강서구,16418,마곡수명산파크2단지,4
20221231,강서구,16419,마곡수명산파크2단지,4
20221231,강서구,16420,마곡수명산파크3단지4단지,4
20221231,강서구,16421,마곡수명산파크7단지,4
20221231,강서구,16422,마곡역6번출구,2
20221231,강서구,16423,마곡역,2
20221231,강서구,16424,화곡2동주민센터,5
20221231,강서구,16425,화곡2동주민센터,5
20221231,강서구,16427,마곡엠밸리14단지아파트,4
20221231,강서구,16428,마곡엠밸리15단지아파트,4
20221231,강서구,16429,발산역9번출구,6
20221231,강서구,16430,공항동주민센터,1
20221231,강서구,16431,신방화사거리,3
20221231,강서구,16432,신방화사거리,4
20221231,강서구,16433,방화2동우촌연립,3
20221231,강서구,16434,개화역광역환승센터,21
20221231,강서구,16435,개화역광역환승센터,16
20221231,강서구,16436,방화2동청성아파트,3
20221231,강서구,16450,핑크힐병원,4
20221231,강서구,16451,롯데몰.김포공항역,18
20221231,강서구,16453,송정중학교정문,2
20221231,강서구,16462,염창동주민센터,1
20221231,강서구,16463,대통마트,1
20221231,강서구,16464,강원슈퍼,1
20221231,강서구,16465,화곡보람3차아파트,1
20221231,강서구,16466,에이엔케슬,1
20221231,강서구,16467,한광고,1
20221231,강서구,16468,신정여상,1
20221231,강서구,16469,명지해드는터아파트,1
20221231,강서구,16470,동우아트빌,1
20221231,강서구,16471,미주아파트,1
20221231,강서구,16472,방송인아파트,1
20221231,강서구,16473,곰달래약국,1
20221231,강서구,16474,중앙하이츠빌라,1
20221231,강서구,16475,곰달래아파트,1
20221231,강서구,16476,삼성아파트,1
20221231,강서구,16477,은창아파트,1
20221231,강서구,16478,화곡전화국,1
20221231,강서구,16479,까치산역4번출구,1
20221231,강서구,16480,까치시장,1
20221231,강서구,16481,화곡탑건진선미아파트,1
20221231,강서구,16482,개나리슈퍼,1
20221231,강서구,16483,빨래세탁소,1
20221231,강서구,16484,공작세탁소,1
20221231,강서구,16485,주영렉스빌,1
20221231,강서구,16486,대통마트,1
20221231,강서구,16487,국민약국,1
20221231,강서구,16488,주영렉스빌,1
20221231,강서구,16489,약수터,1
20221231,강서구,16490,신광명마을,1
20221231,강서구,16491,수명중고등학교,1
20221231,강서구,16492,마곡.수명산파크4단지,1
20221231,강서구,16493,방화중학교,15
20221231,강서구,16494,한마음아파트,1
20221231,강서구,16495,우성아파트앞,1
20221231,강서구,16496,우성아파트,1
20221231,강서구,16497,봉제산정상,2
20221231,강서구,16498,생태공원,1
20221231,강서구,16499,NC백화점앞,1
20221231,강서구,16500,염창역1번출구.강서평생학습관,1
20221231,강서구,16501,명지해드는터아파트,1
20221231,강서구,16502,하이웨이주유소,2
20221231,강서구,16503,서광아파트,1
20221231,강서구,16504,마곡엠밸리7단지앞,1
20221231,강서구,16505,대림아파트,1
20221231,강서구,16506,하나마트,2
20221231,강서구,16507,정곡초교,1
20221231,강서구,16508,등명중학교,1
20221231,강서구,16509,동아3차아파트,1
20221231,강서구,16510,미주아파트,1
20221231,강서구,16511,백연공원,2
20221231,강서구,16512,방화4단지,1
20221231,강서구,16513,등촌3동성당사거리,1
20221231,강서구,16514,새마을금고,1
20221231,강서구,16515,방송인아파트,1
20221231,강서구,16516,강서대학교,2
20221231,강서구,16517,방화3동주민센터,1
20221231,강서구,16518,등촌6단지,1
20221231,강서구,16519,관음삼성.보람더하임아파트,1
20221231,강서구,16520,공작세탁소,1
20221231,강서구,16521,골목시장,2
20221231,강서구,16523,등촌9단지,1
20221231,강서구,16524,염창중학교,1
20221231,강서구,16525,대통마트,1
20221231,강서구,16526,SK브로드밴드강서방송,2
20221231,강서구,16527,정곡초교,1
20221231,강서구,16528,강서세무서.공항초교,1
20221231,강서구,16529,남부시장,1
20221231,강서구,16530,수정빌딩,2
20221231,강서구,16532,다솔마을,1
20221231,강서구,16533,화곡유치원,2
20221231,강서구,16534,마곡엠밸리14단지,1
20221231,강서구,16535,등촌7단지아파트,1
20221231,강서구,16536,삼천리아파트,1
20221231,강서구,16537,화곡중앙하이츠빌라,1
20221231,강서구,16538,본동시장,1
20221231,강서구,16539,마곡엠밸리14단지,1
20221231,강서구,16540,한서고등학교.보람아파트,1
20221231,강서구,16541,한마음아파트,1
20221231,강서구,16542,곰달래아파트,1
20221231,강서구,16543,본동사무소,2
20221231,강서구,16544,볏골어린이공원,1
20221231,강서구,16545,방신시장.LG베스트샵,1
20221231,강서구,16546,마곡엠밸리11.12단지상가,1
20221231,강서구,16547,삼성아파트,1
20221231,강서구,16548,거성빌라,2
20221231,강서구,16549,마곡13단지힐스테이트상가,1
20221231,강서구,16550,겸재정선미술관입구,1
20221231,강서구,16551,한국건강관리협회,1
20221231,강서구,16552,이마트.증미역,1
20221231,강서구,16553,은창아파트,1
20221231,강서구,16554,강서구립봉제산어르신복지센터,2
20221231,강서구,16555,본동시장.새마을금고본점,1
20221231,강서구,16556,금호APT,1
20221231,강서구,16557,강서구청입구,1
20221231,강서구,16558,등촌강변샤르망오피스텔,1
20221231,강서구,16559,마곡13단지힐스테이트후문,1
20221231,강서구,16560,대영마트,2
20221231,강서구,16561,우체국,1
20221231,강서구,16562,벽산아파트,1
20221231,강서구,16563,우장산꿈에그린아파트,1
20221231,강서구,16564,등촌현대아파트,1
20221231,강서구,16565,까치산역1번출구,1
20221231,강서구,16566,정은파크빌,2
20221231,강서구,16567,화곡초교,2
20221231,강서구,16568,벽산아파트,1
20221231,강서구,16569,롯데3차APT,1
20221231,강서구,16570,하이웨이주유소,1
20221231,강서구,16571,까치시장,1
20221231,강서구,16572,약수터,2
20221231,강서구,16573,금호APT,1
20221231,강서구,16574,강서구민회관,1
20221231,강서구,16576,선교교회,1
20221231,강서구,16577,겸재정선미술관입구,1
20221231,강서구,16578,발산어린이집,1
20221231,강서구,16579,화곡탑건진선미아파트,1
20221231,강서구,16580,삼거리,2
20221231,강서구,16581,롯데1차,1
20221231,강서구,16583,개나리슈퍼,1
20221231,강서구,16586,강서노인회관,1
20221231,강서구,16588,빨래터세탁소,1
20221231,강서구,16589,안골공원,1
20221231,강서구,16591,우장산월드메르디앙아파트,1
20221231,강서구,16592,방화동동부센트레빌아파트,1
20221231,강서구,16593,삼거리,1
20221231,강서구,16594,강남슈퍼,1
20221231,강서구,16595,프라임마트,1
20221231,강서구,16597,태창아파트,2
20221231,강서구,16598,신정초교,1
20221231,강서구,16599,정은파크빌,2
20221231,강서구,16601,마곡한솔솔파크,1
20221231,강서구,16602,가양역,1
20221231,강서구,16603,길훈아파트,1
20221231,강서구,16604,마곡중학교,1
20221231,강서구,16605,김포공항국내선,8
20221231,강서구,16606,마곡나루역,1
20221231,강서구,16608,롯데R&D센터,1
20221231,강서구,16609,마곡나루역,1
20221231,강서구,16612,대한항공,4
20221231,강서구,16613,LG사이언스파크,1
20221231,강서구,16614,김포공항국내선,2
20221231,강서구,16615,마곡엠밸리1단지,1
20221231,강서구,16616,마곡나루역,1
20221231,강서구,16617,마곡나루역5번출구,1
20221231,강서구,16618,대한항공,1
20221231,강서구,16619,서울식물원.숲문화학교,1
20221231,강서구,16621,마곡역2번출구,2
20221231,강서구,16622,강서세무서.공항초교,1
20221231,강서구,16623,강서세무서,1
20221231,강서구,16624,마곡엠밸리7단지입구,1
20221231,강서구,16625,마곡엠밸리7단지,1
20221231,강서구,16626,마곡역,1
20221231,강서구,16627,마곡엠밸리3단지입구,1
20221231,강서구,16628,마곡중학교정문,1
20221231,강서구,16629,길훈아파트,1
20221231,강서구,16630,마곡한솔솔파크,1
20221231,강서구,16631,프라임마트,1
20221231,강서구,16632,방화동동부센트레빌아파트,1
20221231,강서구,16633,방신시장,1
20221231,강서구,16634,한서고등학교.보람아파트,1
20221231,강서구,16635,마곡역,2
20221231,강서구,16636,동아1.2차아파트,1
20221231,강서구,16637,약수터,2
20221231,강서구,16638,동아1.2차아파트,1
20221231,강서구,16639,화곡역,9
20221231,강서구,16640,마곡우림필유아파트,1
20221231,강서구,16641,마곡우림필유아파트,1
20221231,강서구,16677,대영마트,2
20221231,강서구,16700,롯데R&D센터,1
20221231,강서구,16702,마곡엠밸리7단지.712동,4
20221231,강서구,16703,신방화역4번출구.마곡중학교,4
20221231,강서구,16704,신방화역7번출구,4
20221231,강서구,16705,마곡엠밸리4단지,1
20221231,강서구,16706,마곡엠밸리5단지,4
20221231,강서구,16707,화곡중앙골목시장,5
20221231,강서구,16718,송화시장,1
20221231,강서구,16721,삼천리아파트,1
20221231,강서구,16722,LG주유소,1
20221231,강서구,16725,오쇠동꽃단지,2
20221231,강서구,16726,오쇠동꽃단지,2
20221231,강서구,16727,강서구립봉제산어르신복지센터,2
20221231,강서구,16729,화곡중.고등학교,1
20221231,강서구,16730,증미역,1
20221231,강서구,16732,삼거리,1
20221231,강서구,16734,남부시장,2
20221231,강서구,16745,송정역,2
20221231,강서구,16778,거성빌라,2
20221231,강서구,16781,김포공항국내선,4
20221231,강서구,16800,강서면허시험장,1
20221231,강서구,16812,덕원여자고등학교.덕원예술고등학교,1
20221231,강서구,16813,증미역,1
20221231,강서구,16814,봉제산정상,2
20221231,강서구,16817,김포공항국내선,2
20221231,강서구,16818,성우빌딩,2
20221231,강서구,16820,발산초등학교,1
20221231,강서구,16829,김포공항국내선,4
20221231,강서구,16836,로미오이발클럽,1
20221231,강서구,16839,강서면허시험장메이필트호텔,1
20221231,강서구,16841,강서구의회,1
20221231,강서구,16842,강서구의회,1
20221231,강서구,16843,대일고등학교,1
20221231,강서구,16844,목동사거리,1
20221231,강서구,16848,김포공항국제선,4
20221231,강서구,16849,강서면허시험장.강서농수산물시장,5
20221231,강서구,16851,염창역2번출구,1
20221231,강서구,16855,태영송화아파트,6
20221231,강서구,16857,김포공항국제선,4
20221231,강서구,16858,대통마트,2
20221231,강서구,16859,화곡초교,2
20221231,강서구,16861,현대슈퍼,1
20221231,강서구,16862,관음삼성.보람더하임아파트,1
20221231,강서구,16863,청송평화아파트,1
20221231,강서구,16864,아람마트,2
20221231,강서구,16867,수명산파크1단지,1
20221231,강서구,16868,새마을금고,1
20221231,강서구,16869,성심사,1
20221231,강서구,16870,성심사,2
20221231,강서구,16873,마곡.수명산파크2단지,1
20221231,강서구,16875,아람마트,1
20221231,강서구,16876,현대빌라,1
20221231,강서구,16878,화곡역7번출구,1
20221231,강서구,16879,마곡.수명산파크3단지,1
20221231,강서구,16882,청송평화아파트,2
20221231,강서구,16885,마곡수명산파크3단지.4단지,1
20221231,강서구,16887,화곡보람3차아파트,1
20221231,강서구,16888,로미오이발클럽,2
20221231,강서구,16890,푸르지오APT,1
20221231,강서구,16891,염동초교.염창보람더하임아파트,1
20221231,강서구,16892,에이엔케슬,1
20221231,강서구,16893,염동초교.염창보람더하임아파트,1
20221231,강서구,16894,화곡유치원,2
20221231,강서구,16895,나이아가라.리버파크.골든서울호텔,1
20221231,강서구,16896,한광고,1
20221231,강서구,16897,수정빌딩,2
20221231,강서구,16898,수명산파크7단지정문,1
20221231,강서구,16899,신정여상,1
20221231,강서구,16900,SK브로드밴드강서방송,2
20221231,강서구,16902,나이아가라.리버파크.골든서울호텔,1
20221231,강서구,16903,골목시장,2
20221231,강서구,16905,서울자동차학원,1
20221231,강서구,16907,강서대학교,2
20221231,강서구,16908,백연공원,1
20221231,강서구,16909,하나마트,1
20221231,강서구,16910,강서구청후문,1
20221231,강서구,16911,화곡보람2차아파트,1
20221231,강서구,16912,강서아파트,1
20221231,강서구,16914,본동사무소,2
20221231,강서구,16915,황제참치,1
20221231,강서구,16917,청과시장2,1
20221231,강서구,16918,콘티넨탈호텔,1
20221231,강서구,16920,강서면허시험장,1
20221231,강서구,16921,등촌역1번출구,1
20221231,강서구,16922,발산역3번출구,1
20221231,강서구,16923,수명산파크7단지상가,1
20221231,강서구,16925,수명산파크7단지정문,1
20221231,강서구,16927,수명중.고등학교,1
20221231,강서구,16928,기업은행,1
20221231,강서구,16929,마곡수명산파크5단지.6단지,1
20221231,강서구,16930,김포공항국내선(11-2번홈),7
20221231,강서구,16931,수명산파크상가,1
20221231,강서구,16932,변전소,1
20221231,강서구,16933,수명산파크5단지아파트,1
20221231,강서구,16934,김포공항국내선(11-3번홈),8
20221231,강서구,16935,수명산파크1단지아파트앞,1
20221231,강서구,16937,현대슈퍼,1
20221231,강서구,16939,발산초등학교,1
20221231,강서구,16940,변전소,1
20221231,강서구,16941,화곡중.고등학교,1
20221231,강서구,16943,송화시장,1
20221231,강서구,16946,우장산월드메르디앙아파트,1
20221231,강서구,16948,강서노인회관,1
20221231,강서구,16950,롯데2차,1
20221231,강서구,16951,김포공항국제선(1경기),17
20221231,강서구,16952,발산어린이집,1
20221231,강서구,16954,강서구민회관,1
20221231,강서구,16955,방화3동주민센터,1
20221231,강서구,16956,롯데3차APT,1
20221231,강서구,16957,방화동삼익아파트,1
20221231,강서구,16958,공영주차장,1
20221231,강서구,16959,방화중학교(시외버스),1
20221231,강서구,16960,강서구청입구,1
20221231,강서구,16961,서광아파트,1
20221231,강서구,16962,생태공원,1
20221231,강서구,16963,등촌7단지,1
20221231,강서구,16964,등촌10단지,1
20221231,강서구,16965,등촌미주.진로아파트,1
20221231,강서구,16966,등촌3동성당사거리,1
20221231,강서구,16967,등촌5단지,1
20221231,강서구,16968,공원앞,1
20221231,강서구,16969,발산역.NC백화점,1
20221231,강서구,16970,동우아트빌,1
20221231,강서구,16971,태창아파트,2
20221231,강서구,16975,강서농수산물도매시장,1
20221231,강서구,16976,강서농수산물도매시장종점,1
20221231,강서구,16977,등촌동주공9단지,1
20221231,강서구,16978,등촌주공9단지,1
20221231,강서구,16979,등촌동주공8단지,1
20221231,강서구,16980,화훼단지,1
20221231,강서구,16981,화훼단지,1
20221231,강서구,16983,국립항공박물관,4
20221231,강서구,16986,등촌주공8단지,1
20221231,강서구,16987,대한항공화물청사,4
20221231,강서구,16988,대한항공훈련센터,4
20221231,강서구,16992,김포공항화물청사,4
20221231,강서구,16993,김포공항세관.국립항공박물관,4
20221231,강서구,16994,강원슈퍼,1
20221231,강서구,16995,대한항공빌딩,4
20221231,강서구,16996,대한항공,1
20221231,강서구,16997,김포공항국제선,6
20221231,구로구,17001,신도림역,24
20221231,구로구,17002,신도림역,23
20221231,구로구,17003,신도림동.구로역,21
20221231,구로구,17004,신도림동.구로역,20
20221231,구로구,17005,구일역.중앙유통상가,21
20221231,구로구,17006,구일역.제일제당,21
20221231,구로구,17007,동양미래대학.구로성심병원,18
20221231,구로구,17008,동양미래대학.구로성심병원,18
20221231,구로구,17009,개봉역.영화아파트,16
20221231,구로구,17010,개봉역.한마을아파트,16
20221231,구로구,17011,경인중학교.개봉사거리,11
20221231,구로구,17012,경인중학교.개봉사거리,9
20221231,구로구,17013,구로디지털단지역,16
20221231,구로구,17101,신도림역,3
20221231,구로구,17102,신도림역,8
20221231,구로구,17103,서울미래초등학교,4
20221231,구로구,17104,서울미래초등학교,5
20221231,구로구,17105,한국SGI,5
20221231,구로구,17106,거리공원.구로신협본점앞,5
20221231,구로구,17107,거리공원,5
20221231,구로구,17108,구로도서관.대성스카이렉스,4
20221231,구로구,17109,구로고등학교,4
20221231,구로구,17110,영림중학교,4
20221231,구로구,17111,구로구청,4
20221231,구로구,17112,구로구청,7
20221231,구로구,17113,고대구로병원후문,4
20221231,구로구,17114,대림역,4
20221231,구로구,17115,대림역,5
20221231,구로구,17116,영서중학교,2
20221231,구로구,17117,영서중학교,1
20221231,구로구,17118,구로두산아파트,3
20221231,구로구,17119,구로종합사회복지관,3
20221231,구로구,17120,남구로역,3
20221231,구로구,17121,남구로역,3
20221231,구로구,17122,한국산업단지공단.이마트구로점,4
20221231,구로구,17123,고용노동부관악지청.이마트구로점,1
20221231,구로구,17124,디지털산업1단지,1
20221231,구로구,17125,디지털산업1단지,3
20221231,구로구,17126,하이엔드1차·보건지소·치매센터,2
20221231,구로구,17127,지하이시티·보건지소·치매센터,1
20221231,구로구,17128,디지털단지오거리,3
20221231,구로구,17129,디지털단지오거리,2
20221231,구로구,17130,퀸즈빌,4
20221231,구로구,17131,가리봉시장,8
20221231,구로구,17132,가리봉시장,10
20221231,구로구,17133,남구로역,10
20221231,구로구,17134,구로4동자치회관,10
20221231,구로구,17135,구로시장,10
20221231,구로구,17136,구로시장,10
20221231,구로구,17137,구로4동우체국.고대구로병원정문,10
20221231,구로구,17138,구로4동우체국.고대구로병원정문,10
20221231,구로구,17139,구로119안전센터,7
20221231,구로구,17140,구로119안전센터,6
20221231,구로구,17141,우리유앤미아파트,6
20221231,구로구,17142,구로변전소.구로초등학교,6
20221231,구로구,17143,쌍용구로정비사업소,6
20221231,구로구,17144,구로역·NC신구로점,6
20221231,구로구,17145,구로역·NC신구로점,7
20221231,구로구,17146,구로역.구로기계공구상가,7
20221231,구로구,17147,구로역.구로기계공구상가,5
20221231,구로구,17148,기업은행구로중앙지점,5
20221231,구로구,17149,기업은행구로중앙지점,5
20221231,구로구,17150,두암빌라,2
20221231,구로구,17151,항동우남퍼스트빌,5
20221231,구로구,17152,신도림중학교,3
20221231,구로구,17153,신도림중학교,3
20221231,구로구,17154,구로역,3
20221231,구로구,17155,구로역,4
20221231,구로구,17156,초롱타운회전교차로,1
20221231,구로구,17157,솔길공원,1
20221231,구로구,17158,GS25,1
20221231,구로구,17159,한일유앤아이아파트,3
20221231,구로구,17160,항동우남퍼스트빌,4
20221231,구로구,17161,구로SKV1지식산업센터,2
20221231,구로구,17162,구로SKV1.제일풍경채포레스트,2
20221231,구로구,17164,개봉사거리,4
20221231,구로구,17166,경인중학교,4
20221231,구로구,17168,개봉치안센터,1
20221231,구로구,17169,오류1동주민센터.오류문화센터,12
20221231,구로구,17170,오류1동주민센터.오류문화센터,13
20221231,구로구,17171,오류동역,14
20221231,구로구,17172,오류동역,14
20221231,구로구,17173,씨티월드,12
20221231,구로구,17174,오류지구대.신오류주유소,11
20221231,구로구,17175,서울가든빌라앞,7
20221231,구로구,17176,서울가든빌라앞,7
20221231,구로구,17177,성공회대학교유한공고앞,10
20221231,구로구,17178,영풍마드레빌아파트.소공원사거리,1
20221231,구로구,17179,연세중앙교회,7
20221231,구로구,17180,궁동청소년문화의집,6
20221231,구로구,17181,궁동청소년문화의집.구로검사소,6
20221231,구로구,17182,우신고등학교,9
20221231,구로구,17183,우신고등학교,9
20221231,구로구,17184,온수역,9
20221231,구로구,17185,온수역,9
20221231,구로구,17186,온수동새마을금고,3
20221231,구로구,17187,정진학교.온수힐스테이트아파트,3
20221231,구로구,17188,수궁동주민센터,6
20221231,구로구,17189,수궁동주민센터,6
20221231,구로구,17190,수궁119안전센터,6
20221231,구로구,17191,수궁119안전센터,6
20221231,구로구,17192,예림디자인고.오류고.서울공연예술고,5
20221231,구로구,17193,예림디자인고.오류고.서울공연예술고,5
20221231,구로구,17194,서서울생활과학고.궁동도서관,4
20221231,구로구,17195,서서울생활과학고.궁동도서관,4
20221231,구로구,17196,오남중학교.삼미주택,4
20221231,구로구,17197,오남중학교,6
20221231,구로구,17201,구로우체국.이펜하우스5단지후문,6
20221231,구로구,17202,천왕역4번출구,5
20221231,구로구,17203,오류2동주민센터,2
20221231,구로구,17204,오류2동주민센터,3
20221231,구로구,17205,오류2동새마을금고,2
20221231,구로구,17206,오류2동새마을금고,3
20221231,구로구,17207,대원주유소,10
20221231,구로구,17208,대원주유소,10
20221231,구로구,17209,현대아파트.개봉중앙시장,14
20221231,구로구,17210,현대아파트.개봉중앙시장,15
20221231,구로구,17211,덕의초등학교,2
20221231,구로구,17212,덕의초등학교,4
20221231,구로구,17213,고척근린공원,2
20221231,구로구,17214,고척근린공원.고척도서관,3
20221231,구로구,17215,세곡초등학교,5
20221231,구로구,17216,세곡초등학교,3
20221231,구로구,17217,개봉푸르지오아파트,4
20221231,구로구,17218,개봉푸르지오아파트,5
20221231,구로구,17219,고척근린시장,4
20221231,구로구,17220,용두연립,5
20221231,구로구,17221,우리유엔미아파트,1
20221231,구로구,17222,쌍용구로정비사업소,1
20221231,구로구,17223,고척파크푸르지오아파트,2
20221231,구로구,17225,고척시장,4
20221231,구로구,17226,고척시장,4
20221231,구로구,17227,고척중학교,4
20221231,구로구,17228,고척중학교,4
20221231,구로구,17229,구로디지털단지역,2
20221231,구로구,17230,삼부르네상스.효성아파트,9
20221231,구로구,17231,구일우성아파트,5
20221231,구로구,17232,구일우성아파트,2
20221231,구로구,17233,개봉역,8
20221231,구로구,17234,개봉역,8
20221231,구로구,17235,개봉1동사거리.개봉푸르지오아파트,11
20221231,구로구,17236,개봉1동사거리,9
20221231,구로구,17237,구로1동우체국,1
20221231,구로구,17238,구일우성아파트,5
20221231,구로구,17239,디지털단지입구,6
20221231,구로구,17240,구로보건소,3
20221231,구로구,17241,궁동삼거리,1
20221231,구로구,17242,구일우성아파트,8
20221231,구로구,17243,개봉역,8
20221231,구로구,17244,웰크론,1
20221231,구로구,17245,남구로역,2
20221231,구로구,17246,개봉고가,9
20221231,구로구,17247,구로남초등학교,2
20221231,구로구,17248,연세중앙교회,7
20221231,구로구,17249,가리봉파출소,8
20221231,구로구,17251,동양빌라,1
20221231,구로구,17252,남구로역6번출구,3
20221231,구로구,17253,궁동입구,1
20221231,구로구,17254,현대아파트,1
20221231,구로구,17255,롯데아파트,1
20221231,구로구,17256,구로역·NC신구로점,1
20221231,구로구,17257,롯데아파트,1
20221231,구로구,17258,제중병원,1
20221231,구로구,17259,구로역,1
20221231,구로구,17260,구로중앙하이츠아파트.화원복지관,1
20221231,구로구,17261,신동아미래지움아파트,1
20221231,구로구,17262,초롱타운아파트,1
20221231,구로구,17289,온수동종점,3
20221231,구로구,17290,온수동종점,9
20221231,구로구,17291,신도림생활체육관.우성3차아파트,1
20221231,구로구,17292,우성3차아파트,1
20221231,구로구,17293,구로구청,5
20221231,구로구,17296,대림역,3
20221231,구로구,17297,구로중학교,5
20221231,구로구,17298,우신고등학교후문,3
20221231,구로구,17299,동양빌라,1
20221231,구로구,17300,궁동입구,1
20221231,구로구,17301,윤성빌라,1
20221231,구로구,17302,궁동사회복지관,1
20221231,구로구,17303,원각사입구,1
20221231,구로구,17304,동부골든아파트,2
20221231,구로구,17305,거성푸르뫼아파트,2
20221231,구로구,17306,거성푸르뫼아파트,2
20221231,구로구,17307,오류동삼거리,2
20221231,구로구,17308,오류동삼거리,1
20221231,구로구,17309,동부골든.한신플러스타운,2
20221231,구로구,17310,구로역.나인스애비뉴,4
20221231,구로구,17311,개봉1동사거리,2
20221231,구로구,17312,개봉1동사거리,2
20221231,구로구,17314,동부골든아파트후문,2
20221231,구로구,17315,동부골든아파트후문,2
20221231,구로구,17359,항동하버라인3단지,3
20221231,구로구,17360,항동하버라인3단지,3
20221231,구로구,17361,푸른수목원,5
20221231,구로구,17362,항동복합행정센터,5
20221231,구로구,17363,푸른수목원,4
20221231,구로구,17364,항동복합행정센터,4
20221231,구로구,17365,푸른수목원후문.저수지앞,3
20221231,구로구,17366,매화빌라,2
20221231,구로구,17367,그린빌라정문,3
20221231,구로구,17368,매화빌라,2
20221231,구로구,17369,푸른수목원후문.저수지앞,3
20221231,구로구,17370,항동중흥S클래스,4
20221231,구로구,17371,항동하버라인2단지,4
20221231,구로구,17389,디지털단지오거리,13
20221231,구로구,17397,연지타운2단지,2
20221231,구로구,17399,연지타운2단지,6
20221231,구로구,17400,원각사입구,1
20221231,구로구,17401,삼각공원,3
20221231,구로구,17404,고척고교.한일유앤아이.삼익아파트,1
20221231,구로구,17405,삼덕마을입구,1
20221231,구로구,17406,삼덕마을입구,1
20221231,구로구,17407,그랜드아파트.홍진연립,1
20221231,구로구,17408,그랜드아파트.홍진연립,1
20221231,구로구,17409,오류중학교,1
20221231,구로구,17410,연지마을,2
20221231,구로구,17412,신도림역,1
20221231,구로구,17456,경남아너스빌아파트,1
20221231,구로구,17457,서울남부교정시설,1
20221231,구로구,17458,오류남초등학교후문,2
20221231,구로구,17459,서울남부교정시설입구,1
20221231,구로구,17460,천왕이펜하우스6단지후문,1
20221231,구로구,17461,미래여성병원,1
20221231,구로구,17462,동부그린아파트,1
20221231,구로구,17463,오류동푸르지오아파트.송기산내과의원,1
20221231,구로구,17464,1호선구일역,1
20221231,구로구,17465,SK허브수.한신아파트,1
20221231,구로구,17468,그린빌라정문,3
20221231,구로구,17469,경서농협앞,1
20221231,구로구,17470,고척고교.한일유앤아이.삼익아파트,1
20221231,구로구,17471,구388버스정류장,1
20221231,구로구,17472,구로디지털단지역,1
20221231,구로구,17473,천왕역3번출구,7
20221231,구로구,17474,대림역4번출구,2
20221231,구로구,17475,동아1차APT105동,1
20221231,구로구,17476,오류동역.시장입구,2
20221231,구로구,17477,개봉한진아파트.기점,1
20221231,구로구,17478,개봉역,2
20221231,구로구,17479,개봉역,1
20221231,구로구,17481,구.사조참치,2
20221231,구로구,17483,신도림중학교,2
20221231,구로구,17484,개봉사거리,3
20221231,구로구,17485,우리은행앞,1
20221231,구로구,17486,123전자타운.2001아울렛,2
20221231,구로구,17488,개봉3동주민센터,1
20221231,구로구,17489,국민은행.구로구민회관.구로아트밸리,2
20221231,구로구,17491,용두연립,3
20221231,구로구,17492,남부종합상가,1
20221231,구로구,17493,고척공구상가,2
20221231,구로구,17494,개봉전화국,1
20221231,구로구,17497,세븐일레븐편의점,1
20221231,구로구,17499,대림6차태영프라자,1
20221231,구로구,17501,고척초등학교,2
20221231,구로구,17502,개봉1동주민센터,1
20221231,구로구,17503,보람아파트,1
20221231,구로구,17504,개봉역.림괄아파트,4
20221231,구로구,17505,덕의초등학교.고척동성당,1
20221231,구로구,17506,이마트,1
20221231,구로구,17507,구로고대병원정문,2
20221231,구로구,17508,대림5차아파트.신도림주민센터,1
20221231,구로구,17509,세곡초등학교,2
20221231,구로구,17511,새마을금고사거리,1
20221231,구로구,17512,삼환로노즈빌아파트,1
20221231,구로구,17513,낙원할인마트,1
20221231,구로구,17514,오류고등학교.수궁동복지회관,1
20221231,구로구,17515,경북슈퍼마켓,3
20221231,구로구,17516,오류동삼거리,1
20221231,구로구,17517,대림5차아파트702동,1
20221231,구로구,17520,서울가든아파트,1
20221231,구로구,17521,성화단지앞,1
20221231,구로구,17524,현대별장맨션타운4차.덕성교회,1
20221231,구로구,17526,구로2동지하차도입구,2
20221231,구로구,17527,대림3차아파트,1
20221231,구로구,17529,고척1동주민센터.한효아파트,1
20221231,구로구,17530,대우아파트,1
20221231,구로구,17532,개봉1치안센터,1
20221231,구로구,17533,우신중.고후문,1
20221231,구로구,17534,항동중학교,1
20221231,구로구,17535,항동중학교,1
20221231,구로구,17536,한일유엔아이APT.현대로얄APT,1
20221231,구로구,17537,신도림미성아파트,2
20221231,구로구,17539,금강수목원아파트정문.동도아트빌,1
20221231,구로구,17540,청구아파트후문,1
20221231,구로구,17541,경남아파트앞,1
20221231,구로구,17543,삼원목욕탕,1
20221231,구로구,17544,온수초교후문,1
20221231,구로구,17547,월드아파트,1
20221231,구로구,17549,서해그랑블아파트.금강수목원아파트후문,1
20221231,구로구,17550,고척시장,1
20221231,구로구,17551,양우아파트,1
20221231,구로구,17552,경북슈퍼마켓,4
20221231,구로구,17554,오류중학교,1
20221231,구로구,17555,온수역,1
20221231,구로구,17558,센추리아파트,1
20221231,구로구,17559,고척2동주민센터.고척지구대,1
20221231,구로구,17560,철산교앞,1
20221231,구로구,17563,우신중.고후문,1
20221231,구로구,17566,오류동교회,1
20221231,구로구,17568,리가아파트,1
20221231,구로구,17569,덕의공원,1
20221231,구로구,17570,현대IPARK후문,1
20221231,구로구,17572,건강약국,1
20221231,구로구,17573,현대별장맨션타운4차.덕성교회,1
20221231,구로구,17575,항아리,1
20221231,구로구,17576,한일유엔아이APT,1
20221231,구로구,17577,럭비구장,1
20221231,구로구,17578,세양청마루아파트,1
20221231,구로구,17579,진성아파트,1
20221231,구로구,17580,현대IPARK정문,1
20221231,구로구,17581,개봉전화국,1
20221231,구로구,17582,개봉중학교,1
20221231,구로구,17583,오류중학교,1
20221231,구로구,17584,오류고등학교.수궁동복지회관,1
20221231,구로구,17588,온수역,1
20221231,구로구,17589,경남1차.중앙하이츠아파트,1
20221231,구로구,17590,구민체육센터후문,1
20221231,구로구,17591,현대2차APT,1
20221231,구로구,17592,개봉3동주민센터,1
20221231,구로구,17593,건강약국,1
20221231,구로구,17594,삼원목욕탕,1
20221231,구로구,17596,거성아파트,1
20221231,구로구,17597,GS25.한신아파트,1
20221231,구로구,17598,구로고.구로도서관,1
20221231,구로구,17600,천왕역1번출구,2
20221231,구로구,17601,오류동역2번출구,1
20221231,구로구,17602,미래빌라,1
20221231,구로구,17603,우림필유아파트,1
20221231,구로구,17604,동부에이스,1
20221231,구로구,17605,개봉푸르지오후문,1
20221231,구로구,17609,개봉푸르지오정문,1
20221231,구로구,17610,개봉1동사거리,1
20221231,구로구,17612,신도림역.아이파크아파트,1
20221231,구로구,17613,동아2차아파트상가,1
20221231,구로구,17615,동진빌라.오정초등학교,1
20221231,구로구,17617,마젤란아파트.예인학원앞,1
20221231,구로구,17619,개봉한진아파트.기점,1
20221231,구로구,17620,정도주택,1
20221231,구로구,17621,신세기아파트,1
20221231,구로구,17622,브라운스톤,1
20221231,구로구,17623,개웅어린이공원,1
20221231,구로구,17624,거성슈퍼,1
20221231,구로구,17625,대림그린빌라,1
20221231,구로구,17626,에덴맨션,1
20221231,구로구,17629,구로보건소.금호새솔아파트,1
20221231,구로구,17631,구로공구상가,1
20221231,구로구,17632,한화비즈메트로,1
20221231,구로구,17633,한국산업기술시험원.디지털탑프라자,1
20221231,구로구,17634,구로디지털단지우체국,1
20221231,구로구,17635,JNK디지털타워,1
20221231,구로구,17636,에이스하이엔드타워2차.G밸리산업박물관,1
20221231,구로구,17638,에이스하이엔드타워1차,1
20221231,구로구,17647,천왕이펜하우스6단지후문,2
20221231,구로구,17648,천왕이펜하우스6단지후문,2
20221231,구로구,17650,연지타운2단지,2
20221231,구로구,17651,연지타운2단지,2
20221231,구로구,17652,남부교도소,2
20221231,구로구,17653,남부교도소,2
20221231,구로구,17655,지타워.G밸리산업박물관,1
20221231,구로구,17673,작은굴다리,1
20221231,구로구,17675,개봉1치안센터,1
20221231,구로구,17677,하이츠.영화.우방.한국현대,1
20221231,구로구,17678,영림중학교,1
20221231,구로구,17682,유한공고.성공회대앞,3
20221231,구로구,17684,우성꿈동산.산업인아파트,1
20221231,구로구,17686,거성푸르뫼아파트입구,1
20221231,구로구,17689,삼성그린빌라,1
20221231,구로구,17690,SK허브수.구로우성APT,1
20221231,구로구,17694,구로구민회관,1
20221231,구로구,17695,KEB하나은행,1
20221231,구로구,17697,동삼빌라,3
20221231,구로구,17700,천왕이펜하우스2단지,3
20221231,구로구,17701,구로우체국.이펜하우스3단지후문,3
20221231,구로구,17704,금강수목원아파트,1
20221231,구로구,17706,덕성빌라,1
20221231,구로구,17707,현대상선.구일중학교,1
20221231,구로구,17708,구로구청,2
20221231,구로구,17709,오류동교회,1
20221231,구로구,17711,한일한의원,1
20221231,구로구,17712,항동하버라인10단지,2
20221231,구로구,17713,큰굴다리,1
20221231,구로구,17714,한양수자인아파트앞,1
20221231,구로구,17715,항동제일풍경채,1
20221231,구로구,17716,선경아트빌라,1
20221231,구로구,17717,구로중학교,3
20221231,구로구,17718,항동생활체육관,1
20221231,구로구,17723,디지털단지오거리,1
20221231,구로구,17725,디지털1단지,1
20221231,구로구,17726,코오롱싸이언스밸리.베스트웨스턴구로호텔,1
20221231,구로구,17727,베스트웨스턴구로호텔코오롱싸이언스밸리,1
20221231,구로구,17728,유풍약국,1
20221231,구로구,17729,구민체육관후문,1
20221231,구로구,17730,개봉교입구,1
20221231,구로구,17731,알뜰슈퍼,1
20221231,구로구,17733,크로바마트,1
20221231,구로구,17734,동구로새마을금고,1
20221231,구로구,17737,동양미래대학교.구로성심병원,1
20221231,구로구,17738,진성아파트,1
20221231,구로구,17739,대원카센터,1
20221231,구로구,17740,낙원할인마트,1
20221231,구로구,17741,개봉사거리,3
20221231,구로구,17743,구로주공APT,1
20221231,구로구,17744,구로시장.남구로시장,1
20221231,구로구,17746,푸른수목원후문,1
20221231,구로구,17747,청구아파트.동아한신아파트,1
20221231,구로구,17748,덕의공원,1
20221231,구로구,17749,한진APT후문,1
20221231,구로구,17750,개봉1동주민센터,1
20221231,구로구,17751,롯데시티호텔구로,1
20221231,구로구,17752,롯데시티호텔구로,1
20221231,구로구,17754,알뜰슈퍼,1
20221231,구로구,17755,성락교회크리스천선교센터,1
20221231,구로구,17772,구일우성아파트,1
20221231,구로구,17773,구로3동주민센터.삼성래미안아파트,1
20221231,구로구,17775,신도림역,1
20221231,구로구,17792,고척1동주민센터.한효아파트,1
20221231,구로구,17801,금강수목원아파트,1
20221231,구로구,17802,항동하버라인4단지,1
20221231,구로구,17803,고척2동주민센터.고척지구대,1
20221231,구로구,17804,별장쉐르빌앞,4
20221231,구로구,17806,덕일전자공업고등학교,1
20221231,구로구,17807,개명초교,1
20221231,구로구,17808,항동하버라인4단지.푸른수목원,1
20221231,구로구,17809,항동하버라인3단지아파트,1
20221231,구로구,17819,세븐일레븐,1
20221231,구로구,17825,하나마트,1
20221231,구로구,17827,진흥슈퍼,1
20221231,구로구,17830,신도림자동차학원,1
20221231,구로구,17831,우성아파트,2
20221231,구로구,17834,신도림역,1
20221231,구로구,17835,도림천역2번출구,1
20221231,구로구,17838,구로3파출소,1
20221231,구로구,17846,동삼빌라,3
20221231,구로구,17848,천왕이펜하우스3단지입구,7
20221231,구로구,17855,신도림동아3차아파트,1
20221231,구로구,17863,구로보건소,2
20221231,구로구,17864,서울가든아파트,1
20221231,구로구,17865,구로역(NC백화점),1
20221231,구로구,17866,구로역(NC백화점),1
20221231,구로구,17867,구로구청,1
20221231,구로구,17868,구로구청,1
20221231,구로구,17869,오류동입구,1
20221231,구로구,17870,오류동입구,1
20221231,구로구,17877,개봉역입구,1
20221231,구로구,17878,개봉역입구,1
20221231,구로구,17879,개봉교,1
20221231,구로구,17880,개봉교,1
20221231,구로구,17881,대림역,1
20221231,구로구,17886,고척사거리.고척파크프리지오,1
20221231,구로구,17887,대상APT,1
20221231,구로구,17888,구로시장.남구로시장입구,2
20221231,구로구,17889,에이스테크노타워,1
20221231,구로구,17897,구로공구상가,1
20221231,구로구,17899,보성운수기종점,1
20221231,구로구,17900,새마을금고사거리,1
20221231,구로구,17901,양우아파트,1
20221231,구로구,17902,영화APT,1
20221231,구로구,17903,천왕역,1
20221231,구로구,17904,대우자동차정비소,2
20221231,구로구,17906,고척초등학교,2
20221231,구로구,17907,경남아파트,1
20221231,구로구,17908,남부주유소,1
20221231,구로구,17909,신도림역2번출구,3
20221231,구로구,17910,구로고대병원후문,2
20221231,구로구,17911,구로3동현대아파트,2
20221231,구로구,17912,공구상가,2
20221231,구로구,17913,대우아파트,1
20221231,구로구,17917,123전자타운.2001아울렛,2
20221231,구로구,17918,성화단지앞,1
20221231,구로구,17920,구로디지털단지입구,1
20221231,구로구,17922,삼환로즈빌아파트,1
20221231,구로구,17923,문성골,2
20221231,구로구,17925,에이스테크노타워,1
20221231,구로구,17927,구로3파출소,1
20221231,구로구,17929,구로3동주민센터.삼성래미안아파트,1
20221231,구로구,17931,구로시장.남구로시장,1
20221231,구로구,17932,구로구청후문,3
20221231,구로구,17933,동구로새마을금고,1
20221231,구로구,17935,구로구청,1
20221231,구로구,17936,강서수도사업소.민원센터,1
20221231,구로구,17937,영림중학교,1
20221231,구로구,17938,구로고.구로도서관,1
20221231,구로구,17940,항아리,1
20221231,구로구,17942,미성아파트,1
20221231,구로구,17943,대림1.2차아파트,1
20221231,구로구,17944,대림5차아파트702동,1
20221231,구로구,17945,대림5차아파트.신도림주민센터,1
20221231,구로구,17946,대림6차태영프라자,1
20221231,구로구,17947,신도림역,3
20221231,구로구,17948,현대우성아파트,2
20221231,구로구,17949,동아1차아파트102동,3
20221231,구로구,17950,동아1차아파트105동,1
20221231,구로구,17954,1호선구일역,1
20221231,구로구,17955,금강수목원아파트정문,2
20221231,구로구,17956,고척근린시장,2
20221231,구로구,17958,구로시장.남구로시장입구,2
20221231,구로구,17959,구로주공.구일우성APT,2
20221231,구로구,17960,구로1동주민센터.연예인APT,2
20221231,구로구,17961,천왕이펜하우스5단지입구,3
20221231,구로구,17962,구일고교.구일초등학교,1
20221231,구로구,17963,구로1동주민센터.연예인APT,1
20221231,구로구,17967,구로디지털단지역,1
20221231,구로구,17970,구일초등학교.구일고등학교,2
20221231,구로구,17971,개봉역,1
20221231,구로구,17972,개봉역,2
20221231,구로구,17974,KEB하나은행,1
20221231,구로구,17975,천왕이펜하우스3단지입구,4
20221231,구로구,17982,천왕역2번출구,7
20221231,구로구,17983,천왕이펜하우스1단지,2
20221231,구로구,17984,천왕이펜하우스4단지,7
20221231,구로구,17985,천왕이펜하우스6단지,7
20221231,구로구,17986,천왕이펜하우스5단지,4
20221231,구로구,17987,천왕이펜하우스3.4단지,4
20221231,구로구,17989,온수남부역,2
20221231,구로구,17990,온수남부,1
20221231,구로구,17997,궁동사거리,1
20221231,구로구,17999,유한공고.성공회대학교,7
20221231,금천구,18001,문성초등학교,18
20221231,금천구,18002,문성초등학교,22
20221231,금천구,18003,금천우체국,25
20221231,금천구,18004,금천우체국,24
20221231,금천구,18005,말미고개.금천소방서,21
20221231,금천구,18006,말미고개.금천소방서,21
20221231,금천구,18007,금천구청.금천경찰서,21
20221231,금천구,18008,금천구청.금천경찰서,21
20221231,금천구,18009,시흥사거리,20
20221231,금천구,18010,시흥사거리,19
20221231,금천구,18011,박미삼거리.국립전통예술중고,16
20221231,금천구,18012,박미삼거리.국립전통예술중고,16
20221231,금천구,18013,시흥유통센터,15
20221231,금천구,18014,시흥유통센터,14
20221231,금천구,18101,한일유엔아이아파트,3
20221231,금천구,18102,디지털3단지.롯데정보통신,6
20221231,금천구,18103,에이스하이엔드타워5차,5
20221231,금천구,18104,디지털3단지.영창실업,5
20221231,금천구,18105,디지털3단지운동장,4
20221231,금천구,18106,가산디지털단지역,5
20221231,금천구,18107,가산디지털단지역,7
20221231,금천구,18108,디지털3단지.월드벤처센터,4
20221231,금천구,18109,디지털3단지.(주)로옴코리아,5
20221231,금천구,18110,디지털3단지사거리,2
20221231,금천구,18111,디지털3단지사거리,5
20221231,금천구,18112,디지털3단지사거리,8
20221231,금천구,18113,금천패션아울렛사거리.마리오,5
20221231,금천구,18114,금천패션아울렛사거리.W몰,6
20221231,금천구,18115,금천패션아울렛사거리.현대아울렛,2
20221231,금천구,18116,디지털단지오거리,5
20221231,금천구,18117,디지털단지오거리,3
20221231,금천구,18118,디지털단지오거리,9
20221231,금천구,18119,가산초등학교,9
20221231,금천구,18120,가산동주민센터.금천글로벌센터,4
20221231,금천구,18121,가산동주민센터.금천글로벌센터,2
20221231,금천구,18122,구립가산도서관.두산위브아파트,4
20221231,금천구,18123,구립가산도서관.두산위브아파트,2
20221231,금천구,18124,독산사거리,4
20221231,금천구,18125,독산사거리,3
20221231,금천구,18126,독산주공13단지,4
20221231,금천구,18127,독산1동한신코아,3
20221231,금천구,18128,독산주공14단지,3
20221231,금천구,18129,독산주공14단지,3
20221231,금천구,18130,독산근린공원,4
20221231,금천구,18131,독산근린공원,4
20221231,금천구,18132,독산동우시장.금천50플러스센터,4
20221231,금천구,18133,독산동우시장.금천50플러스센터,4
20221231,금천구,18134,시흥사거리.시흥대교,5
20221231,금천구,18135,시흥사거리.금천파출소,2
20221231,금천구,18136,벽산아파트1단지.호압사입구,4
20221231,금천구,18137,벽산아파트1단지.호압사입구,5
20221231,금천구,18138,벽산아파트5단지,4
20221231,금천구,18139,벽산아파트5단지,4
20221231,금천구,18140,시흥동은행나무.은행나무시장,5
20221231,금천구,18141,시흥동은행나무.은행나무시장,8
20221231,금천구,18142,은행나무입구사거리,5
20221231,금천구,18143,은행나무입구사거리,7
20221231,금천구,18144,독산한신아파트,1
20221231,금천구,18145,금하마을,2
20221231,금천구,18146,독산고개,3
20221231,금천구,18147,독산고개,8
20221231,금천구,18148,독산사거리.한국전력구로금천지사,3
20221231,금천구,18149,남문시장.청춘빌딩,5
20221231,금천구,18150,금천우체국.독산1동주민센터,2
20221231,금천구,18151,디지털단지오거리.가산파출소,9
20221231,금천구,18152,홈플러스금천점,3
20221231,금천구,18153,홈플러스금천점,1
20221231,금천구,18160,시흥사거리,1
20221231,금천구,18162,문일고입구,1
20221231,금천구,18163,문일고입구,2
20221231,금천구,18164,남서울힐스테이트.국립전통예술고,2
20221231,금천구,18165,금천폭포공원.천주교시흥성당,2
20221231,금천구,18166,박미마을,2
20221231,금천구,18167,박미마을.금천고등학교,3
20221231,금천구,18168,기아대교,3
20221231,금천구,18169,시흥3동주민센터앞,3
20221231,금천구,18170,석수역,1
20221231,금천구,18171,백산초등학교,3
20221231,금천구,18172,백산초등학교,4
20221231,금천구,18173,은행나무입구사거리,3
20221231,금천구,18174,은행나무입구사거리,3
20221231,금천구,18175,경남아파트,8
20221231,금천구,18176,시흥초등학교.금천구보훈회관,8
20221231,금천구,18177,시흥초등학교.금천구보훈회관,8
20221231,금천구,18178,동산교회앞,8
20221231,금천구,18179,동산교회앞,8
20221231,금천구,18180,현대시장.시흥4동주민센터,8
20221231,금천구,18181,현대시장.시흥4동주민센터,8
20221231,금천구,18182,남부여성발전센터,8
20221231,금천구,18183,남부여성발전센터,8
20221231,금천구,18184,독산동정훈단지,10
20221231,금천구,18185,독산동정훈단지,10
20221231,금천구,18186,독산초등학교,2
20221231,금천구,18187,독산초등학교,3
20221231,금천구,18188,독산4동주민센터,8
20221231,금천구,18189,독산동성당앞,7
20221231,금천구,18190,독산동성당앞,8
20221231,금천구,18191,독산동쌈지공원,7
20221231,금천구,18192,독산동쌈지공원,8
20221231,금천구,18193,독산3동주민센터,7
20221231,금천구,18194,독산3동주민센터,8
20221231,금천구,18195,모두의학교.금천문화예술정보학교,6
20221231,금천구,18196,모두의학교.금천문화예술정보학교,6
20221231,금천구,18197,모두의학교.금천문화예술정보학교,13
20221231,금천구,18198,관악구보훈회관.신림푸르지오,13
20221231,금천구,18199,독산고등학교,1
20221231,금천구,18200,독산고등학교,2
20221231,금천구,18201,독산3치안센터.꿈꾸는나무,2
20221231,금천구,18202,독산3치안센터.꿈꾸는나무,3
20221231,금천구,18203,금천우체국.독산1동주민센터,3
20221231,금천구,18204,진도아파트,3
20221231,금천구,18205,제일모직아울렛,3
20221231,금천구,18206,벽산디지털밸리,3
20221231,금천구,18207,마리오아울렛,3
20221231,금천구,18208,국민연금공단구로금천지사앞,2
20221231,금천구,18209,가산디지털단지역,3
20221231,금천구,18210,마리오아울렛,5
20221231,금천구,18211,벽산디지털밸리,3
20221231,금천구,18212,제일모직아울렛,3
20221231,금천구,18213,진도아파트,2
20221231,금천구,18214,현대지식산업센터,2
20221231,금천구,18215,가산디지털단지역입구,4
20221231,금천구,18216,가산동기점,3
20221231,금천구,18217,가산동종점,3
20221231,금천구,18219,범일운수종점,7
20221231,금천구,18220,삼익아파트앞,1
20221231,금천구,18221,삼익아파트,1
20221231,금천구,18222,디지털3단지.영창실업,1
20221231,금천구,18223,디지털3단지.한일합섬,2
20221231,금천구,18224,디지털3단지운동장,2
20221231,금천구,18225,남문시장입구,1
20221231,금천구,18226,가산디지털단지역,2
20221231,금천구,18227,스타밸리앞,2
20221231,금천구,18228,독산동남문시장,7
20221231,금천구,18229,독산동남문시장,8
20221231,금천구,18232,금빛공원앞,2
20221231,금천구,18233,금빛공원앞,2
20221231,금천구,18234,경동택배,2
20221231,금천구,18235,삼화약국,1
20221231,금천구,18236,대우당약국,2
20221231,금천구,18237,화인전자산업,1
20221231,금천구,18238,은행나무로입구,2
20221231,금천구,18239,시흥대교,4
20221231,금천구,18240,가산디지털단지역1호선,5
20221231,금천구,18499,가산한화비즈메트로2차,1
20221231,금천구,18500,RSM타워.르노코리아서부사업소,1
20221231,금천구,18501,시흥1동공영주차장.금천노인종합복지관,2
20221231,금천구,18502,독산한신코아.한신아파트,1
20221231,금천구,18503,가산디지털단지역,1
20221231,금천구,18504,벽산3단지,1
20221231,금천구,18506,성지아파트,2
20221231,금천구,18507,롯데캐슬1차서문.해가든아파트,4
20221231,금천구,18508,무지개아파트,5
20221231,금천구,18510,벽산3단지앞,1
20221231,금천구,18511,독산역,3
20221231,금천구,18512,문성중학교,1
20221231,금천구,18513,홈플러스.문일중고입구,2
20221231,금천구,18514,금천현대아파트,4
20221231,금천구,18515,독산주공1319동,1
20221231,금천구,18516,시흥사거리,3
20221231,금천구,18517,RSM타워,1
20221231,금천구,18518,호남슈퍼,1
20221231,금천구,18519,남문교회,1
20221231,금천구,18522,문일고입구,1
20221231,금천구,18524,탑동초등학교.청담종합사회복지관,1
20221231,금천구,18525,태영빌라,1
20221231,금천구,18526,무지개아파트,4
20221231,금천구,18527,두산초등학교,1
20221231,금천구,18528,독산주공14단지,1
20221231,금천구,18530,온누리아파트,1
20221231,금천구,18531,어울샘.동산중앙교회,1
20221231,금천구,18532,구민문화체육센터,1
20221231,금천구,18533,독산현대아파트.금천50플러스센터,1
20221231,금천구,18534,시흥유통상가.금천고,1
20221231,금천구,18535,에이스하이엔드타워클래식,1
20221231,금천구,18536,새마을금고,1
20221231,금천구,18537,해찬아파트,1
20221231,금천구,18538,진도3차아파트,1
20221231,금천구,18540,박미마을,1
20221231,금천구,18541,가산테라타워,1
20221231,금천구,18542,시흥동은행나무,2
20221231,금천구,18543,시흥사거리.대명시장,2
20221231,금천구,18544,구립독산도서관,1
20221231,금천구,18545,유창슈퍼,1
20221231,금천구,18548,구립가산도서관.두산위브아파트,1
20221231,금천구,18549,은행나무입구사거리,2
20221231,금천구,18550,시흥초등학교.시흥1동주민센터,2
20221231,금천구,18552,산기슭공원,1
20221231,금천구,18553,독산역,4
20221231,금천구,18554,진도2차아파트,1
20221231,금천구,18556,시흥초등학교.금빛공원,2
20221231,금천구,18557,삼익APT.금강APT,1
20221231,금천구,18558,두산로입구,1
20221231,금천구,18559,빅마켓.청광아파트,1
20221231,금천구,18560,대륭테크노2차,1
20221231,금천구,18561,두산위브아파트정문,1
20221231,금천구,18562,남부여성발전센터,1
20221231,금천구,18564,길상마트,1
20221231,금천구,18565,대륭테크노타운,1
20221231,금천구,18566,가산동주민센터.금천글로벌센터,1
20221231,금천구,18569,대륭테크노타운19차,1
20221231,금천구,18570,에이스태세라타워,1
20221231,금천구,18571,고원약국,1
20221231,금천구,18572,꿈나래어린이집,1
20221231,금천구,18573,우방아파트.범일운수종점,2
20221231,금천구,18577,가산초교,1
20221231,금천구,18581,STXV타워,1
20221231,금천구,18582,독산고개입구,1
20221231,금천구,18583,벽산아파트5단지,1
20221231,금천구,18585,빅마켓,1
20221231,금천구,18586,한신IT타워,1
20221231,금천구,18587,가산동주민센터,1
20221231,금천구,18588,SG세계물산,1
20221231,금천구,18589,가산로데오거리,1
20221231,금천구,18590,호압사입구,1
20221231,금천구,18592,이앤씨드림타워7차,1
20221231,금천구,18593,LG전자.W몰,1
20221231,금천구,18594,가산디지털단지역1호선앞,1
20221231,금천구,18595,금천육교앞,1
20221231,금천구,18596,벽산1단지입구,1
20221231,금천구,18598,시흥모터스,3
20221231,금천구,18600,문성초등학교,1
20221231,금천구,18601,섭리의집,1
20221231,금천구,18602,섭리의집,1
20221231,금천구,18603,가산디지털단지역,1
20221231,금천구,18617,KCC웰츠밸리,1
20221231,금천구,18618,독산고개입구,1
20221231,금천구,18639,벽산6단지입구,1
20221231,금천구,18643,독산역,4
20221231,금천구,18644,독산역,4
20221231,금천구,18657,남부여성발전센터앞,2
20221231,금천구,18658,남부여성발전센터앞,1
20221231,금천구,18671,산업단지백양사,1
20221231,금천구,18688,에이스하이엔드10차,3
20221231,금천구,18689,대륭테크노타운17차,3
20221231,금천구,18699,금천패션아울렛사거리.마리오,1
20221231,금천구,18708,범일운수종점,7
20221231,금천구,18740,한울중학교,1
20221231,금천구,18741,한울중학교,1
20221231,금천구,18742,STXV타워,2
20221231,금천구,18763,가산초교,1
20221231,금천구,18764,동일여고.금천사이언스큐브,1
20221231,금천구,18772,두산로입구,1
20221231,금천구,18776,석수역,22
20221231,금천구,18777,석수역,8
20221231,금천구,18778,가산디지털단지역,1
20221231,금천구,18779,가산디지털단지역,1
20221231,금천구,18780,패션단지,1
20221231,금천구,18781,패션단지,1
20221231,금천구,18783,벽산디지털밸리2차,1
20221231,금천구,18784,고원약국,1
20221231,금천구,18785,안천중학교,2
20221231,금천구,18786,제일교회,1
20221231,금천구,18787,서울디자인직업전문학교.청년취업사관학교,1
20221231,금천구,18788,대륭테크노타운8차,1
20221231,금천구,18790,가산동주민센터.금천글로벌센터,1
20221231,금천구,18791,범일운수종점,1
20221231,금천구,18792,벽산디지털밸리6차,1
20221231,금천구,18794,두산위브아파트정문,1
20221231,금천구,18795,독산한신아파트,1
20221231,금천구,18796,길상마트,1
20221231,금천구,18797,가산디지털단지역1호선,1
20221231,금천구,18798,한국건설생활환경시험연구원,1
20221231,금천구,18800,빅마켓.청광아파트,1
20221231,금천구,18801,롯데캐슬2차,4
20221231,금천구,18802,문일고입구,1
20221231,금천구,18803,구립가산도서관.두산위브아파트,1
20221231,금천구,18804,롯데캐슬2차,4
20221231,금천구,18805,진도2차아파트,1
20221231,금천구,18806,한진택배,1
20221231,금천구,18807,가산테라타워,1
20221231,금천구,18808,금천구종합청사.금천구청역,4
20221231,금천구,18809,유창슈퍼,1
20221231,금천구,18810,마이크로오피스사거리앞,1
20221231,금천구,18812,성지아트빌,1
20221231,금천구,18814,시흥모터스,1
20221231,금천구,18815,홈플러스.문일중고입구,2
20221231,금천구,18816,진도3차아파트,1
20221231,금천구,18817,대륭테크노타운,1
20221231,금천구,18818,온누리아파트,1
20221231,금천구,18820,성지아파트,2
20221231,금천구,18821,독산현대아파트.금천50플러스센터,1
20221231,금천구,18822,대륭테크노2차.12차,1
20221231,금천구,18824,시흥1동공영주차장.금천노인종합복지관,2
20221231,금천구,18825,두산초등학교,1
20221231,금천구,18826,교학사,1
20221231,금천구,18828,홈플러스금천점,1
20221231,금천구,18829,독산역,1
20221231,금천구,18833,서울디자인직업전문학교.청년취업사관학교,1
20221231,금천구,18834,가산디지털단지역,1
20221231,금천구,18836,새마을금고,1
20221231,금천구,18838,금천구종합청사.금천구청역,1
20221231,금천구,18839,어울샘.동산중앙교회,1
20221231,금천구,18840,삼익APT.금강APT,1
20221231,금천구,18841,탑동초등학교.청담종합사회복지관,1
20221231,금천구,18842,산기슭공원B,1
20221231,금천구,18843,안천초등학교,2
20221231,금천구,18844,호남슈퍼,1
20221231,금천구,18845,구립독산도서관,1
20221231,금천구,18847,벽산3단지앞,1
20221231,금천구,18848,해찬아파트,1
20221231,금천구,18850,구민문화체육센터,1
20221231,금천구,18851,한일유엔아이,1
20221231,금천구,18852,태영빌라,1
20221231,금천구,18853,남문교회,1
20221231,금천구,18854,문성중학교,1
20221231,금천구,18856,난곡중학교,1
20221231,금천구,18857,산기슭공원,1
20221231,금천구,18858,하안주공1317동,1
20221231,금천구,18859,금천현대아파트,4
20221231,금천구,18860,롯데캐슬1차서문.해가든아파트,4
20221231,금천구,18861,금빛공원,2
20221231,금천구,18863,시흥사거리.대명시장,3
20221231,금천구,18864,시흥동은행나무,1
20221231,금천구,18865,시흥2동주민센터.동일여고,1
20221231,금천구,18866,두산어린이공원,2
20221231,금천구,18867,금천구종합청사.금천구청역,4
20221231,금천구,18868,두산어린이공원,2
20221231,금천구,18869,롯데캐슬3차,1
20221231,금천구,18871,롯데캐슬1차정문.해가든아파트,1
20221231,금천구,18872,롯데캐슬1차동문,1
20221231,금천구,18873,롯데캐슬1차정문.해가든아파트,1
20221231,금천구,18959,백운한비치.금광포란재아파트,1
20221231,금천구,18960,시흥5동주민센터,1
20221231,금천구,18961,삼성산자연공원.삼성체육공원,1
20221231,금천구,18962,시흥아파트앞,1
20221231,금천구,18963,신흥초등학교,1
20221231,금천구,18964,한빛무궁화아파트,1
20221231,금천구,18965,한울중학교앞,1
20221231,금천구,18967,금천폭포공원,1
20221231,금천구,18968,영일빌라,1
20221231,금천구,18969,시흥계곡앞,1
20221231,금천구,18970,시흥5동성당,1
20221231,금천구,18972,한울중학교앞,1
20221231,금천구,18973,한빛무궁화아파트,1
20221231,금천구,18974,신흥초등학교,1
20221231,금천구,18975,시흥아파트앞,1
20221231,금천구,18976,삼성체육공원.삼성산자연공원,1
20221231,금천구,18977,시흥5동주민센터,1
20221231,금천구,18978,금광포란재.백운한비치아파트,1
20221231,금천구,18979,관악우방아파트,1
20221231,금천구,18980,시흥5동성당,1
20221231,금천구,18981,시흥계곡앞,1
20221231,금천구,18982,영일빌라,1
20221231,금천구,18983,금천문화원.국립전통예술중고,1
20221231,금천구,18984,금천고등학교,1
20221231,금천구,18985,시흥3동공영주차장앞,1
20221231,금천구,18987,기아대교앞,1
20221231,금천구,18988,석수역,1
20221231,금천구,18989,석수역,3
20221231,금천구,18992,시흥사거리,1
20221231,금천구,18993,안양천로입구,1
20221231,금천구,18994,남문시장입구.청춘빌딩,1
20221231,금천구,18995,LG전자,1
20221231,금천구,18996,LG전자,2
20221231,금천구,18997,구로세관,1
20221231,금천구,18998,구로세관,2
20221231,금천구,18999,7호선가산디지털단지역,3
20221231,영등포구,19001,문래동남성아파트,23
20221231,영등포구,19002,문래동남성아파트,23
20221231,영등포구,19003,남부지방법원등기국.구로세무서(에이스하이테크시티),23
20221231,영등포구,19004,남부지방법원등기국.구로세무서(에이스하이테크시티),25
20221231,영등포구,19005,영등포역,17
20221231,영등포구,19006,영등포역,17
20221231,영등포구,19007,여의도환승센터,11
20221231,영등포구,19008,여의도환승센터,12
20221231,영등포구,19009,서울영림초등학교,17
20221231,영등포구,19010,강남성심병원.대림성모병원,15
20221231,영등포구,19011,경남아너스빌아파트,8
20221231,영등포구,19012,보라매공원,8
20221231,영등포구,19013,보라매역.동작세무서,9
20221231,영등포구,19014,서울지방병무청,10
20221231,영등포구,19015,대방역,11
20221231,영등포구,19016,여의도환승센터,1
20221231,영등포구,19017,여의도환승센터,14
20221231,영등포구,19101,대성병원,3
20221231,영등포구,19102,영등포공원.영등포문화원,2
20221231,영등포구,19103,영등포공원.영등포문화원,3
20221231,영등포구,19104,영등포시장,22
20221231,영등포구,19105,영등포시장입구,8
20221231,영등포구,19106,영등포로터리,8
20221231,영등포구,19107,영등포시장로터리방면,13
20221231,영등포구,19109,영등포시장,9
20221231,영등포구,19110,경방타임스퀘어.신세계백화점,7
20221231,영등포구,19112,경방타임스퀘어.신세계백화점,16
20221231,영등포구,19114,영등포역,6
20221231,영등포구,19117,경방타임스퀘어.신세계백화점,10
20221231,영등포구,19118,김안과병원,13
20221231,영등포구,19119,김안과병원,14
20221231,영등포구,19120,영등포시장,24
20221231,영등포구,19121,신화병원,13
20221231,영등포구,19122,신화병원,11
20221231,영등포구,19123,영동초교,2
20221231,영등포구,19124,영동초교.영등포평생학습관,2
20221231,영등포구,19125,삼환아파트,23
20221231,영등포구,19126,당산푸르지오아파트,22
20221231,영등포구,19127,하이서울유스호스텔,1
20221231,영등포구,19129,국회의사당,1
20221231,영등포구,19130,KBS,5
20221231,영등포구,19131,국회의사당,7
20221231,영등포구,19132,국회의사당역.국민은행,8
20221231,영등포구,19133,국회의사당역,13
20221231,영등포구,19136,여의도순복음교회,8
20221231,영등포구,19137,여의도순복음교회,6
20221231,영등포구,19138,여의도공원,8
20221231,영등포구,19139,여의나루역,10
20221231,영등포구,19140,여의나루역,11
20221231,영등포구,19141,여의도중학교,5
20221231,영등포구,19142,여의도중학교,5
20221231,영등포구,19143,63빌딩.가톨릭대학교여의도성모병원,6
20221231,영등포구,19144,63빌딩.가톨릭대학교여의도성모병원,5
20221231,영등포구,19145,시범아파트,5
20221231,영등포구,19146,시범아파트.대교아파트,5
20221231,영등포구,19147,여의동주민센터,4
20221231,영등포구,19148,여의동주민센터,4
20221231,영등포구,19149,진주아파트,8
20221231,영등포구,19150,KBS별관,12
20221231,영등포구,19151,샛강역.앙카라공원,7
20221231,영등포구,19152,여의도공원,18
20221231,영등포구,19153,샛강역1번출구.여의도자이,13
20221231,영등포구,19154,샛강역4번출구.여의도자이,11
20221231,영등포구,19155,여의도역,14
20221231,영등포구,19156,여의도역,17
20221231,영등포구,19157,한국거래소,10
20221231,영등포구,19158,한국거래소,15
20221231,영등포구,19159,삼부아파트,9
20221231,영등포구,19160,여의도공작아파트,6
20221231,영등포구,19161,전경련회관,23
20221231,영등포구,19162,당산동진로아파트,13
20221231,영등포구,19163,당산동진로아파트,13
20221231,영등포구,19164,영등포방사선과,3
20221231,영등포구,19165,양남동로타리,10
20221231,영등포구,19166,교보앞,10
20221231,영등포구,19167,현대아파트,5
20221231,영등포구,19168,영등포구청,5
20221231,영등포구,19169,영등포구청,6
20221231,영등포구,19170,영등포구민회관.영등포경찰서,1
20221231,영등포구,19171,당산동삼익아파트,2
20221231,영등포구,19172,당산역,15
20221231,영등포구,19173,당산역,9
20221231,영등포구,19174,당산역삼성래미안아파트,25
20221231,영등포구,19175,당산역삼성래미안아파트,21
20221231,영등포구,19176,당산역,10
20221231,영등포구,19177,당산역,6
20221231,영등포구,19178,당산역,3
20221231,영등포구,19181,당산삼성아파트,5
20221231,영등포구,19182,당산유원제일1차아파트,5
20221231,영등포구,19183,당산유원제일1차아파트,1
20221231,영등포구,19184,도림동자치회관,3
20221231,영등포구,19186,도림마을금고,6
20221231,영등포구,19187,도림마을금고,6
20221231,영등포구,19188,신길가마산로교차로,1
20221231,영등포구,19192,문래역,3
20221231,영등포구,19193,문래역,3
20221231,영등포구,19194,문래동대림아파트,1
20221231,영등포구,19195,국화아파트,2
20221231,영등포구,19196,현대6차아파트,1
20221231,영등포구,19197,문래롯데캐슬,1
20221231,영등포구,19198,문래중학교,1
20221231,영등포구,19199,문래중학교,1
20221231,영등포구,19200,문래동국화아파트,1
20221231,영등포구,19201,대림아파트,1
20221231,영등포구,19202,양평1동주민센터,11
20221231,영등포구,19203,양평신동아아파트,10
20221231,영등포구,19204,관악고등학교,10
20221231,영등포구,19205,관악고등학교,11
20221231,영등포구,19206,당중초등학교,1
20221231,영등포구,19207,당중초등학교,3
20221231,영등포구,19208,남부고용노동지청,1
20221231,영등포구,19209,남부고용노동지청,1
20221231,영등포구,19210,한신아파트.선유도역,6
20221231,영등포구,19211,한신아파트.선유도역,5
20221231,영등포구,19212,선유도역.롯데제과,7
20221231,영등포구,19213,선유도역.롯데제과,5
20221231,영등포구,19214,양평한신아파트.선유도공원입구,22
20221231,영등포구,19215,영등포아리수정수센터,24
20221231,영등포구,19216,양평한신아파트.선유도공원입구,20
20221231,영등포구,19217,안양천입구,25
20221231,영등포구,19218,양평동한솔아파트,21
20221231,영등포구,19219,신풍역,6
20221231,영등포구,19220,당산초등학교앞,4
20221231,영등포구,19221,선유고등학교,11
20221231,영등포구,19222,선유고등학교,11
20221231,영등포구,19223,선유중학교,2
20221231,영등포구,19224,선유중학교,1
20221231,영등포구,19225,신길역1호선,14
20221231,영등포구,19226,신길새마을금고,11
20221231,영등포구,19227,신길새마을금고,8
20221231,영등포구,19228,대신시장,8
20221231,영등포구,19229,대윤병원,5
20221231,영등포구,19230,대신시장,6
20221231,영등포구,19231,영등포농협.신길2동새마을금고,6
20221231,영등포구,19232,우신초등학교,7
20221231,영등포구,19233,신길한화꿈에그린아파트,8
20221231,영등포구,19234,성락교회,6
20221231,영등포구,19235,성락교회,4
20221231,영등포구,19236,도림동자치회관,3
20221231,영등포구,19238,우신초등학교,7
20221231,영등포구,19239,신길힐스테이트클래시안아파트,7
20221231,영등포구,19240,신길동홍어거리,8
20221231,영등포구,19241,신풍역.백악관웨딩문화원앞,8
20221231,영등포구,19242,신길5동주민센터,7
20221231,영등포구,19243,신길5동주민센터,6
20221231,영등포구,19244,신풍역,2
20221231,영등포구,19245,영등포농협도림로지점.우리시장,4
20221231,영등포구,19246,영등포농협도림로지점,4
20221231,영등포구,19247,태양의집.KT대방지사,6
20221231,영등포구,19248,신길주유소,5
20221231,영등포구,19249,신풍역.백악관웨딩문화원앞,7
20221231,영등포구,19251,레미안에스티움북문,1
20221231,영등포구,19252,신길3동주민센터,1
20221231,영등포구,19253,대방역,2
20221231,영등포구,19254,대방역,7
20221231,영등포구,19255,공군호텔,13
20221231,영등포구,19256,서울지방병무청,2
20221231,영등포구,19257,대방초등학교,1
20221231,영등포구,19258,태양의집,6
20221231,영등포구,19260,대림동우체국,4
20221231,영등포구,19261,흰돌교회,4
20221231,영등포구,19262,대동초등학교,3
20221231,영등포구,19264,대림역12번출구,5
20221231,영등포구,19265,대동초등학교.명지성모병원,5
20221231,영등포구,19266,대동초등학교,4
20221231,영등포구,19267,흰돌교회,4
20221231,영등포구,19268,대림동우체국,4
20221231,영등포구,19269,대림동우성아파트,4
20221231,영등포구,19270,대림역,5
20221231,영등포구,19271,대동초등학교.명지성모병원,5
20221231,영등포구,19272,대림동우성아파트,5
20221231,영등포구,19273,YDP미래평생학습관,4
20221231,영등포구,19274,대림동현대3차아파트,4
20221231,영등포구,19275,신영초등학교,1
20221231,영등포구,19276,YDP미래평생학습관,1
20221231,영등포구,19277,선유도공원,4
20221231,영등포구,19278,선유도공원,4
20221231,영등포구,19279,신길역5호선,12
20221231,영등포구,19280,국회의사당,6
20221231,영등포구,19281,산업은행본점,3
20221231,영등포구,19282,더현대서울,6
20221231,영등포구,19283,유진투자증권,14
20221231,영등포구,19284,파크원타워.LG트윈타워,7
20221231,영등포구,19285,신길파크자이아파트,1
20221231,영등포구,19286,여의도한양아파트,1
20221231,영등포구,19287,하나은행여의도지점,2
20221231,영등포구,19288,여의도수정아파트,1
20221231,영등포구,19289,신풍역,3
20221231,영등포구,19290,여의도지하차도입구,12
20221231,영등포구,19291,영진시장,3
20221231,영등포구,19292,문래우체국.문래예술공단,4
20221231,영등포구,19293,문래우체국.문래예술공단,3
20221231,영등포구,19294,대림3동주민센터,2
20221231,영등포구,19295,대방역,1
20221231,영등포구,19296,대방역,1
20221231,영등포구,19297,신길가마산로교차로,7
20221231,영등포구,19298,대길초등학교,1
20221231,영등포구,19299,미보빌딩,1
20221231,영등포구,19300,신길역1호선,13
20221231,영등포구,19301,신길보라매SK뷰아파트,1
20221231,영등포구,19302,현대아파트,1
20221231,영등포구,19303,여의도순복음교회,6
20221231,영등포구,19304,래미안에스티움,3
20221231,영등포구,19305,문래자이아파트,4
20221231,영등포구,19306,대방역,2
20221231,영등포구,19307,대방역,2
20221231,영등포구,19309,대길초등학교,2
20221231,영등포구,19310,대방천사거리,2
20221231,영등포구,19311,대방천사거리,1
20221231,영등포구,19312,대림코오롱아파트,4
20221231,영등포구,19313,영등포로터리,4
20221231,영등포구,19314,새길어린이집.신풍역3번출구,1
20221231,영등포구,19315,새길어린이집.신풍역3번출구,3
20221231,영등포구,19316,영문초등학교,2
20221231,영등포구,19317,영문초등학교,2
20221231,영등포구,19318,문래역,4
20221231,영등포구,19319,양화중학교.홈플러스,2
20221231,영등포구,19320,기계회관,2
20221231,영등포구,19321,신동아아파트,1
20221231,영등포구,19322,신영초교,1
20221231,영등포구,19323,우성5차아파트,3
20221231,영등포구,19324,우성5차아파트,3
20221231,영등포구,19325,현대3차성원아파트,2
20221231,영등포구,19327,대림3동사거리.명지춘혜병원,2
20221231,영등포구,19328,현대2차아파트,1
20221231,영등포구,19329,성원아파트.한국상하수도협회,2
20221231,영등포구,19330,국민은행,2
20221231,영등포구,19331,영등포역후문,1
20221231,영등포구,19332,성원아파트입구,1
20221231,영등포구,19333,건영아파트.도림사거리,2
20221231,영등포구,19334,건영아파트농협,1
20221231,영등포구,19335,영등포동.영등포푸르지오아파트,1
20221231,영등포구,19336,신길바다마을아파트.보라매sk뷰,1
20221231,영등포구,19337,성애병원,1
20221231,영등포구,19338,신길보라매sk뷰.바다마을아파트,1
20221231,영등포구,19341,우성2차아파트,2
20221231,영등포구,19346,보라매역,3
20221231,영등포구,19347,영진시장,3
20221231,영등포구,19350,신길광장공원,1
20221231,영등포구,19351,대성아파트.건영아파트후문,1
20221231,영등포구,19352,대성유니드아파트,1
20221231,영등포구,19353,레미안에스티움북문,1
20221231,영등포구,19354,건영아파트후문,1
20221231,영등포구,19357,대림동코오롱아파트,4
20221231,영등포구,19358,문래동종점,1
20221231,영등포구,19359,문래동시점,2
20221231,영등포구,19360,KT&G영등포지사.문래동종점,1
20221231,영등포구,19361,신길1차우성아파트,1
20221231,영등포구,19362,보라매역.5번출구,2
20221231,영등포구,19364,영등포동.영등포푸르지오아파트,1
20221231,영등포구,19365,우신사거리,1
20221231,영등포구,19367,크라운사거리,1
20221231,영등포구,19386,꼬추말,1
20221231,영등포구,19389,코끼리유통,2
20221231,영등포구,19390,성락교회,1
20221231,영등포구,19392,동양볼링장,1
20221231,영등포구,19393,보라매공원입구,2
20221231,영등포구,19402,현대2차아파트후문,4
20221231,영등포구,19403,크라운사거리,1
20221231,영등포구,19404,신길3동주민센터,1
20221231,영등포구,19405,꼬추말,2
20221231,영등포구,19406,SG메디피움,1
20221231,영등포구,19407,도림사거리,2
20221231,영등포구,19416,기림약국,1
20221231,영등포구,19418,신길광장공원,1
20221231,영등포구,19423,코사마트,1
20221231,영등포구,19424,해오름식당,1
20221231,영등포구,19425,우리은행,1
20221231,영등포구,19427,두산위브진주아파트,1
20221231,영등포구,19428,현대3차아파트,1
20221231,영등포구,19429,CM충무병원,3
20221231,영등포구,19430,대방역,4
20221231,영등포구,19434,타임스퀘어,2
20221231,영등포구,19435,당산신동아파밀리에,1
20221231,영등포구,19436,영등포청과시장,1
20221231,영등포구,19437,영등포청과시장,1
20221231,영등포구,19438,서울시립청소년성문화센터,1
20221231,영등포구,19439,서울시립청소년성문화센터,1
20221231,영등포구,19450,한강아파트,1
20221231,영등포구,19451,빅마켓영등포점,1
20221231,영등포구,19452,당산센트럴아이파크아파트,1
20221231,영등포구,19453,영등포농협당산역지점,1
20221231,영등포구,19454,신풍시장,2
20221231,영등포구,19455,신길건영아파트,2
20221231,영등포구,19456,신길건영아파트,2
20221231,영등포구,19457,수정교회,2
20221231,영등포구,19458,대림3동주민센터,1
20221231,영등포구,19483,대영중학교.신길센트럴아이파크,3
20221231,영등포구,19501,당산역,2
20221231,영등포구,19502,대림역,1
20221231,영등포구,19503,현대2.3차아파트,1
20221231,영등포구,19504,한국수자원연구소,1
20221231,영등포구,19505,성애병원,1
20221231,영등포구,19506,당산우편물취급소,1
20221231,영등포구,19507,기아자동차서비스센터,1
20221231,영등포구,19508,놀이터,1
20221231,영등포구,19509,대림역7호선,1
20221231,영등포구,19510,효성아파트,1
20221231,영등포구,19511,한신아파트.선유도공원,1
20221231,영등포구,19512,돈보스코.홈플러스,1
20221231,영등포구,19513,오거리,2
20221231,영등포구,19515,우성2차아파트,2
20221231,영등포구,19516,당산역.삼성래미안APT,1
20221231,영등포구,19518,경남아너스빌,1
20221231,영등포구,19519,골프장,1
20221231,영등포구,19520,코스트코,1
20221231,영등포구,19521,대림3동주민센터,1
20221231,영등포구,19522,삼성래미안4차아파트북문,1
20221231,영등포구,19523,선유도역.롯데홈쇼핑,1
20221231,영등포구,19524,강남성심병원.대림성모병원,1
20221231,영등포구,19525,대신시장.기업은행,1
20221231,영등포구,19526,당중초등학교.노동부남부지청,1
20221231,영등포구,19527,정현부페,1
20221231,영등포구,19528,당산중학교.한국소방안전원,1
20221231,영등포구,19529,영등포동.영등포푸르지오아파트,1
20221231,영등포구,19530,신대림한솔솔파크아파트.충심교회,1
20221231,영등포구,19532,영은교회,1
20221231,영등포구,19533,국민은행,1
20221231,영등포구,19534,삼성래미안3차아파트,1
20221231,영등포구,19535,SK엔카,1
20221231,영등포구,19536,중앙시장,1
20221231,영등포구,19538,양평역,1
20221231,영등포구,19539,대림요양병원,1
20221231,영등포구,19540,한국산업인력공단,1
20221231,영등포구,19541,거성파스텔아파트,1
20221231,영등포구,19542,농협.대림2동주민센터,1
20221231,영등포구,19544,삼성아파트.오목교아래,1
20221231,영등포구,19546,인구보건복지협회.제일빌딩,1
20221231,영등포구,19547,선유고등학교,1
20221231,영등포구,19548,대림포교원,1
20221231,영등포구,19550,벽산아파트,1
20221231,영등포구,19551,성락교회,2
20221231,영등포구,19552,한강성심병원,1
20221231,영등포구,19553,대림1동새마을금고,1
20221231,영등포구,19555,신동아아파트.관악고교,1
20221231,영등포구,19556,도림사거리,1
20221231,영등포구,19557,근로복지공단.서울남부지사,1
20221231,영등포구,19558,대림1동주민센터,1
20221231,영등포구,19560,e편한세상문래에듀플라츠,1
20221231,영등포구,19561,선의원,2
20221231,영등포구,19563,태양의집.썬프라자,1
20221231,영등포구,19568,영신고등학교,1
20221231,영등포구,19574,신풍역.수녀원,1
20221231,영등포구,19578,근로복지공단.서울남부지사,1
20221231,영등포구,19579,현대홈타운아파트,1
20221231,영등포구,19581,삼성래미안아파트1단지,1
20221231,영등포구,19582,벽산메가트리움APT,2
20221231,영등포구,19583,약산약국,1
20221231,영등포구,19584,한강성심병원,1
20221231,영등포구,19585,문래역.홈플러스,1
20221231,영등포구,19586,대영초중고,1
20221231,영등포구,19587,삼성래미안아파트2단지,1
20221231,영등포구,19588,영일시장.록스,2
20221231,영등포구,19590,인구보건복지협회.제일빌딩,1
20221231,영등포구,19591,교보생명,1
20221231,영등포구,19595,한국산업인력공단,1
20221231,영등포구,19596,GS홈쇼핑앞,1
20221231,영등포구,19599,영등포역,1
20221231,영등포구,19619,문래힐스테이트,1
20221231,영등포구,19628,래미안에스티움,4
20221231,영등포구,19630,삼성래미안3차아파트,1
20221231,영등포구,19631,GS25앞,1
20221231,영등포구,19645,당산역.지하철2호선,1
20221231,영등포구,19662,당산중학교.한국소방안전원,1
20221231,영등포구,19663,모랫말.도림새마을금고,1
20221231,영등포구,19674,삼성래미안동문,1
20221231,영등포구,19676,양평역,2
20221231,영등포구,19679,도림고가.영등포아트자이,1
20221231,영등포구,19682,남성아파트,1
20221231,영등포구,19684,당산센트럴아이파크아파트,1
20221231,영등포구,19685,영은교회,2
20221231,영등포구,19687,도림교회,2
20221231,영등포구,19688,선화약국,1
20221231,영등포구,19693,문래자이아파트상가,1
20221231,영등포구,19697,효성아파트,1
20221231,영등포구,19698,노동부남부지청.영등포세무서,1
20221231,영등포구,19700,도림동주민센터,2
20221231,영등포구,19701,푸른숲아파트,1
20221231,영등포구,19702,문래자이정문,1
20221231,영등포구,19703,대신시장,1
20221231,영등포구,19707,현대APT후문,1
20221231,영등포구,19708,코오롱아파트,2
20221231,영등포구,19709,대성유니드아파트,1
20221231,영등포구,19710,골프장,1
20221231,영등포구,19713,문래자이후문,1
20221231,영등포구,19714,농협,1
20221231,영등포구,19729,영등포구청.우리은행,1
20221231,영등포구,19730,오거리,2
20221231,영등포구,19733,문래주민센터,1
20221231,영등포구,19740,놀이터,2
20221231,영등포구,19741,금호아파트,2
20221231,영등포구,19742,크라운사거리,2
20221231,영등포구,19745,도림동주민센터,2
20221231,영등포구,19748,도림교회,2
20221231,영등포구,19750,현대홈타운아파트,1
20221231,영등포구,19751,건영아파트,2
20221231,영등포구,19752,선유고등학교,1
20221231,영등포구,19753,도림고가.동아에코빌,1
20221231,영등포구,19756,거성현대6차아파트,1
20221231,영등포구,19757,도림새마을금고,1
20221231,영등포구,19758,e편한세상문래에듀플라츠,1
20221231,영등포구,19760,SK엔카,1
20221231,영등포구,19761,도림사거리,1
20221231,영등포구,19762,대림요양병원,1
20221231,영등포구,19765,선유도역.롯데홈쇼핑,1
20221231,영등포구,19770,정현부페,1
20221231,영등포구,19773,당산초등학교,1
20221231,영등포구,19774,대영초중고,2
20221231,영등포구,19775,노동부남부지청,1
20221231,영등포구,19777,대림3동주민센터,1
20221231,영등포구,19778,한신아파트.선유도공원,1
20221231,영등포구,19786,우성2차아파트,1
20221231,영등포구,19794,동양아파트,1
20221231,영등포구,19799,현대6차아파트.거성아파트,1
20221231,영등포구,19800,대동초등학교.명지성모병원,1
20221231,영등포구,19801,지적공사.여의도자이,1
20221231,영등포구,19802,지적공사.여의도자이,1
20221231,영등포구,19803,여의도메리어트호텔,1
20221231,영등포구,19804,여의도메리어트호텔,1
20221231,영등포구,19806,구립복지관,1
20221231,영등포구,19807,대림역7호선,1
20221231,영등포구,19809,한솔아파트,1
20221231,영등포구,19811,문래주민자치센터,1
20221231,영등포구,19812,태양의집.썬프라자,1
20221231,영등포구,19813,신길동오거리,1
20221231,영등포구,19814,신기목련아파트,1
20221231,영등포구,19821,경방타임스퀘어.신세계백화점,7
20221231,영등포구,19826,당산역,2
20221231,영등포구,19827,대영고등학교.신길센트럴아이파크,3
20221231,영등포구,19833,대림1동주민센터,1
20221231,영등포구,19834,대림1동새마을금고,1
20221231,영등포구,19835,대림포교원,1
20221231,영등포구,19836,농협.대림2동주민센터,1
20221231,영등포구,19837,신대림한솔솔파크아파트.충심교회,1
20221231,영등포구,19839,대림역,1
20221231,영등포구,19840,당서초교,2
20221231,영등포구,19844,현대3차유원아파트,3
20221231,영등포구,19846,양화대교전망카페,5
20221231,영등포구,19847,신풍프라자,1
20221231,영등포구,19848,양화대교전망카페,5
20221231,영등포구,19849,문래힐스테이트아파트,3
20221231,영등포구,19850,문래힐스테이트아파트,2
20221231,영등포구,19851,영등포소방서.타임스퀘어,7
20221231,영등포구,19852,영등포구청,1
20221231,영등포구,19857,현대2.3차아파트,2
20221231,영등포구,19858,신동아아파트.관악고교,2
20221231,영등포구,19862,당산역,2
20221231,영등포구,19863,당산소방서,2
20221231,영등포구,19865,삼성래미안아파트,1
20221231,영등포구,19867,골프장,1
20221231,영등포구,19868,삼환아파트,1
20221231,영등포구,19869,병무청,1
20221231,영등포구,19870,성당,1
20221231,영등포구,19871,신길한성아파트,2
20221231,영등포구,19872,신길중앙새마을금고,2
20221231,영등포구,19877,래미안영등포프레비뉴아파트,1
20221231,영등포구,19878,신길힐스테이트클래시안아파트,2
20221231,영등포구,19879,신길파크자이아파트,2
20221231,영등포구,19880,서울해군호텔,1
20221231,영등포구,19881,신길보라매SK뷰아파트,1
20221231,영등포구,19882,성당,1
20221231,영등포구,19883,병무청,1
20221231,영등포구,19884,삼환아파트,1
20221231,영등포구,19885,오거리,1
20221231,영등포구,19888,서울해군호텔,2
20221231,영등포구,19893,영등포역후문,2
20221231,영등포구,19894,신길GS자이아파트정문,1
20221231,영등포구,19895,신길GS자이아파트후문,1
20221231,영등포구,19896,신길4동주민센터,1
20221231,영등포구,19897,우신초등학교,1
20221231,영등포구,19898,우신초등학교,1
20221231,영등포구,19899,신길GS자이아파트정문,1
20221231,영등포구,19900,63빌딩.한강유람선,1
20221231,영등포구,19901,여의나루역,1
20221231,영등포구,19911,푸른숲아파트,1
20221231,영등포구,19963,공군호텔,2
20221231,영등포구,19964,공군호텔,2
20221231,영등포구,19984,영등포푸르지오,1
20221231,영등포구,19985,대우미래사랑,1
20221231,영등포구,19986,영등포아트자이,1
20221231,영등포구,19987,영등포아트자이,1
20221231,영등포구,19988,대우미래사랑,1
20221231,영등포구,19990,영등포푸르지오후문,1
20221231,영등포구,19992,대한항공훈련센터,4
20221231,영등포구,19993,여의나루역,1
20221231,영등포구,19996,당산역,18
20221231,영등포구,19999,은성병원,1
20221231,동작구,20001,동작상떼빌아파트,17
20221231,동작구,20002,신대방경남아파트,15
20221231,동작구,20003,신대방현대아파트,8
20221231,동작구,20004,보라매공원,8
20221231,동작구,20005,보라매역.동작세무서,10
20221231,동작구,20006,강남중학교,11
20221231,동작구,20007,현대아파트,16
20221231,동작구,20008,현대아파트.유한양행,16
20221231,동작구,20009,노량진수산시장.CTS기독교TV,13
20221231,동작구,20010,노량진수산시장.CTS기독교TV,17
20221231,동작구,20011,노량진역,12
20221231,동작구,20012,노량진역,12
20221231,동작구,20013,노들역,18
20221231,동작구,20014,노들역,12
20221231,동작구,20015,갯마을앞,13
20221231,동작구,20016,정금마을.방배경찰서,16
20221231,동작구,20017,경문고교.배나무골앞,16
20221231,동작구,20018,총신대입구역.남성시장입구앞,16
20221231,동작구,20019,사당동우체국앞,14
20221231,동작구,20020,방배노인종합복지관,17
20221231,동작구,20106,서울지방병무청앞,10
20221231,동작구,20107,공군호텔,14
20221231,동작구,20108,대방역,5
20221231,동작구,20111,KT동작지사,4
20221231,동작구,20114,노량진역3번출구,12
20221231,동작구,20115,노량진역2번출구,10
20221231,동작구,20117,사육신공원,4
20221231,동작구,20119,사육신공원,9
20221231,동작구,20121,노들역,9
20221231,동작구,20122,노들역,4
20221231,동작구,20123,흑석동효사정앞,10
20221231,동작구,20124,흑석동효사정앞,10
20221231,동작구,20125,흑석역.흑석동빗물펌프장,7
20221231,동작구,20126,흑석역.명수대현대아파트,10
20221231,동작구,20127,흑석역.명수대현대아파트,10
20221231,동작구,20128,흑석동명수대현대아파트,2
20221231,동작구,20129,비계,8
20221231,동작구,20130,비계,9
20221231,동작구,20131,흑석동한강현대아파트,8
20221231,동작구,20132,흑석동한강현대아파트,8
20221231,동작구,20133,동작역.국립현충원,10
20221231,동작구,20134,동작역.국립현충원,10
20221231,동작구,20141,사당1동관악시장앞,12
20221231,동작구,20142,예술인마을,12
20221231,동작구,20143,서울공업고등학교,7
20221231,동작구,20144,서울공업고등학교,6
20221231,동작구,20145,대림초등학교,8
20221231,동작구,20146,대림초등학교,6
20221231,동작구,20147,성대시장,8
20221231,동작구,20148,성대시장,8
20221231,동작구,20149,상도초등학교입구,8
20221231,동작구,20150,상도초등학교입구,8
20221231,동작구,20151,장승배기역,9
20221231,동작구,20152,동작문화복지센터.동작보건소,7
20221231,동작구,20153,동작문화복지센터.동작보건소,9
20221231,동작구,20154,상도노빌리티아파트,6
20221231,동작구,20155,상도노빌리티아파트,7
20221231,동작구,20156,상도터널노량진동,4
20221231,동작구,20157,상도터널노량진동,5
20221231,동작구,20158,상도터널상도동,9
20221231,동작구,20159,상도터널상도동,4
20221231,동작구,20160,상도역,11
20221231,동작구,20161,상도역,11
20221231,동작구,20162,상도동중앙하이츠빌.상도전통시장,11
20221231,동작구,20163,상도동중앙하이츠빌.상도전통시장,11
20221231,동작구,20164,숭실대입구역,5
20221231,동작구,20165,숭실대입구역,8
20221231,동작구,20166,숭실대입구역,14
20221231,동작구,20167,봉현초등학교,9
20221231,동작구,20168,봉천고개.관악현대아파트,8
20221231,동작구,20169,숭실대정문앞,4
20221231,동작구,20170,숭실대정문앞,4
20221231,동작구,20171,숭실대별관앞,4
20221231,동작구,20172,숭실대별관앞,4
20221231,동작구,20173,사당5치안센터,5
20221231,동작구,20174,총신대,5
20221231,동작구,20175,총신대,6
20221231,동작구,20176,사당중학교,5
20221231,동작구,20177,사당중학교,4
20221231,동작구,20178,남성역,4
20221231,동작구,20179,남성역,4
20221231,동작구,20180,남성역골목시장,5
20221231,동작구,20181,남성역골목시장,3
20221231,동작구,20182,남성초등학교,3
20221231,동작구,20183,남성초등학교,3
20221231,동작구,20184,이수역9번출구,3
20221231,동작구,20185,이수역10번출구,3
20221231,동작구,20186,신대방삼거리,8
20221231,동작구,20187,신대방삼거리,9
20221231,동작구,20188,보라매병원입구,9
20221231,동작구,20190,동작구청.노량진초등학교앞,15
20221231,동작구,20191,동작구청.노량진초등학교앞,16
20221231,동작구,20192,장성교회,15
20221231,동작구,20193,청화병원,16
20221231,동작구,20194,중앙대학교,2
20221231,동작구,20195,중앙대학교,2
20221231,동작구,20196,중앙대학교,2
20221231,동작구,20197,7호선장승배기역.상도2치안센터,4
20221231,동작구,20198,7호선장승배기역.상도2치안센터,4
20221231,동작구,20199,상도2동아이파크.포스코더샵아파트,4
20221231,동작구,20200,상도2동아이파크.포스코더샵아파트,3
20221231,동작구,20201,신상도초등학교,3
20221231,동작구,20202,중앙대후문,1
20221231,동작구,20203,중앙대후문,1
20221231,동작구,20204,중앙대정문,1
20221231,동작구,20205,중앙대중문,1
20221231,동작구,20206,중앙대정문,4
20221231,동작구,20207,신대방역,2
20221231,동작구,20208,신대방역,1
20221231,동작구,20209,동작상떼빌아파트,1
20221231,동작구,20210,신대방경남아파트,2
20221231,동작구,20212,흑석동한강현대아파트,1
20221231,동작구,20217,서울특별시.보라매병원,2
20221231,동작구,20219,신상도초등학교,3
20221231,동작구,20220,상도4동약수맨션,5
20221231,동작구,20221,경향렉스빌.롯데캐슬비엔,5
20221231,동작구,20222,경향렉스빌.롯데캐슬비엔,4
20221231,동작구,20224,흑석역.명수대현대아파트,1
20221231,동작구,20228,상도4동약수맨션,3
20221231,동작구,20230,동작역.국립현충원,1
20221231,동작구,20231,동작역.국립현충원,1
20221231,동작구,20233,래미안상도3차중문,1
20221231,동작구,20235,금양빌딩,1
20221231,동작구,20240,동작구청정문,5
20221231,동작구,20241,상도SH빌아파트상도팰리스후문,1
20221231,동작구,20242,상도SH빌아파트상도팰리스후문,1
20221231,동작구,20243,상도3차삼성래미안후문,1
20221231,동작구,20244,상도3차삼성래미안후문,1
20221231,동작구,20245,상도1동주민센터.상도3차래미안,1
20221231,동작구,20246,상도1동주민센터.상도3차래미안,1
20221231,동작구,20247,노들역앞,3
20221231,동작구,20248,대방역1번출구앞,2
20221231,동작구,20249,대방역.여의교앞,1
20221231,동작구,20250,노들역4번출구앞,1
20221231,동작구,20251,동작실버센터입구,4
20221231,동작구,20252,사당동대아신협앞,4
20221231,동작구,20253,사당역9번출구앞,10
20221231,동작구,20254,사당롯데캐슬골든포레.사당해그린,4
20221231,동작구,20494,사당솔밭도서관,3
20221231,동작구,20495,효주파크빌,1
20221231,동작구,20496,남성초등학교입구,4
20221231,동작구,20497,벽산아파트,1
20221231,동작구,20498,정금마을,1
20221231,동작구,20499,이수힐스테이트,1
20221231,동작구,20500,사당역10번출구,3
20221231,동작구,20501,현대2차아파트후문,4
20221231,동작구,20502,극동상가,2
20221231,동작구,20503,삼성래미안.롯데캐슬,2
20221231,동작구,20504,자이아파트정문앞,2
20221231,동작구,20505,달마사,2
20221231,동작구,20506,상도4동성문교회,1
20221231,동작구,20507,사자암,3
20221231,동작구,20508,노들역.노량진교회,1
20221231,동작구,20509,대림현대아파트,1
20221231,동작구,20510,행복유치원,2
20221231,동작구,20511,이수역,6
20221231,동작구,20512,보라매공원,1
20221231,동작구,20513,신대방삼거리역,1
20221231,동작구,20515,현대2차아파트후문,2
20221231,동작구,20516,극동아파트110동,1
20221231,동작구,20517,극동아파트110동,1
20221231,동작구,20518,대림아파트후문,2
20221231,동작구,20519,자이아파트상가앞,2
20221231,동작구,20520,삼성래미안아파트,1
20221231,동작구,20521,충남정육점,1
20221231,동작구,20522,당곡중.고등학교,2
20221231,동작구,20524,대림프라자.사당3동주민센터,1
20221231,동작구,20526,롯데캐슬,2
20221231,동작구,20527,보라매공원입구,1
20221231,동작구,20528,강현중학교,1
20221231,동작구,20529,구중앙슈퍼앞,1
20221231,동작구,20530,유앤미아파트,1
20221231,동작구,20531,로고스교회,1
20221231,동작구,20532,극동아파트112동,2
20221231,동작구,20533,삼일공원,2
20221231,동작구,20534,사당종합체육관,1
20221231,동작구,20535,숭실대후문,1
20221231,동작구,20536,화성목욕탕,1
20221231,동작구,20537,갑을명가아파트,2
20221231,동작구,20539,사당시장,3
20221231,동작구,20540,롯데캐슬비엔,1
20221231,동작구,20541,삼거리,3
20221231,동작구,20542,대방어린이도서관,1
20221231,동작구,20543,성심슈퍼,1
20221231,동작구,20544,중앙빌리지.동부센트레빌,1
20221231,동작구,20545,롯데캐슬.샤인,1
20221231,동작구,20546,남성초등학교.사당청소년문화의집,4
20221231,동작구,20547,신남성초교후문,1
20221231,동작구,20549,현대아이파크,1
20221231,동작구,20550,영은교회,2
20221231,동작구,20552,이수시너스.이수역7번출구,3
20221231,동작구,20554,갑을명가,3
20221231,동작구,20555,성남중고,1
20221231,동작구,20556,청운종합복지관,1
20221231,동작구,20557,은로초등학교,1
20221231,동작구,20558,롯데캐슬.샤인,1
20221231,동작구,20559,동작삼일수영장,2
20221231,동작구,20560,삼거리우편물취급소,4
20221231,동작구,20561,사당.인정아파트,1
20221231,동작구,20564,선재유통,2
20221231,동작구,20565,중앙대병원,3
20221231,동작구,20567,밤골터널.상도역롯데캐슬파크엘,1
20221231,동작구,20568,동작고교,3
20221231,동작구,20569,대림아파트후문.성남중.고교,3
20221231,동작구,20570,구동사무소,1
20221231,동작구,20571,중대부속초등학교,1
20221231,동작구,20573,국사봉중학교,1
20221231,동작구,20574,국민은행4번출구,1
20221231,동작구,20575,빙수골공영주차장,2
20221231,동작구,20577,상도역7호선,1
20221231,동작구,20578,이수역,2
20221231,동작구,20579,성원샹떼빌앞,1
20221231,동작구,20580,대방동주민센터,1
20221231,동작구,20581,빙수골마을공원,1
20221231,동작구,20582,중앙대병원후문.흑석시장,1
20221231,동작구,20584,방범초소,1
20221231,동작구,20585,주택가,1
20221231,동작구,20586,백경세탁소,2
20221231,동작구,20587,중앙대중문,3
20221231,동작구,20588,중대후문입구,4
20221231,동작구,20589,신대방1동주민센터,1
20221231,동작구,20590,주공아파트.남도학숙,1
20221231,동작구,20591,상도3동주민센터,1
20221231,동작구,20593,삼성래미안.동작청소년문화의집,1
20221231,동작구,20594,푸른초장교회,2
20221231,동작구,20595,중앙대후문,3
20221231,동작구,20596,이화약국,4
20221231,동작구,20598,숭의여중.고교,1
20221231,동작구,20599,현대한의원,2
20221231,동작구,20600,사당문화복지관,2
20221231,동작구,20659,효사정앞,1
20221231,동작구,20660,효사정앞,1
20221231,동작구,20673,사회복지관앞,1
20221231,동작구,20674,7호선신대방삼거리역2번출구.국민은행,2
20221231,동작구,20675,대림프라자.사당3동주민센터,1
20221231,동작구,20676,상도은빛어르신복지관.터널경로당,1
20221231,동작구,20681,동광교회,2
20221231,동작구,20682,남성역.남성역골목시장,2
20221231,동작구,20684,대방목욕탕,1
20221231,동작구,20686,건영아파트,1
20221231,동작구,20694,갯마을,1
20221231,동작구,20695,현대아파트,2
20221231,동작구,20697,경문고등학교,2
20221231,동작구,20698,삼거리우편물취급소,4
20221231,동작구,20699,밤골.상도역롯데캐슬파크엘,1
20221231,동작구,20700,남부교회,2
20221231,동작구,20701,정금마을,1
20221231,동작구,20702,동작고등학교,3
20221231,동작구,20703,KT동작지사,1
20221231,동작구,20704,7호선장승배기역2번출구,2
20221231,동작구,20705,총신대역,1
20221231,동작구,20706,남성초등학교.사당청소년문화의집,4
20221231,동작구,20725,동원베네스트,1
20221231,동작구,20726,신동아정문,1
20221231,동작구,20727,사당솔밭도서관,3
20221231,동작구,20728,해태타워앞,1
20221231,동작구,20729,경성의원.새마을금고앞,1
20221231,동작구,20730,상도2동주민센터,3
20221231,동작구,20731,상도은빛어르신복지관,3
20221231,동작구,20732,삼일공원,2
20221231,동작구,20740,부강탕,1
20221231,동작구,20741,대방역1번출구,1
20221231,동작구,20745,극동아파트앞,1
20221231,동작구,20746,이수역,1
20221231,동작구,20747,삼거리,2
20221231,동작구,20748,전문건설회관.보라매병원,1
20221231,동작구,20751,대림아파트후문,2
20221231,동작구,20756,상도브라운스톤,1
20221231,동작구,20782,흑석동,1
20221231,동작구,20783,흑석역.명수현대아파트,1
20221231,동작구,20787,노들역5번출구,1
20221231,동작구,20789,대림아파트,3
20221231,동작구,20790,상도역.하나은행,2
20221231,동작구,20791,봉천고개관악현대아파트,1
20221231,동작구,20792,동작삼일수영장,2
20221231,동작구,20794,동작고교.사당5동주민센터,2
20221231,동작구,20799,건영아파트,3
20221231,동작구,20801,우성201동.극동112동,2
20221231,동작구,20802,삼호APT.오네뜨아파트,2
20221231,동작구,20803,상도감리교회,1
20221231,동작구,20804,남부교회,4
20221231,동작구,20805,도시가스.두산아파트,3
20221231,동작구,20806,핸드픽트호텔,1
20221231,동작구,20807,핸드픽트호텔,1
20221231,동작구,20808,7호선신대방삼거리역4번출구,3
20221231,동작구,20809,우성아파트,4
20221231,동작구,20810,숭실대입구역2번출구,1
20221231,동작구,20811,시장입구,2
20221231,동작구,20812,신남성초교입구,2
20221231,동작구,20813,새소망교회,1
20221231,동작구,20814,대방목욕탕,1
20221231,동작구,20815,본동초등학교,1
20221231,동작구,20818,코오롱하늘채아파트,3
20221231,동작구,20819,강남교회.오거리,4
20221231,동작구,20820,봉천고개현대아파트,1
20221231,동작구,20822,신동아아파트,2
20221231,동작구,20823,LG아파트상가,2
20221231,동작구,20824,신동아아파트701동앞,1
20221231,동작구,20825,사회복지관앞,1
20221231,동작구,20828,동작우체국,1
20221231,동작구,20829,테니스장.우성아파트304동,2
20221231,동작구,20830,자이아파트정문앞,2
20221231,동작구,20832,신동아관리사무소,1
20221231,동작구,20833,삼성래미안.동작청소년문화의집,1
20221231,동작구,20834,대방역2번출구앞,3
20221231,동작구,20836,경성의원.새마을금고앞,1
20221231,동작구,20837,노량진역,4
20221231,동작구,20839,신동아상가,1
20221231,동작구,20840,주택가,1
20221231,동작구,20842,예스플러스,2
20221231,동작구,20843,KT동작전화국,1
20221231,동작구,20844,9호선노량진역.동작구청,2
20221231,동작구,20845,숭실대후문,1
20221231,동작구,20846,건영아파트,1
20221231,동작구,20847,국민은행,1
20221231,동작구,20848,테니스장앞,1
20221231,동작구,20850,숭의여중고교.공군항공안전단,2
20221231,동작구,20851,7호선장승배기역5번출구,2
20221231,동작구,20854,명창빌딩,2
20221231,동작구,20855,화성목욕탕,1
20221231,동작구,20856,본동시장,2
20221231,동작구,20857,성원아파트,2
20221231,동작구,20858,충남정육점,1
20221231,동작구,20859,극동아파트,2
20221231,동작구,20861,대방동주민센터,3
20221231,동작구,20862,쌍용아파트,2
20221231,동작구,20864,삼성래미안아파트,2
20221231,동작구,20865,대림아파트후문.성남중.고교,3
20221231,동작구,20866,성대시장,2
20221231,동작구,20867,노량진역,2
20221231,동작구,20868,강현중학교.동작청소년문화의집,2
20221231,동작구,20869,한신아파트,2
20221231,동작구,20870,대방교회,3
20221231,동작구,20871,계령약국,2
20221231,동작구,20872,건영아파트후문,1
20221231,동작구,20873,홍원사,3
20221231,동작구,20874,강남교회.오거리,2
20221231,동작구,20875,상도은빛어르신복지관.터널경로당,1
20221231,동작구,20876,영동슈퍼,3
20221231,동작구,20877,사거리,2
20221231,동작구,20878,우성아파트,2
20221231,동작구,20880,범한택시,3
20221231,동작구,20881,제일성민교회,3
20221231,동작구,20882,신동아리버파크,1
20221231,동작구,20883,안일약국,2
20221231,동작구,20884,상도역7호선,1
20221231,동작구,20885,달마사,1
20221231,동작구,20886,동작하이슈퍼,3
20221231,동작구,20887,대림아파트,1
20221231,동작구,20888,밤골.상도역롯데캐슬파크엘,1
20221231,동작구,20890,상도역,3
20221231,동작구,20891,약수맨션.약수당약국,2
20221231,동작구,20892,현진빌라.고마트,2
20221231,동작구,20893,중앙대후문,3
20221231,동작구,20894,건영아파트,1
20221231,동작구,20896,중앙대중문,3
20221231,동작구,20897,신동아상가,1
20221231,동작구,20898,중앙대정문,3
20221231,동작구,20899,신동아관리사무소,1
20221231,동작구,20901,중앙대병원,2
20221231,동작구,20902,신동아아파트701동앞,1
20221231,동작구,20903,보라매어린이집.문창중학교,1
20221231,동작구,20904,중앙대병원후문.흑석시장,2
20221231,동작구,20906,새소망교회,1
20221231,동작구,20907,동작우체국,2
20221231,동작구,20908,중앙대부속초등학교.롯데캐슬에듀포레,2
20221231,동작구,20909,신대방삼거리역.성대시장,1
20221231,동작구,20910,은로초등학교,2
20221231,동작구,20911,신대방1동경남아파트,1
20221231,동작구,20912,중앙빌리지.동부센트레빌,2
20221231,동작구,20913,부강탕,1
20221231,동작구,20914,유앤미아파트,2
20221231,동작구,20915,동원베네스트,1
20221231,동작구,20916,전문건설회관.보라매병원,1
20221231,동작구,20917,동양아파트,3
20221231,동작구,20918,밤골.상도역롯데캐슬파크엘,1
20221231,동작구,20919,아카데미타워,1
20221231,동작구,20921,신대방역,1
20221231,동작구,20922,빌라삼거리.영도교회.약수터,2
20221231,동작구,20923,신대방1동주민센터,1
20221231,동작구,20924,방범초소,2
20221231,동작구,20925,신대방현대아파트,1
20221231,동작구,20926,국사봉중학교,1
20221231,동작구,20927,신대방우성아파트앞,1
20221231,동작구,20928,교수아파트,1
20221231,동작구,20929,보라매공원입구,1
20221231,동작구,20930,보라매공원,1
20221231,동작구,20931,삼일초등학교앞,2
20221231,동작구,20932,동작경희병원,2
20221231,동작구,20933,신동아상가,1
20221231,동작구,20934,현대아파트,4
20221231,동작구,20935,서달산약수터,1
20221231,동작구,20936,신대방역,1
20221231,동작구,20937,신대방역,1
20221231,동작구,20938,장성교회,2
20221231,동작구,20939,숭의여중고교.공군항공안전단,3
20221231,동작구,20940,대방동주공아파트,3
20221231,동작구,20941,노량진신한은행,2
20221231,동작구,20942,노량진한국법학교육원,4
20221231,동작구,20943,7호선신대방삼거리역2번출구.국민은행,1
20221231,동작구,20944,푸른초장교회,1
20221231,동작구,20945,백경세탁소,1
20221231,동작구,20946,빙수골공영주차장,1
20221231,동작구,20947,선재유통,1
20221231,동작구,20948,영은교회,1
20221231,동작구,20949,갑을명가아파트,1
20221231,동작구,20950,당곡중.고등학교,1
20221231,동작구,20951,사자암,1
20221231,동작구,20952,동작하이슈퍼,1
20221231,동작구,20953,제일성민교회,1
20221231,동작구,20954,보문사,1
20221231,동작구,20955,동아아파트,1
20221231,동작구,20956,행복유치원,1
20221231,동작구,20957,동아아파트,1
20221231,동작구,20958,보문사,1
20221231,동작구,20959,사당1동주민센터입구,7
20221231,동작구,20960,노들역5번출구앞,1
20221231,동작구,20966,청호아파트,1
20221231,동작구,20967,푸르지오후문,1
20221231,동작구,20968,푸르지오상가,1
20221231,동작구,20969,흑석한강푸르지오,1
20221231,동작구,20970,흑석동주민센터,1
20221231,동작구,20971,대방중학교,1
20221231,동작구,20972,상도감리교회.보건소,1
20221231,동작구,20973,수도여고,1
20221231,동작구,20974,동작구민체육센터.기상청,1
20221231,동작구,20975,동작구민체육센터.기상청,1
20221231,동작구,20976,수도여고,1
20221231,동작구,20977,대방중학교,1
20221231,동작구,20978,정금마을,1
20221231,동작구,20979,경동아파트,1
20221231,동작구,20980,동양중학교,1
20221231,동작구,20981,극락정사,1
20221231,동작구,20983,흑석역,1
20221231,동작구,20984,중앙대병원,1
20221231,동작구,20985,상도역1번출구,3
20221231,동작구,20986,봉천고개관악현대아파트,1
20221231,동작구,20988,상도3동주민센터,1
20221231,동작구,20989,양녕공영주차장,2
20221231,동작구,20990,두산위브아파트,2
20221231,동작구,20992,보라매역.동작세무서,1
20221231,동작구,20995,보라매역.동작세무서,2
20221231,동작구,20997,신남성초교입구,2
20221231,동작구,20998,삼호.오네뜨아파트,1
20221231,동작구,20999,사당5동주민센터,1
20221231,관악구,21001,구로디지털단지역,17
20221231,관악구,21002,구로디지털단지역,11
20221231,관악구,21027,사당자동차학원,13
20221231,관악구,21028,사당역,13
20221231,관악구,21101,서울미술고.인헌중고,12
20221231,관악구,21102,낙성대입구,12
20221231,관악구,21103,행운동주민센터,14
20221231,관악구,21104,서울대입구역5번출구,11
20221231,관악구,21105,KT관악지점,11
20221231,관악구,21106,봉천역.관악초등학교,13
20221231,관악구,21107,KT&G관악지점,12
20221231,관악구,21108,신림사거리.신림역,3
20221231,관악구,21109,남부초등학교,15
20221231,관악구,21110,호림박물관,15
20221231,관악구,21111,난곡입구,11
20221231,관악구,21112,관악구보훈회관.신림푸르지오,13
20221231,관악구,21113,천주교성령봉사회관.등불교회,12
20221231,관악구,21114,KT구로지사,12
20221231,관악구,21115,난곡입구,16
20221231,관악구,21116,남서울중학교.성보중고등학교,16
20221231,관악구,21117,신림사거리.신림역,13
20221231,관악구,21118,KT&G관악지점,12
20221231,관악구,21119,봉천역.관악초등학교,12
20221231,관악구,21120,KT관악지점,12
20221231,관악구,21121,봉천사거리,14
20221231,관악구,21122,낙성대동,12
20221231,관악구,21123,낙성대입구,13
20221231,관악구,21124,인헌중고.서울미술고,12
20221231,관악구,21125,예술인마을.사당초등학교,12
20221231,관악구,21126,남서울농협남현동지점,12
20221231,관악구,21127,서울대학교,6
20221231,관악구,21128,서울대학교,12
20221231,관악구,21129,서울여상.서울문영여중고앞,10
20221231,관악구,21130,관악구청,10
20221231,관악구,21131,봉천사거리.봉천중앙시장,12
20221231,관악구,21132,봉원중학교.행운동우성아파트,11
20221231,관악구,21133,관악푸르지오아파트,10
20221231,관악구,21136,성현동동아아파트,10
20221231,관악구,21137,봉원중학교.행운동우성아파트,13
20221231,관악구,21138,봉천사거리.봉천중앙시장,3
20221231,관악구,21139,관악구청,9
20221231,관악구,21140,관악경찰서.관악소방서,10
20221231,관악구,21141,서울여상.서울문영여중고앞,10
20221231,관악구,21142,신림중.삼성고.관악아트홀·도서관,10
20221231,관악구,21143,서울산업정보학교.삼성교,10
20221231,관악구,21144,신성초등학교,8
20221231,관악구,21145,영광메디컬센터,9
20221231,관악구,21146,쑥고개입구,10
20221231,관악구,21147,서원동문화교앞,9
20221231,관악구,21148,신림사거리,5
20221231,관악구,21149,신림동별빛거리입구,11
20221231,관악구,21150,보라매공원.보라매병원,7
20221231,관악구,21151,롯데백화점관악점,8
20221231,관악구,21152,신림동별빛거리입구,10
20221231,관악구,21153,신림사거리,6
20221231,관악구,21154,서원동문화교앞,10
20221231,관악구,21155,서림동주민센터.신화단지,10
20221231,관악구,21156,삼성동시장,8
20221231,관악구,21157,대학동고시촌입구,9
20221231,관악구,21158,서울산업정보학교.삼성교,10
20221231,관악구,21159,관악산입구.관악아트홀·중앙도서관,11
20221231,관악구,21160,당곡사거리.롯데백화점관악점,1
20221231,관악구,21161,사당역4번출구,12
20221231,관악구,21162,남현동홈플러스앞,1
20221231,관악구,21163,남태령역,16
20221231,관악구,21164,낙성대입구,3
20221231,관악구,21165,삼성동주민센터,5
20221231,관악구,21166,미림고개,5
20221231,관악구,21167,미림여고.미림여자정보과학고,5
20221231,관악구,21168,신우초등학교,5
20221231,관악구,21169,삼성산성지,5
20221231,관악구,21170,산장아파트,5
20221231,관악구,21171,삼성산주공아파트,5
20221231,관악구,21172,산복터널.관악산휴먼시아2단지,4
20221231,관악구,21173,산복터널.관악산휴먼시아2단지,5
20221231,관악구,21174,삼성산주공아파트,6
20221231,관악구,21175,산장아파트,6
20221231,관악구,21176,삼성산성지,6
20221231,관악구,21177,신우초등학교,6
20221231,관악구,21178,미림여고.미림여자정보과학고,6
20221231,관악구,21179,미림고개.고시촌입구,6
20221231,관악구,21180,관악농협신림지점앞,6
20221231,관악구,21181,쑥고개,2
20221231,관악구,21182,e편한세상서울대입구아파트,2
20221231,관악구,21183,영락고교.영락의료과학고,2
20221231,관악구,21184,청룡시장,2
20221231,관악구,21185,관악구청,2
20221231,관악구,21186,청룡시장,2
20221231,관악구,21187,영락고교.영락의료과학고,2
20221231,관악구,21188,e편한세상서울대입구아파트,2
20221231,관악구,21189,쑥고개,2
20221231,관악구,21190,은천교,5
20221231,관악구,21191,봉일시장,4
20221231,관악구,21192,은천초등학교,4
20221231,관악구,21193,두산.벽산아파트.서울관광고등학교,4
20221231,관악구,21194,현대시장앞,2
20221231,관악구,21195,관악동부센트레빌아파트앞,2
20221231,관악구,21196,중앙동성당앞,2
20221231,관악구,21197,중앙동성당앞,2
20221231,관악구,21198,관악동부센트레빌아파트앞,2
20221231,관악구,21199,대학동고시촌입구,1
20221231,관악구,21200,벽산.두산아파트.서울관광고등학교,4
20221231,관악구,21201,은천초등학교,4
20221231,관악구,21202,봉일시장,4
20221231,관악구,21203,은천교,4
20221231,관악구,21204,신림청소년독서실.신림체육센터,7
20221231,관악구,21205,난곡우체국사거리,8
20221231,관악구,21206,신일교회앞,8
20221231,관악구,21207,세이브마트앞,8
20221231,관악구,21208,남강중고등학교입구,8
20221231,관악구,21209,우림시장.난곡보건분소,8
20221231,관악구,21210,난우중학교입구,8
20221231,관악구,21211,신림복지관앞,8
20221231,관악구,21212,신림복지관앞,7
20221231,관악구,21213,난우중학교입구,7
20221231,관악구,21214,우림시장.난곡보건분소,7
20221231,관악구,21215,남강중고등학교입구,7
20221231,관악구,21216,세이브마트앞,7
20221231,관악구,21217,신일교회앞,7
20221231,관악구,21218,난곡우체국사거리,7
20221231,관악구,21219,신림청소년독서실.신림체육센터,8
20221231,관악구,21220,KT구로지사,1
20221231,관악구,21221,골목시장앞,1
20221231,관악구,21222,조원동주민센터,1
20221231,관악구,21223,조원동주민센터,1
20221231,관악구,21224,신대방역,2
20221231,관악구,21225,신대방역,4
20221231,관악구,21226,보라매공원입구,5
20221231,관악구,21227,보라매공원입구,5
20221231,관악구,21228,보라매갑을아파트,4
20221231,관악구,21229,롯데관악점,5
20221231,관악구,21230,롯데관악점,7
20221231,관악구,21231,봉천교,4
20221231,관악구,21232,당곡중학교,5
20221231,관악구,21233,당곡중학교,4
20221231,관악구,21236,봉현초등학교,3
20221231,관악구,21237,동아아파트105동앞,3
20221231,관악구,21239,관악드림타운115동,3
20221231,관악구,21240,관악드림타운115동,3
20221231,관악구,21241,관악드림타운북문,3
20221231,관악구,21242,관악드림타운북문,3
20221231,관악구,21243,구암중학교,3
20221231,관악구,21244,구암중학교,3
20221231,관악구,21245,벽산아파트.적십자남부봉사관,1
20221231,관악구,21246,벽산아파트.적십자남부봉사관,1
20221231,관악구,21247,벽산블루밍벽산아파트303동앞,1
20221231,관악구,21248,구로디지털단지역,2
20221231,관악구,21251,현대시장,2
20221231,관악구,21252,서울대입구역,9
20221231,관악구,21253,신봉초등학교입구,3
20221231,관악구,21254,구암초등학교,3
20221231,관악구,21255,은천동벽산블루밍아파트105동,3
20221231,관악구,21256,은천동두산아파트3단지,3
20221231,관악구,21257,봉일시장,3
20221231,관악구,21258,봉천역,3
20221231,관악구,21259,현대시장,3
20221231,관악구,21260,현대시장,3
20221231,관악구,21261,관악우체국(양지병원),12
20221231,관악구,21262,관악우체국.양지병원,12
20221231,관악구,21263,보라매삼성아파트.모자원고개,8
20221231,관악구,21264,조원동기점,2
20221231,관악구,21265,관악산휴먼시아.신림푸르지오2차,4
20221231,관악구,21266,관악산휴먼시아아파트1단지입구,4
20221231,관악구,21267,관악산휴먼시아아파트1단지입구,4
20221231,관악구,21268,난향동주민센터,4
20221231,관악구,21269,서울대정문,3
20221231,관악구,21270,법대.사회대입구,3
20221231,관악구,21271,자연대.행정관입구,3
20221231,관악구,21272,농생대,3
20221231,관악구,21273,공대입구,3
20221231,관악구,21274,신소재,4
20221231,관악구,21275,제2공학관,4
20221231,관악구,21276,유회진학술정보관.제1공학관,4
20221231,관악구,21277,유전공학연구소.반도체공동연구소,3
20221231,관악구,21278,교수회관입구,3
20221231,관악구,21279,관악사삼거리,3
20221231,관악구,21280,국제대학원,2
20221231,관악구,21281,수의대입구.보건대학원앞,2
20221231,관악구,21282,경영대.행정대학원,2
20221231,관악구,21283,경영대.행정대학원,2
20221231,관악구,21284,수의대입구.보건대학원앞,2
20221231,관악구,21285,국제대학원,2
20221231,관악구,21286,관악사삼거리,2
20221231,관악구,21288,공동기기원,3
20221231,관악구,21289,유전공학연구소.반도체공동연구소,3
20221231,관악구,21290,에너지자원연구소,3
20221231,관악구,21292,공대입구,2
20221231,관악구,21293,농생대,2
20221231,관악구,21294,자연대.행정관입구,2
20221231,관악구,21297,문화관입구,2
20221231,관악구,21298,법대.사회대입구,2
20221231,관악구,21299,서울대정문,2
20221231,관악구,21300,우방아파트,1
20221231,관악구,21301,은천성결교회,1
20221231,관악구,21302,신사동주민센터,1
20221231,관악구,21303,봉림교,1
20221231,관악구,21304,봉림교,1
20221231,관악구,21305,남부초교후문,1
20221231,관악구,21309,청담고시원,1
20221231,관악구,21310,우리슈퍼,1
20221231,관악구,21311,명호고시원,1
20221231,관악구,21312,동작마트,1
20221231,관악구,21313,제일성도교회,1
20221231,관악구,21314,삼양슈퍼,1
20221231,관악구,21315,금성마트용천사,1
20221231,관악구,21316,삼양슈퍼,1
20221231,관악구,21317,제일성도교회,1
20221231,관악구,21318,동작마트,1
20221231,관악구,21319,고시촌입구,1
20221231,관악구,21320,대학동치안센터,1
20221231,관악구,21321,대학동노인정,1
20221231,관악구,21322,금호타운아파트,1
20221231,관악구,21327,금호타운아파트,1
20221231,관악구,21328,대학동노인정,1
20221231,관악구,21329,대학동치안센터,1
20221231,관악구,21330,서울대입구역,4
20221231,관악구,21332,청림동현대아파트,1
20221231,관악구,21333,청림동현대아파트,1
20221231,관악구,21335,보성운수기종점,3
20221231,관악구,21337,난곡공영차고지,2
20221231,관악구,21338,한남운수대학동차고지,2
20221231,관악구,21339,한남운수대학동차고지,2
20221231,관악구,21340,제2공학관,2
20221231,관악구,21341,건설환경종합연구소앞,3
20221231,관악구,21342,봉일시장,2
20221231,관악구,21343,보라매공영주차장,1
20221231,관악구,21344,당곡중고교,1
20221231,관악구,21345,연희빌라,1
20221231,관악구,21346,재넘이고개,1
20221231,관악구,21347,연희빌라,1
20221231,관악구,21348,당곡중고교,1
20221231,관악구,21349,보라매공영주차장,1
20221231,관악구,21350,신림사거리.신림역,13
20221231,관악구,21351,신사동주민센터.신사시장,1
20221231,관악구,21352,건영유치원,1
20221231,관악구,21353,신대방역,2
20221231,관악구,21354,난곡사거리,3
20221231,관악구,21355,난곡사거리,3
20221231,관악구,21356,신대방역,3
20221231,관악구,21357,신사시장.평화교회,3
20221231,관악구,21358,신사시장.선한이웃교회,3
20221231,관악구,21359,신림청소년독서실.신림체육센터,2
20221231,관악구,21360,신사동진양빌딩앞,4
20221231,관악구,21361,호림박물관,16
20221231,관악구,21363,보성운수차고지맞은편,1
20221231,관악구,21364,조원아파트,2
20221231,관악구,21365,성원홈아파트,1
20221231,관악구,21366,성원홈아파트,1
20221231,관악구,21367,신림빗물펌프장,2
20221231,관악구,21368,봉천사거리.위버폴리스,9
20221231,관악구,21369,서원동승리교앞,6
20221231,관악구,21370,서울난향초등학교.난향동주민센터,4
20221231,관악구,21371,은천길입구,1
20221231,관악구,21372,대학동샘말공원,1
20221231,관악구,21373,서울대학교.치과병원.동물병원,11
20221231,관악구,21374,서울대학교.치과병원.동물병원,11
20221231,관악구,21375,신림2교,1
20221231,관악구,21376,서울대학교,6
20221231,관악구,21377,신림역2번출구,4
20221231,관악구,21378,벽산블루밍아파트종점,1
20221231,관악구,21379,청림동현대아파트입구,1
20221231,관악구,21501,아카시아마을.민방위교육장,1
20221231,관악구,21502,난향동공영차고지,1
20221231,관악구,21503,청림동푸르지오아파트121동앞,1
20221231,관악구,21504,보명사.법화사,1
20221231,관악구,21505,현대아파트후문,1
20221231,관악구,21506,GS편의점.소망유통,1
20221231,관악구,21507,국사봉,1
20221231,관악구,21508,봉천역,1
20221231,관악구,21509,뉴서울아파트,1
20221231,관악구,21511,푸르지오122동,1
20221231,관악구,21512,승산밝은빛교회.구무림비디오,1
20221231,관악구,21513,코사마트,1
20221231,관악구,21514,인수당약국,1
20221231,관악구,21515,벽산아파트후문.만물슈퍼,1
20221231,관악구,21517,신협,1
20221231,관악구,21518,쌍용아파트후문,1
20221231,관악구,21520,관악로입구,1
20221231,관악구,21521,한마음슈퍼,1
20221231,관악구,21522,미성빌라,1
20221231,관악구,21523,우리현대마트,1
20221231,관악구,21524,우리슈퍼,1
20221231,관악구,21526,두산아파트입구,1
20221231,관악구,21527,벽산아파트501동.적십자센터,1
20221231,관악구,21528,신라놀이터,1
20221231,관악구,21531,충남슈퍼.생각대로통신,1
20221231,관악구,21532,혜성세탁소,1
20221231,관악구,21533,동인약국.인헌중고입구,1
20221231,관악구,21534,수정슈퍼,1
20221231,관악구,21536,현대시장,1
20221231,관악구,21537,벽산아파트,1
20221231,관악구,21538,두영아파트,1
20221231,관악구,21539,삼성산주공정문,1
20221231,관악구,21540,서울대입구역2호선,1
20221231,관악구,21541,제일교회입구,1
20221231,관악구,21542,GS편의점,1
20221231,관악구,21543,오리사랑,1
20221231,관악구,21544,서울관광고등학교,1
20221231,관악구,21545,구암초등학교정문,1
20221231,관악구,21546,현대홈타운아파트,3
20221231,관악구,21547,미성중학교,1
20221231,관악구,21548,삼성산주공307동앞,1
20221231,관악구,21549,관악프라자,1
20221231,관악구,21550,남강중고등학교입구,1
20221231,관악구,21551,동산교회,1
20221231,관악구,21552,인헌연세약국,1
20221231,관악구,21553,산성교회,1
20221231,관악구,21555,방앗간,1
20221231,관악구,21556,낙성대역,3
20221231,관악구,21557,라이프아파트,1
20221231,관악구,21558,2단지종합상가,1
20221231,관악구,21560,애동유치원,1
20221231,관악구,21561,서강약국,3
20221231,관악구,21562,인헌시장입구,1
20221231,관악구,21563,경천교회,1
20221231,관악구,21564,대학원생활관,1
20221231,관악구,21565,성현동주민센터,1
20221231,관악구,21566,사랑의병원,3
20221231,관악구,21567,신림고등학교,2
20221231,관악구,21568,203동앞,1
20221231,관악구,21569,관악로입구,1
20221231,관악구,21570,세이브마트,1
20221231,관악구,21571,동부아파트,3
20221231,관악구,21572,파리바게트.낙성대지하철,1
20221231,관악구,21573,국회단지입구,1
20221231,관악구,21574,학부생활관,1
20221231,관악구,21575,구암어린이집앞,1
20221231,관악구,21576,낙성대역,3
20221231,관악구,21578,난곡터널,1
20221231,관악구,21579,광신고등학교.주공1단지,1
20221231,관악구,21580,우성아파트103동,1
20221231,관악구,21581,난우초등학교,1
20221231,관악구,21582,삼모타워앞,3
20221231,관악구,21583,인헌초등학교,1
20221231,관악구,21584,은천교앞,1
20221231,관악구,21585,BK국제관,1
20221231,관악구,21586,관악드림타운2단지.관악선의복지관,1
20221231,관악구,21587,현대홈타운아파트,3
20221231,관악구,21588,갑을아파트,1
20221231,관악구,21589,신원동치안센터,1
20221231,관악구,21590,유완약국.성림교회,1
20221231,관악구,21591,행운동우성아파트109동앞,1
20221231,관악구,21592,신림고등학교,1
20221231,관악구,21593,낙성대입구,1
20221231,관악구,21594,신림성모성당앞,1
20221231,관악구,21595,가족생활동,1
20221231,관악구,21597,롯데백화점,1
20221231,관악구,21598,삼성전자,1
20221231,관악구,21599,신림청소년독서실.신림체육센터,1
20221231,관악구,21600,낙성대동시장입구,1
20221231,관악구,21601,관악우체국,1
20221231,관악구,21602,신림고등학교,1
20221231,관악구,21604,신림사거리.신원시장,4
20221231,관악구,21649,삼성동시장,1
20221231,관악구,21650,난곡사거리,1
20221231,관악구,21651,신림역,1
20221231,관악구,21663,인헌아파트,1
20221231,관악구,21675,삼성동시장입구,1
20221231,관악구,21677,동부아파트,2
20221231,관악구,21678,낙성대역,1
20221231,관악구,21686,당곡사거리,1
20221231,관악구,21689,서울과학전시관,1
20221231,관악구,21700,은천교입구,1
20221231,관악구,21701,은천교입구,1
20221231,관악구,21722,삼성아파트,1
20221231,관악구,21732,조원경로당,1
20221231,관악구,21733,서강약국,2
20221231,관악구,21734,인헌연세약국,1
20221231,관악구,21738,낙성대공원.관악복합평생교육센터,1
20221231,관악구,21742,신도브래뉴.구펭귄아파트,1
20221231,관악구,21743,동산교회,1
20221231,관악구,21744,오리사랑,1
20221231,관악구,21745,봉일시장,1
20221231,관악구,21751,낙성대입구,1
20221231,관악구,21752,낙성대현대아파트,1
20221231,관악구,21753,성지빌딩,1
20221231,관악구,21756,펭귄시장,1
20221231,관악구,21760,동인약국.인헌중고입구,1
20221231,관악구,21761,국회단지입구,1
20221231,관악구,21763,봉천역,1
20221231,관악구,21764,봉천역,1
20221231,관악구,21765,인헌초등학교,1
20221231,관악구,21766,난곡사거리,1
20221231,관악구,21768,우리현대마트,1
20221231,관악구,21770,경천교회,1
20221231,관악구,21771,낙성대입구,1
20221231,관악구,21772,신림체육센터,1
20221231,관악구,21773,서림동주민센터,1
20221231,관악구,21774,인수당약국,1
20221231,관악구,21775,산성교회,1
20221231,관악구,21778,신원동치안센터,1
20221231,관악구,21782,현대아파트109동,1
20221231,관악구,21783,개미유통,1
20221231,관악구,21784,서울관광고등학교,1
20221231,관악구,21785,낙성대역,1
20221231,관악구,21789,서울대호암교수회관,1
20221231,관악구,21790,봉천로사거리,1
20221231,관악구,21792,관악세무서,1
20221231,관악구,21793,난우초등학교,1
20221231,관악구,21794,현대아파트106동,1
20221231,관악구,21795,세진아파트,1
20221231,관악구,21796,수정슈퍼,1
20221231,관악구,21800,낙성대입구,1
20221231,관악구,21801,구로디지털단지역,1
20221231,관악구,21802,구로디지털단지역,1
20221231,관악구,21803,난곡터널,1
20221231,관악구,21809,난곡종점,5
20221231,관악구,21810,세이브마트,1
20221231,관악구,21812,봉천역,1
20221231,관악구,21817,은천아파트,1
20221231,관악구,21818,우리슈퍼,1
20221231,관악구,21819,인헌초등학교,1
20221231,관악구,21820,삼성동시장입구,1
20221231,관악구,21821,애동유치원,1
20221231,관악구,21823,인헌아파트,1
20221231,관악구,21827,롯데백화점관악점,2
20221231,관악구,21828,롯데백화점관악점,2
20221231,관악구,21829,신림역,1
20221231,관악구,21830,신림역,1
20221231,관악구,21831,봉천역,1
20221231,관악구,21832,봉천역,1
20221231,관악구,21833,서울대학교입구전철역,1
20221231,관악구,21834,관악구청,1
20221231,관악구,21835,관악구청,1
20221231,관악구,21837,서울대학교,1
20221231,관악구,21841,신림2동차고지,3
20221231,관악구,21842,신림2동차고지,3
20221231,관악구,21843,벽산아파트후문.만물슈퍼,1
20221231,관악구,21844,낙성대현대아파트,1
20221231,관악구,21851,봉천역,1
20221231,관악구,21852,관악드림타운2단지.관악선의복지관,1
20221231,관악구,21853,라이프아파트,1
20221231,관악구,21854,삼성동시장,1
20221231,관악구,21855,남강중고등학교입구,1
20221231,관악구,21856,은천아파트,1
20221231,관악구,21858,낙성대공원.관악복합평생교육센터,1
20221231,관악구,21859,구암어린이집앞,1
20221231,관악구,21860,미성중학교,1
20221231,관악구,21861,삼성전자,1
20221231,관악구,21862,제일교회입구,1
20221231,관악구,21863,세진아파트,1
20221231,관악구,21864,서울과학전시관,1
20221231,관악구,21865,성현동주민센터,1
20221231,관악구,21866,두영아파트,1
20221231,관악구,21867,유완약국.성림교회,1
20221231,관악구,21868,충남슈퍼.생각대로통신,1
20221231,관악구,21869,개미유통,1
20221231,관악구,21870,호암교수회관,1
20221231,관악구,21871,현대시장,1
20221231,관악구,21872,신라놀이터,1
20221231,관악구,21873,광신고등학교.주공1단지,1
20221231,관악구,21874,한마음슈퍼,1
20221231,관악구,21875,소망유통,1
20221231,관악구,21877,두산아파트,1
20221231,관악구,21878,쌍용아파트후문,1
20221231,관악구,21879,201동.동신교회,1
20221231,관악구,21880,승산밝은빛교회.구무림비디오,1
20221231,관악구,21881,군인아파트,1
20221231,관악구,21882,호암교수회관,1
20221231,관악구,21883,신협,1
20221231,관악구,21884,뉴서울아파트,1
20221231,관악구,21885,3단지종합상가,1
20221231,관악구,21886,보명사.법화사,1
20221231,관악구,21887,가족생활동,1
20221231,관악구,21888,봉천로사거리,1
20221231,관악구,21889,봉천역6번출구,1
20221231,관악구,21890,아카시아마을.민방위교육장,1
20221231,관악구,21891,삼성산주공307동앞,1
20221231,관악구,21892,서울대후문.연구공원,1
20221231,관악구,21893,봉천역4번출구,2
20221231,관악구,21894,삼성산주공아파트정문,1
20221231,관악구,21895,학부생활관,1
20221231,관악구,21897,대학원생활관,1
20221231,관악구,21899,기숙사삼거리,1
20221231,관악구,21904,제2파워플랜트,1
20221231,관악구,21905,건설환경종합연구소,1
20221231,관악구,21907,보라매노인복지회관,1
20221231,관악구,21908,신한은행앞.롯데백화점,1
20221231,관악구,21910,벽산아파트,1
20221231,관악구,21911,적십자센터,1
20221231,관악구,21912,봉림교,3
20221231,관악구,21913,서원치안센터,2
20221231,관악구,21916,신림역4번출구,3
20221231,관악구,21919,신본교.서원동성당앞,1
20221231,관악구,21920,신림복지관앞,1
20221231,서초구,22001,교육개발원입구,47
20221231,서초구,22002,교육개발원입구,25
20221231,서초구,22003,양재역.서초문화예술회관,62
20221231,서초구,22004,양재역.서초문화예술회관,36
20221231,서초구,22005,뱅뱅사거리,66
20221231,서초구,22006,뱅뱅사거리,37
20221231,서초구,22007,래미안아파트.파이낸셜뉴스,54
20221231,서초구,22008,래미안아파트.파이낸셜뉴스,38
20221231,서초구,22009,신분당선강남역,63
20221231,서초구,22010,신분당선강남역,29
20221231,서초구,22011,지하철2호선강남역,35
20221231,서초구,22012,지하철2호선강남역,36
20221231,서초구,22013,논현역,42
20221231,서초구,22014,논현역,42
20221231,서초구,22015,신사역.푸른저축은행,30
20221231,서초구,22016,신사역,27
20221231,서초구,22017,반포역,17
20221231,서초구,22018,반포역,19
20221231,서초구,22019,고속터미널,25
20221231,서초구,22020,고속터미널,29
20221231,서초구,22021,신반포역.세화여중고,20
20221231,서초구,22022,신반포역.세화여중고,15
20221231,서초구,22023,구반포역.세화고등학교,20
20221231,서초구,22024,구반포역.세화고등학교,15
20221231,서초구,22025,아리랑TV.국립국악원,2
20221231,서초구,22026,남태령역,29
20221231,서초구,22027,이수역,18
20221231,서초구,22028,사당역,30
20221231,서초구,22029,총신대입구역.남성시장입구앞,18
20221231,서초구,22031,경문고등학교,18
20221231,서초구,22033,정금마을,17
20221231,서초구,22068,서초포레스타5단지정문,1
20221231,서초구,22095,서초종합체육관,1
20221231,서초구,22096,서울추모공원,1
20221231,서초구,22097,양재동화물터미널,1
20221231,서초구,22098,양재동화물터미널,1
20221231,서초구,22099,서울추모공원,1
20221231,서초구,22100,한국소비자원,1
20221231,서초구,22101,지하철3호선교대역,6
20221231,서초구,22102,서울교대사거리,4
20221231,서초구,22103,지하철2호선교대역2,7
20221231,서초구,22104,서초동유원아파트,10
20221231,서초구,22105,창신교회앞.서리풀노리학교,4
20221231,서초구,22106,창신교회.서리풀노리학교,3
20221231,서초구,22107,서울교대정문앞,2
20221231,서초구,22108,서울교대정문앞,1
20221231,서초구,22109,남부터미널,2
20221231,서초구,22110,서울시인재개발원입구,7
20221231,서초구,22111,서울시인재개발원.한우리문화센터,4
20221231,서초구,22112,서일초등학교,5
20221231,서초구,22113,서일초등학교,4
20221231,서초구,22114,롯데칠성,10
20221231,서초구,22115,롯데칠성,3
20221231,서초구,22116,서초포레스타2단지앞,1
20221231,서초구,22117,래미안에스티지에스,3
20221231,서초구,22118,래미안에스티지,3
20221231,서초구,22119,서초청소년도서관,3
20221231,서초구,22120,서초청소년도서관,4
20221231,서초구,22121,서초동신동아아파트,2
20221231,서초구,22122,서초2동주민센터서이초등학교,3
20221231,서초구,22123,래미안리더스원아파트,4
20221231,서초구,22124,추모공원입구,1
20221231,서초구,22125,뱅뱅사거리,5
20221231,서초구,22126,뱅뱅사거리,4
20221231,서초구,22127,서초그랑자이아파트,4
20221231,서초구,22128,서초그랑자이아파트,4
20221231,서초구,22129,서초구청,4
20221231,서초구,22130,서초구청,5
20221231,서초구,22131,수협서초지점,4
20221231,서초구,22132,서초문화예술정보학교,20
20221231,서초구,22133,법조단지,3
20221231,서초구,22134,교대역10번출구,4
20221231,서초구,22135,서초역.서울중앙지법등기국,5
20221231,서초구,22136,서초역1번출구,32
20221231,서초구,22137,서울중앙지방검찰청,3
20221231,서초구,22138,서울중앙지방검찰청대검찰청,3
20221231,서초구,22139,서초아트자이아파트,8
20221231,서초구,22140,서초동삼성아파트,7
20221231,서초구,22141,서초유스센터.서초아트자이,4
20221231,서초구,22142,서초동삼성아파트,6
20221231,서초구,22143,서초3동주민센터,2
20221231,서초구,22144,서초3동주민센터,3
20221231,서초구,22145,서초동예술의전당,3
20221231,서초구,22146,서초중학교,8
20221231,서초구,22147,서초중학교,7
20221231,서초구,22148,서울고등학교,8
20221231,서초구,22149,서울고등학교,7
20221231,서초구,22150,상문고교,1
20221231,서초구,22151,서초동예술의전당,3
20221231,서초구,22152,서초동예술의전당,8
20221231,서초구,22153,남부터미널.기쁨병원,6
20221231,서초구,22154,남부터미널.기쁨병원,4
20221231,서초구,22155,남부터미널,1
20221231,서초구,22156,남부터미널.한일시멘트,5
20221231,서초구,22157,남부터미널,6
20221231,서초구,22158,서울교대사거리,6
20221231,서초구,22159,서울교대사거리,2
20221231,서초구,22160,서울교대사거리,2
20221231,서초구,22161,지하철3호선교대역,8
20221231,서초구,22162,KCC사옥,42
20221231,서초구,22163,서초푸르지오써밋,2
20221231,서초구,22164,서초푸르지오써밋.롯데캐슬클래식,8
20221231,서초구,22165,진흥아파트,3
20221231,서초구,22166,진흥아파트,3
20221231,서초구,22167,강남역.강남역사거리,10
20221231,서초구,22168,서초동진흥아파트,5
20221231,서초구,22169,서초동유원아파트,5
20221231,서초구,22170,지하철2호선교대역4출구,7
20221231,서초구,22171,법조단지,4
20221231,서초구,22172,신논현역.구교보타워사거리,3
20221231,서초구,22173,강남역,3
20221231,서초구,22174,잠원한신아파트,3
20221231,서초구,22175,래미안신반포리오센트아파트,2
20221231,서초구,22176,신반포18차아파트,2
20221231,서초구,22177,롯데캐슬아파트,1
20221231,서초구,22178,롯데캐슬아파트,1
20221231,서초구,22179,신반포13차아파트,1
20221231,서초구,22180,신반포13차아파트,1
20221231,서초구,22181,신동중학교,1
20221231,서초구,22182,신동중학교,1
20221231,서초구,22183,논현역7번출구,11
20221231,서초구,22185,신사역4번출구,4
20221231,서초구,22186,신사역5번출구,2
20221231,서초구,22190,논현역6번출구,13
20221231,서초구,22191,논현역,1
20221231,서초구,22192,반포동,1
20221231,서초구,22193,신논현역.구교보타워사거리,7
20221231,서초구,22194,제일약품사옥,8
20221231,서초구,22195,사평역,3
20221231,서초구,22196,사평역,2
20221231,서초구,22197,디에이치반포라클라스,4
20221231,서초구,22199,삼호가든사거리.반포도서관,4
20221231,서초구,22200,삼성래미안,3
20221231,서초구,22203,서초구민체육센터.심산문화센터,1
20221231,서초구,22204,잠원한신아파트,3
20221231,서초구,22205,잠원성당.아크로리버뷰아파트,3
20221231,서초구,22206,잠원성당,3
20221231,서초구,22207,뉴코아아울렛,4
20221231,서초구,22208,신반포자이아파트,3
20221231,서초구,22211,고속터미널,2
20221231,서초구,22212,서울지방조달청.서울성모병원,3
20221231,서초구,22213,센트럴시티,2
20221231,서초구,22214,서울지방조달청.서울성모병원,3
20221231,서초구,22215,서울성모병원,1
20221231,서초구,22217,서초구민체육센터.심산문화센터,3
20221231,서초구,22218,반포미도아파트앞,2
20221231,서초구,22220,고속터미널호남선,1
20221231,서초구,22221,삼호아파트,3
20221231,서초구,22222,방배사이길,4
20221231,서초구,22223,방배동삼호아파트,3
20221231,서초구,22224,가야메디컬센터,4
20221231,서초구,22225,이수교,9
20221231,서초구,22227,롯데캐슬헤론아파트,1
20221231,서초구,22228,방배동신동아아파트,6
20221231,서초구,22229,방배역.방배서리풀이편한세상,5
20221231,서초구,22230,내방역2번출구,3
20221231,서초구,22231,내방역,3
20221231,서초구,22232,방배1동주민센터.방배아크로타워,3
20221231,서초구,22233,지하철2호선방배역,3
20221231,서초구,22234,서울교통공사,3
20221231,서초구,22235,종로교회,3
20221231,서초구,22236,대우효령아파트,3
20221231,서초구,22237,이수중학교,1
20221231,서초구,22238,방배브라운가아파트,1
20221231,서초구,22241,사당역,4
20221231,서초구,22242,사당역3번출구,10
20221231,서초구,22244,경남임광아파트,4
20221231,서초구,22245,방배그랑자이아파트,3
20221231,서초구,22246,서울지방법무사회,4
20221231,서초구,22247,현대멤피스2차아파트,3
20221231,서초구,22248,신동아아파트앞,11
20221231,서초구,22249,방배역.백석예술대학교,4
20221231,서초구,22250,방배동대우효령아파트앞,3
20221231,서초구,22251,종로교회앞,6
20221231,서초구,22252,서울교통공사,3
20221231,서초구,22253,방배동래미안아트힐.국립국악원,7
20221231,서초구,22254,방배그랑자이아파트,2
20221231,서초구,22255,성뒤마을.교육연수원,4
20221231,서초구,22256,방배동래미안타워,1
20221231,서초구,22257,대항병원.연세사랑병원,9
20221231,서초구,22258,대항병원.연세사랑병원,5
20221231,서초구,22259,방배동래미안타워.동덕여중고,5
20221231,서초구,22260,성뒤마을.교육연수원,5
20221231,서초구,22261,방배그랑자이아파트,2
20221231,서초구,22262,방배동래미안아트힐.국립국악원,4
20221231,서초구,22263,서문여고입구,1
20221231,서초구,22264,방배동고개,1
20221231,서초구,22267,예술의전당,1
20221231,서초구,22268,방배열린문화센터(방배4동주민센터),3
20221231,서초구,22269,방배열린문화센터(방배4동주민센터),3
20221231,서초구,22270,양재역.양재1동민원분소,13
20221231,서초구,22271,양재노인종합복지관,4
20221231,서초구,22272,블랙야크양재사옥,2
20221231,서초구,22273,현대빌라.에코맘코리아,7
20221231,서초구,22274,현대빌라.에코맘코리아,3
20221231,서초구,22275,우성아파트.양재초등학교,4
20221231,서초구,22276,우성아파트.양재초등학교,3
20221231,서초구,22277,코오롱아파트.양재1동주민센터,1
20221231,서초구,22278,우면코오롱아파트,3
20221231,서초구,22279,우면주공아파트.우면한라아파트,3
20221231,서초구,22280,우면주공아파트.양재1동주민센터,3
20221231,서초구,22281,서울시품질시험소한국교원단체총연합회,4
20221231,서초구,22282,서울시품질시험소한국교원단체총연합회,3
20221231,서초구,22283,네이처힐3.4단지,5
20221231,서초구,22284,성촌마을입구,1
20221231,서초구,22285,서초힐스아파트,10
20221231,서초구,22286,서초힐스아파트,14
20221231,서초구,22287,식유촌우면성당.서초호반써밋,7
20221231,서초구,22288,식유촌우면성당.서초호반써밋,8
20221231,서초구,22289,양재역,14
20221231,서초구,22290,양재역,9
20221231,서초구,22291,일동제약사거리,14
20221231,서초구,22292,일동제약사거리,6
20221231,서초구,22293,양재2동주민센터.양재꽃시장,14
20221231,서초구,22294,시민의숲,14
20221231,서초구,22295,언남고교,14
20221231,서초구,22296,시민의숲.양재꽃시장,78
20221231,서초구,22297,시민의숲.양재꽃시장,20
20221231,서초구,22298,AT센터.양재꽃시장,14
20221231,서초구,22299,양곡도매시장,17
20221231,서초구,22300,양곡도매시장,6
20221231,서초구,22301,하나로마트.코트라,9
20221231,서초구,22302,코트라,8
20221231,서초구,22303,구룡사앞,4
20221231,서초구,22304,구룡사,3
20221231,서초구,22305,구룡사입구,4
20221231,서초구,22306,동원산업앞,3
20221231,서초구,22307,언남고포이성당앞,3
20221231,서초구,22308,양재119안전센터앞,1
20221231,서초구,22309,소방서앞,4
20221231,서초구,22310,꽃마을,2
20221231,서초구,22311,꽃마을,2
20221231,서초구,22312,개나리골입구,2
20221231,서초구,22313,개나리골입구,2
20221231,서초구,22314,새원마을,2
20221231,서초구,22315,새원마을,2
20221231,서초구,22316,본마을,2
20221231,서초구,22317,본마을,2
20221231,서초구,22318,청계산.원터골,2
20221231,서초구,22319,청계산.원터골,2
20221231,서초구,22320,관현사입구,2
20221231,서초구,22321,관현사입구,2
20221231,서초구,22322,새쟁이마을,2
20221231,서초구,22323,새쟁이마을,2
20221231,서초구,22324,옛골,2
20221231,서초구,22325,염곡마을.서초50플러스센터,8
20221231,서초구,22326,염곡마을.서초50플러스센터,8
20221231,서초구,22327,탑성마을,8
20221231,서초구,22328,탑성마을,8
20221231,서초구,22329,안골마을,9
20221231,서초구,22330,안골마을,7
20221231,서초구,22331,서울특별시어린이병원.강동송파과학화예비군훈련장,10
20221231,서초구,22332,서울특별시어린이병원.강동송파과학화예비군훈련장,12
20221231,서초구,22333,헌인릉.강남서초과학화예비군훈련장,6
20221231,서초구,22334,헌인릉.강남서초과학화예비군훈련장,5
20221231,서초구,22335,헌인농장,6
20221231,서초구,22336,헌인마을.서울농업기술센터,5
20221231,서초구,22337,헌인마을.서울농업기술센터,5
20221231,서초구,22338,KT반포지사,3
20221231,서초구,22339,강남역,3
20221231,서초구,22340,방배동래미안타워.동덕여중고,7
20221231,서초구,22341,옛골,1
20221231,서초구,22343,헌인가구단지,1
20221231,서초구,22344,내방역8번출구,2
20221231,서초구,22345,교대역5번출구,2
20221231,서초구,22347,서초힐스아파트,7
20221231,서초구,22348,강남역하나은행,1
20221231,서초구,22350,염곡마을.서초50플러스센터,3
20221231,서초구,22351,염곡마을.서초50플러스센터,3
20221231,서초구,22352,탑성마을,3
20221231,서초구,22353,탑성마을,3
20221231,서초구,22355,안골마을,3
20221231,서초구,22356,서울특별시어린이병원.강동-송파예비군,1
20221231,서초구,22363,사당역1번출구,1
20221231,서초구,22364,남부시장,1
20221231,서초구,22365,강남의림한방병원,2
20221231,서초구,22367,염곡동구룡사,7
20221231,서초구,22368,국제전자센터,4
20221231,서초구,22369,염곡동구룡사,1
20221231,서초구,22372,형촌마을입구(서초네이처힐1.2단지),1
20221231,서초구,22376,국제전자센터,4
20221231,서초구,22378,도로교통공단서울지부.코트라,7
20221231,서초구,22379,서초역3번출구,3
20221231,서초구,22380,서초구민체육센터,3
20221231,서초구,22381,반포대교남단.한강시민공원입구,4
20221231,서초구,22382,반포대교남단.한강시민공원입구,4
20221231,서초구,22383,헌인마을,1
20221231,서초구,22384,하이브랜드,2
20221231,서초구,22385,이수역,3
20221231,서초구,22386,방배초등학교,3
20221231,서초구,22387,방배고개,3
20221231,서초구,22388,방배역,1
20221231,서초구,22389,내방역3번출구,2
20221231,서초구,22390,방일초교,1
20221231,서초구,22391,내방역,3
20221231,서초구,22392,방배고개,3
20221231,서초구,22393,이수역,5
20221231,서초구,22394,방배역,1
20221231,서초구,22395,방배역,1
20221231,서초구,22396,동작대교전망카페,2
20221231,서초구,22397,동작대교전망카페,2
20221231,서초구,22398,서초포레스타입구,12
20221231,서초구,22399,서초포레스타입구,12
20221231,서초구,22400,삼성래미안아파트,2
20221231,서초구,22401,청계산입구역,2
20221231,서초구,22402,청계산입구역,1
20221231,서초구,22403,서초포레스타7단지,1
20221231,서초구,22404,반포한강공원.세빛섬,2
20221231,서초구,22405,반포한강공원.세빛섬,1
20221231,서초구,22406,신논현역.주류성빌딩,7
20221231,서초구,22407,신논현역.BSX빌딩,3
20221231,서초구,22408,신논현역.유화빌딩,4
20221231,서초구,22409,신논현역.금강빌딩,4
20221231,서초구,22410,신논현역.우신빌딩,8
20221231,서초구,22411,신논현역.인터파크,5
20221231,서초구,22412,신논현역.영신빌딩,17
20221231,서초구,22413,신논현역.씨티은행,1
20221231,서초구,22415,내방역1번출구,3
20221231,서초구,22416,양재시민의숲,1
20221231,서초구,22417,동덕여중고,2
20221231,서초구,22418,유경약국,1
20221231,서초구,22419,남부터미널,1
20221231,서초구,22420,동부센트레빌2,3
20221231,서초구,22421,헌인마을.서울농업기술센터,1
20221231,서초구,22422,잔디마을,2
20221231,서초구,22423,방일초등학교,2
20221231,서초구,22424,네이처힐5단지,6
20221231,서초구,22426,대법원앞,2
20221231,서초구,22427,교육개발원입구사거리,5
20221231,서초구,22429,방배래미안타워,3
20221231,서초구,22430,이수역5번출구,3
20221231,서초구,22431,이수중앙시장,3
20221231,서초구,22432,국제전자센터,1
20221231,서초구,22433,방배신삼호아파트,3
20221231,서초구,22434,헌인릉.꽃시장,1
20221231,서초구,22435,더케이호텔후문,2
20221231,서초구,22436,방배1동주민센터.방배아크로타워,2
20221231,서초구,22437,삼성레포츠,1
20221231,서초구,22439,원불교,3
20221231,서초구,22440,양재역7번출구.프라자약국,4
20221231,서초구,22442,연세사랑병원,1
20221231,서초구,22443,방배초등학교,1
20221231,서초구,22445,함지박사거리,1
20221231,서초구,22446,서일초등학교,1
20221231,서초구,22447,이수화학,3
20221231,서초구,22448,예비군훈련장,1
20221231,서초구,22449,더케이호텔정문,1
20221231,서초구,22450,방배역1번출구,4
20221231,서초구,22451,대림약국,1
20221231,서초구,22452,반포래미안아이파크아파트,2
20221231,서초구,22455,방배고개,1
20221231,서초구,22456,함지박사거리,1
20221231,서초구,22457,서래초교,1
20221231,서초구,22458,방배성당앞,1
20221231,서초구,22459,현대아파트.한국상담대학원대학교,1
20221231,서초구,22460,한국회관.ROTC중앙회,3
20221231,서초구,22461,신흥마을입구,1
20221231,서초구,22462,예술공원,1
20221231,서초구,22464,사당역13번출구,1
20221231,서초구,22466,서초구립반포도서관.반포리체,2
20221231,서초구,22468,서초문화예술정보학교후문,1
20221231,서초구,22471,장자터빌딩,1
20221231,서초구,22473,동부센트레빌1,1
20221231,서초구,22474,필리핀대사관,1
20221231,서초구,22475,서초그랑자이아파트,1
20221231,서초구,22476,삼성래미안,4
20221231,서초구,22478,kt연구소,2
20221231,서초구,22479,상문고등학교,3
20221231,서초구,22480,반포리체,2
20221231,서초구,22486,백산빌딩,2
20221231,서초구,22487,방배브라운가아파트,1
20221231,서초구,22488,방배열린문화센터.가야치과병원,1
20221231,서초구,22489,방배중학교,1
20221231,서초구,22491,반포래미안,1
20221231,서초구,22493,우성아파트,3
20221231,서초구,22494,삼환아파트,3
20221231,서초구,22496,반포래미안아이파크아파트후문,2
20221231,서초구,22497,반포고교,1
20221231,서초구,22499,서초문화예술정보학교,1
20221231,서초구,22500,교총회관,2
20221231,서초구,22501,대우효령아파트,2
20221231,서초구,22502,동문빌라,1
20221231,서초구,22503,효성빌라,1
20221231,서초구,22504,서초포레스타3단지정문,1
20221231,서초구,22505,호남고속터미널,2
20221231,서초구,22506,서초포레스타3단지정문,1
20221231,서초구,22507,현대빌라,3
20221231,서초구,22508,방배빌딩.방배아트힐아파트정문,3
20221231,서초구,22510,반포고교,1
20221231,서초구,22511,반포리체,1
20221231,서초구,22512,언남초등학교,2
20221231,서초구,22513,서초2동주민센터,2
20221231,서초구,22515,삽준네마을,2
20221231,서초구,22516,방배역.백석대,2
20221231,서초구,22517,이수중학교,1
20221231,서초구,22518,서래마을.서래글로벌빌리지센터,1
20221231,서초구,22519,언남초등학교,2
20221231,서초구,22520,경부고속터미널,1
20221231,서초구,22521,서초더샵포레,2
20221231,서초구,22523,정자,1
20221231,서초구,22525,반포센트럴푸르지오써밋아파트,1
20221231,서초구,22526,서초더샵포레,2
20221231,서초구,22528,양재시민의숲매헌역입구,1
20221231,서초구,22530,대우효령아파트,1
20221231,서초구,22531,서래마을입구,1
20221231,서초구,22532,강남역9번출구,3
20221231,서초구,22533,반포자이아파트,3
20221231,서초구,22535,임광아파트후문,2
20221231,서초구,22536,방현초교,1
20221231,서초구,22537,세탁소,1
20221231,서초구,22538,현대4차아파트,1
20221231,서초구,22539,반포자이아파트,3
20221231,서초구,22540,서초1동주민센터,1
20221231,서초구,22541,양재시민의숲,1
20221231,서초구,22543,서래마을입구,3
20221231,서초구,22544,팔래스호텔,3
20221231,서초구,22546,반포미도아파트앞,1
20221231,서초구,22547,여의3교,1
20221231,서초구,22548,임광아파트정문,2
20221231,서초구,22549,대성유니드아파트,1
20221231,서초구,22550,서초래미안아파트정문,1
20221231,서초구,22551,뉴코아백화점,2
20221231,서초구,22552,서울교대정문,1
20221231,서초구,22553,일동제약,3
20221231,서초구,22554,롯데캐슬클래식.사랑의교회,1
20221231,서초구,22555,반포래미안아이파크아파트,1
20221231,서초구,22556,언남중고교,2
20221231,서초구,22557,방배3동주민센터,2
20221231,서초구,22558,우리수퍼,1
20221231,서초구,22559,서초래미안아파트남문,1
20221231,서초구,22560,경원중학교,1
20221231,서초구,22561,청호나이스,1
20221231,서초구,22562,구름다리,2
20221231,서초구,22563,서울지방조달청.서울성모병원,2
20221231,서초구,22565,아크로비스타.미도아파트,1
20221231,서초구,22566,방배(백석예술대)역,1
20221231,서초구,22567,잠원역,1
20221231,서초구,22570,주택단지,2
20221231,서초구,22571,국립중앙도서관,2
20221231,서초구,22572,반포1동성당,1
20221231,서초구,22573,여의3교,1
20221231,서초구,22574,방배(백석예술대)역.서초프라자약국,2
20221231,서초구,22575,동덕여고,1
20221231,서초구,22576,이수역4번출구,3
20221231,서초구,22577,신사역,1
20221231,서초구,22578,유원아파트,1
20221231,서초구,22579,서초역2번출구,1
20221231,서초구,22581,국립국악원,1
20221231,서초구,22582,종로교회,2
20221231,서초구,22583,서초푸르지오써밋,1
20221231,서초구,22584,원불교,1
20221231,서초구,22585,일동제약,3
20221231,서초구,22586,방일초등학교,2
20221231,서초구,22587,논현역,1
20221231,서초구,22589,매일상가,1
20221231,서초구,22591,청계산입구역,2
20221231,서초구,22592,예술의전당,1
20221231,서초구,22593,서울교통공사,2
20221231,서초구,22594,경원중학교,1
20221231,서초구,22595,대법원,1
20221231,서초구,22596,롯데캐슬클래식,1
20221231,서초구,22598,청계산입구역,1
20221231,서초구,22599,내방역,2
20221231,서초구,22600,강남역도시에빛,9
20221231,서초구,22601,KT삼거리,2
20221231,서초구,22602,KT연구개발센터정문,3
20221231,서초구,22604,형촌마을입구,5
20221231,서초구,22605,서초호반써밋,6
20221231,서초구,22607,LH서초아파트,4
20221231,서초구,22608,서리풀문화광장,2
20221231,서초구,22609,서초포레스타5단지정문,1
20221231,서초구,22613,서초호반써밋,1
20221231,서초구,22614,서초포레스타3단지후문,1
20221231,서초구,22615,서초힐스아파트,1
20221231,서초구,22616,LH3.4단지,1
20221231,서초구,22631,교보사거리,1
20221231,서초구,22652,강남역서초현대타워앞,6
20221231,서초구,22653,강남역우리은행,8
20221231,서초구,22654,강남역티월드,4
20221231,서초구,22655,LH5단지,1
20221231,서초구,22656,LH3.4단지,1
20221231,서초구,22657,서초힐스아파트,1
20221231,서초구,22667,성촌마을입구,5
20221231,서초구,22694,2호선교대역7번출구,2
20221231,서초구,22711,교대역,1
20221231,서초구,22742,서초경찰서,2
20221231,서초구,22743,원불교,3
20221231,서초구,22759,남부터미널.기쁨병원,1
20221231,서초구,22762,이수교(방배본동),1
20221231,서초구,22763,사당역,1
20221231,서초구,22765,서울교통공사,1
20221231,서초구,22766,임광아파트,1
20221231,서초구,22769,방배동래미안아파트,1
20221231,서초구,22774,삼성전자서울R&D,1
20221231,서초구,22776,사당역13번출구,2
20221231,서초구,22777,KT연구개발센터,2
20221231,서초구,22779,네이처힐.LH서초아파트,4
20221231,서초구,22785,서초호반써밋,1
20221231,서초구,22793,강남고속버스터미널,1
20221231,서초구,22801,내방역제일병원,1
20221231,서초구,22802,대우효령아파트,1
20221231,서초구,22807,한신2차후문,1
20221231,서초구,22808,방배역,1
20221231,서초구,22809,서울고교,1
20221231,서초구,22810,서울고교,1
20221231,서초구,22812,서초아트자이아파트,23
20221231,서초구,22813,서울교육대앞,1
20221231,서초구,22816,남부터미널,1
20221231,서초구,22819,방배반딧불센터,1
20221231,서초구,22822,신사동.더리버사이드호텔,1
20221231,서초구,22823,반포미도아파트앞,1
20221231,서초구,22824,삼풍아파트,1
20221231,서초구,22825,교대역,27
20221231,서초구,22826,프로비스타호텔.서초동유원아파트,1
20221231,서초구,22827,서초아르누보호텔.유원아파트,1
20221231,서초구,22828,삼풍아파트,1
20221231,서초구,22829,반포래미안아이파크아파트,1
20221231,서초구,22832,서초고후문,1
20221231,서초구,22835,우성아파트,3
20221231,서초구,22836,내방역1번출구,2
20221231,서초구,22838,교보타워앞,1
20221231,서초구,22840,잠원역,1
20221231,서초구,22841,동원산업,4
20221231,서초구,22842,서울시인재개발원,1
20221231,서초구,22843,한신2차정문,1
20221231,서초구,22844,미켈란아파트,1
20221231,서초구,22845,롯데칠성,1
20221231,서초구,22847,kt연구소,1
20221231,서초구,22848,오거리,1
20221231,서초구,22849,사당역,1
20221231,서초구,22850,강남역.서초초교앞,1
20221231,서초구,22851,사당역14번출구,6
20221231,서초구,22852,경원중학교,1
20221231,서초구,22854,외교안보연구원.서초구청,2
20221231,서초구,22855,호남고속.신세계,3
20221231,서초구,22856,서울고사거리,1
20221231,서초구,22858,문화예술공원,1
20221231,서초구,22859,강남역.삼성전자,2
20221231,서초구,22860,반포종합운동장,1
20221231,서초구,22861,반포종합운동장,4
20221231,서초구,22862,언남중고교,2
20221231,서초구,22863,서초구청,1
20221231,서초구,22864,경남상가,2
20221231,서초구,22865,제약회관,2
20221231,서초구,22866,진흥아파트,1
20221231,서초구,22867,더케이호텔정문,1
20221231,서초구,22868,황실자이아파트,1
20221231,서초구,22869,우성아파트사거리,2
20221231,서초구,22870,서초역4번출구,1
20221231,서초구,22871,매헌초교,1
20221231,서초구,22872,반포2동주민센터,2
20221231,서초구,22873,방배(백석예술대)역2번출구,1
20221231,서초구,22874,서초그랑자이후문,2
20221231,서초구,22875,유원아파트,1
20221231,서초구,22876,더케이호텔후문,2
20221231,서초구,22877,오거리,1
20221231,서초구,22878,현대렉시온오피스텔.파이낸셜뉴스,2
20221231,서초구,22879,서초역3번출구,3
20221231,서초구,22880,양재근린공원,1
20221231,서초구,22883,방배누리시아웨딩홀,1
20221231,서초구,22884,서초그랑자이정문,1
20221231,서초구,22885,강남역10번출구,1
20221231,서초구,22887,뱅뱅사거리,1
20221231,서초구,22889,언남고,1
20221231,서초구,22890,남부터미널.기쁨병원,2
20221231,서초구,22891,방배그랑자이아파트,1
20221231,서초구,22892,풍림아이원,1
20221231,서초구,22893,하이브랜드.코스트코.이마트,2
20221231,서초구,22894,서초유스센터,2
20221231,서초구,22895,예술의전당,2
20221231,서초구,22897,교대역6번출구,2
20221231,서초구,22899,신중초등학교,2
20221231,서초구,22900,동덕여고,1
20221231,서초구,22901,국제전자센터,1
20221231,서초구,22903,양재역9번출구,8
20221231,서초구,22904,국립국악원,2
20221231,서초구,22905,래미안아파트.파이낸셜뉴스,24
20221231,서초구,22906,삼호아파트,1
20221231,서초구,22907,성지마을입구,1
20221231,서초구,22908,남부터미널.한일시멘트,1
20221231,서초구,22909,양재역엘타워빌딩,8
20221231,서초구,22910,서초1동사무소,1
20221231,서초구,22911,양재시민의숲매헌역입구,1
20221231,서초구,22912,방배빌딩,2
20221231,서초구,22913,서래초등학교,1
20221231,서초구,22915,복지관,1
20221231,서초구,22916,삼환아파트,2
20221231,서초구,22917,세빛섬,1
20221231,서초구,22918,세빛섬,1
20221231,서초구,22919,양재역커피빈앞,13
20221231,서초구,22920,교육개발원입구사거리,1
20221231,서초구,22921,교대역.법원검찰청,1
20221231,서초구,22922,서초고후문,2
20221231,서초구,22923,상문고등학교.수표교교회,2
20221231,서초구,22924,빛교회.이수중앙시장,3
20221231,서초구,22925,현대캐피탈,1
20221231,서초구,22926,본마을노인복지센터,1
20221231,서초구,22927,본마을노인복지센터,1
20221231,서초구,22928,방배열린문화센터.가야치과병원,1
20221231,서초구,22929,카페골목입구,3
20221231,서초구,22930,원불교,1
20221231,서초구,22931,방배열린문화센터(방배4동주민센터),1
20221231,서초구,22932,노인정,2
20221231,서초구,22933,뉴코아백화점,1
20221231,서초구,22934,함지박사거리,1
20221231,서초구,22935,청호나이스,1
20221231,서초구,22936,코오롱아파트,2
20221231,서초구,22937,이수역2번출구,2
20221231,서초구,22938,HCN서초방송,1
20221231,서초구,22939,서초포레스타3단지후문,1
20221231,서초구,22940,서울교대,1
20221231,서초구,22941,삼성딜라이트,1
20221231,서초구,22942,유경약국,1
20221231,서초구,22943,고속터미널,1
20221231,서초구,22944,서래마을,1
20221231,서초구,22945,서초1동주민센터,1
20221231,서초구,22946,삽준네마을,2
20221231,서초구,22947,남부시장,1
20221231,서초구,22949,교총회관,2
20221231,서초구,22950,롯데캐슬헤론아파트,1
20221231,서초구,22956,서래마을입구,1
20221231,서초구,22959,서래마을.서래글로벌빌리지센터,1
20221231,서초구,22961,서초문화예술정보학교후문,1
20221231,서초구,22962,송동마을.서초힐스아파트,6
20221231,서초구,22963,효성빌라,1
20221231,서초구,22966,방배중학교,1
20221231,서초구,22968,필리핀대사관,1
20221231,서초구,22969,서초고후문,1
20221231,서초구,22970,방배4동성당,1
20221231,서초구,22972,함지박사거리,1
20221231,서초구,22973,구룡사입구,1
20221231,서초구,22974,서울남부터미널,1
20221231,서초구,22975,서문여고,2
20221231,서초구,22976,카페골목입구,3
20221231,서초구,22977,반포종합운동장,3
20221231,서초구,22979,서울교통공사,3
20221231,서초구,22980,서초구청맞은편,2
20221231,서초구,22981,방배(백석예술대)역.3번출구,2
20221231,서초구,22982,서초롯데캐슬프레지던트아파트,1
20221231,서초구,22983,대검찰청.서초경찰서,2
20221231,서초구,22984,불교TV.서초어린이집,2
20221231,서초구,22985,구룡사거리,4
20221231,서초구,22986,서이초등학교,2
20221231,서초구,22987,서울고사거리,2
20221231,서초구,22989,사당역12번출구,6
20221231,서초구,22990,삼성래미안.이수역방향,2
20221231,서초구,22992,더미켈란아파트,3
20221231,서초구,22993,서울성모병원.서울지방조달청,3
20221231,서초구,22994,아크로비스타,2
20221231,서초구,22996,서초성당,1
20221231,서초구,22997,강남역나라빌딩앞,11
20221231,서초구,22999,양재역신한은행앞,3
20221231,강남구,23101,신사중학교,7
20221231,강남구,23102,신사중학교,8
20221231,강남구,23103,광림교회.현대고등학교,7
20221231,강남구,23104,광림교회.현대고등학교,7
20221231,강남구,23105,압구정역4번출구,5
20221231,강남구,23106,국민은행,5
20221231,강남구,23107,신사동고개,5
20221231,강남구,23108,신사역8번출구.가로수길,8
20221231,강남구,23109,신사역6번출구,4
20221231,강남구,23110,신사역3번출구,11
20221231,강남구,23111,신사역1번출구,9
20221231,강남구,23112,신사동고개,8
20221231,강남구,23113,강남을지병원,6
20221231,강남구,23114,학동역,5
20221231,강남구,23115,논현동사거리.학동역,5
20221231,강남구,23116,영동시장,5
20221231,강남구,23117,영동시장,5
20221231,강남구,23118,논현동사거리.학동역,5
20221231,강남구,23119,논현동고개,5
20221231,강남구,23120,삼정호텔,2
20221231,강남구,23121,신논현역,2
20221231,강남구,23122,교보타워,3
20221231,강남구,23123,영동시장논현역,3
20221231,강남구,23124,언북중학교입구,3
20221231,강남구,23125,제일은행.호림아트센터앞,4
20221231,강남구,23126,영동119안전센터,2
20221231,강남구,23127,강남구청역,5
20221231,강남구,23128,강남구청역,4
20221231,강남구,23129,세관앞,3
20221231,강남구,23130,서울세관,1
20221231,강남구,23131,서울세관,2
20221231,강남구,23132,학동역,4
20221231,강남구,23133,강남을지병원,4
20221231,강남구,23134,세관앞,4
20221231,강남구,23135,강남구청역,4
20221231,강남구,23136,한국토지주택공사앞,4
20221231,강남구,23137,선정릉역1번출구.시니어플라자,2
20221231,강남구,23138,아크로힐스논현,2
20221231,강남구,23139,논현아이파크,3
20221231,강남구,23140,임피리얼팰리스호텔.펜트힐루논현,3
20221231,강남구,23141,펜트힐루논현.임피리얼팰리스호텔,4
20221231,강남구,23142,논현아이파크,4
20221231,강남구,23143,국민은행논현동지점,2
20221231,강남구,23144,언주역4번출구.차병원사거리,1
20221231,강남구,23145,언주역3번출구,3
20221231,강남구,23146,논현고개,3
20221231,강남구,23147,서울세관사거리,2
20221231,강남구,23148,현대아파트,11
20221231,강남구,23149,현대아파트,12
20221231,강남구,23150,고속철도수서역,22
20221231,강남구,23151,신사동교회,3
20221231,강남구,23152,도산공원.호림아트센터앞,1
20221231,강남구,23153,신구중학교,3
20221231,강남구,23154,압구정중고등학교.현대아파트,3
20221231,강남구,23155,도산공원사거리,5
20221231,강남구,23156,압구정파출소,9
20221231,강남구,23157,압구정파출소,10
20221231,강남구,23158,한양아파트.압구정로데오역,10
20221231,강남구,23159,한양아파트.압구정로데오역,11
20221231,강남구,23160,일지아트홀,5
20221231,강남구,23161,씨네시티앞,5
20221231,강남구,23162,도산공원,3
20221231,강남구,23163,신구중학교,3
20221231,강남구,23164,성수대교남단.현대아파트,4
20221231,강남구,23165,청담초등학교,4
20221231,강남구,23166,프리마호텔,10
20221231,강남구,23167,프리마호텔,12
20221231,강남구,23168,영동교입구.청담자이아파트,5
20221231,강남구,23169,영동교입구,8
20221231,강남구,23170,청담역.경기고교,12
20221231,강남구,23171,우리은행청담지점.청담삼익아파트,10
20221231,강남구,23172,청담역.경기고교,6
20221231,강남구,23173,진흥아파트,6
20221231,강남구,23174,청담천주교회,4
20221231,강남구,23175,청담2치안센터,3
20221231,강남구,23176,강남구청.강남세무서,7
20221231,강남구,23177,청담동래미안아파트,7
20221231,강남구,23178,강남구청역,5
20221231,강남구,23179,프라마호텔,1
20221231,강남구,23180,농협앞,2
20221231,강남구,23181,일지아트홀.압구정동노인복지센터,8
20221231,강남구,23182,청담초등학교앞,8
20221231,강남구,23183,청담2치안센터,3
20221231,강남구,23184,청담동성당앞,3
20221231,강남구,23185,차병원차움,1
20221231,강남구,23186,진흥아파트청담역,6
20221231,강남구,23187,청담역.경기고교,6
20221231,강남구,23188,청담역.경기고교,12
20221231,강남구,23189,봉은사.삼성1파출소앞,18
20221231,강남구,23190,봉은사.코엑스북문,3
20221231,강남구,23191,봉은사.코엑스북문,6
20221231,강남구,23192,봉은사역3번출구.삼성1파출소,17
20221231,강남구,23193,봉은사역5번출구.광동한방병원,2
20221231,강남구,23194,노블발렌티웨딩홀,1
20221231,강남구,23195,서울의료원강남분원,2
20221231,강남구,23196,강남경찰서면허시험장,23
20221231,강남구,23197,삼성역7번출구,20
20221231,강남구,23198,무역센터,20
20221231,강남구,23199,무역센터,12
20221231,강남구,23200,강남보건소.강남구립국제교육원,4
20221231,강남구,23201,한국무역센터.삼성역,24
20221231,강남구,23202,포스코사거리,9
20221231,강남구,23203,한별구립어린이집,9
20221231,강남구,23204,센트럴아이파크.강남구도시관리공단,4
20221231,강남구,23205,삼성동서광아파트,7
20221231,강남구,23206,강남구청.강남세무서,7
20221231,강남구,23207,청담역,3
20221231,강남구,23208,센트럴아이파크.강남구도시관리공단,3
20221231,강남구,23209,한별구립어린이집,4
20221231,강남구,23210,삼성중앙역.플래티넘아파트,3
20221231,강남구,23211,삼성중앙역.플래티넘아파트,3
20221231,강남구,23212,삼성2문화센터,3
20221231,강남구,23213,라마다서울호텔앞,3
20221231,강남구,23214,선릉역.선정릉정문,5
20221231,강남구,23215,선정릉역.무형문화재전수회관,4
20221231,강남구,23216,한국토지주택공사앞,4
20221231,강남구,23217,포스코건너편,16
20221231,강남구,23218,선릉역,17
20221231,강남구,23219,도곡역2번출구.동부센트레빌,8
20221231,강남구,23220,중대부고,7
20221231,강남구,23221,단대부고.대치아이파크아파트,6
20221231,강남구,23222,한티역3번출구.서울강남고용노동지청,7
20221231,강남구,23223,삼성아파트입구,7
20221231,강남구,23224,농협대치지점,9
20221231,강남구,23225,대치SK.VIEW아파트.서울교회,9
20221231,강남구,23226,대치역1번출구,10
20221231,강남구,23227,래미안대치팰리스,10
20221231,강남구,23228,도곡역3번출구,9
20221231,강남구,23229,대치동우성아파트,9
20221231,강남구,23230,대치역8번출구,8
20221231,강남구,23231,대치역7번출구.선경아파트,8
20221231,강남구,23232,그랑프리백화점,4
20221231,강남구,23233,은마아파트,8
20221231,강남구,23234,은마파출소,4
20221231,강남구,23235,은마아파트,2
20221231,강남구,23236,대치동은마아파트,13
20221231,강남구,23237,은마아파트,8
20221231,강남구,23238,대치동미도아파트,8
20221231,강남구,23239,대치역6번출구.강남구민회관,8
20221231,강남구,23240,쌍용아파트,14
20221231,강남구,23241,선릉역,2
20221231,강남구,23242,삼성역,15
20221231,강남구,23243,강남경찰서.강남운전면허시험장,18
20221231,강남구,23244,삼성역,7
20221231,강남구,23245,휘문고.대치2동주민센터,11
20221231,강남구,23246,래미안하이스턴.대치순복음교회,2
20221231,강남구,23247,대치현대아파트,5
20221231,강남구,23248,휘문중고등학교,4
20221231,강남구,23249,휘문중고등학교,6
20221231,강남구,23250,대치사거리,4
20221231,강남구,23251,한국무역센터.삼성역,18
20221231,강남구,23252,한티역,7
20221231,강남구,23253,도성초등학교,5
20221231,강남구,23254,도성초교사거리,2
20221231,강남구,23255,영동농협풍림아이원아파트,2
20221231,강남구,23256,영동농협풍림아이원아파트,2
20221231,강남구,23257,도성초교사거리,2
20221231,강남구,23258,진선여자중고등학교,6
20221231,강남구,23259,선릉역,19
20221231,강남구,23260,포스코빌딩,15
20221231,강남구,23261,대치사거리,2
20221231,강남구,23262,대치동현대아파트,5
20221231,강남구,23263,은마아파트입구사거리,6
20221231,강남구,23264,도곡초등학교,6
20221231,강남구,23265,한티역2번출구.서울강남고용노동지청,6
20221231,강남구,23266,신논현역,2
20221231,강남구,23267,삼정호텔앞,1
20221231,강남구,23268,차병원,6
20221231,강남구,23269,차병원,3
20221231,강남구,23270,언주역5번출구.차병원사거리,2
20221231,강남구,23271,시티프라디움더강남.라움아트센터,3
20221231,강남구,23272,라움아트센터.시티프라디움더강남,2
20221231,강남구,23273,아크로힐스논현,2
20221231,강남구,23274,선정릉역4번출구.시니어플라자,1
20221231,강남구,23275,선정릉역.무형문화재전수회관,5
20221231,강남구,23276,선릉역,5
20221231,강남구,23277,서울상록회관.한국기술센터,14
20221231,강남구,23278,KT강남지사,3
20221231,강남구,23279,KT강남지사,3
20221231,강남구,23280,아가방빌딩.하나은행,9
20221231,강남구,23281,역삼역.GS타워,3
20221231,강남구,23282,역삼역,5
20221231,강남구,23283,역삼역,19
20221231,강남구,23284,강남역12번출구,17
20221231,강남구,23285,강남역,4
20221231,강남구,23286,신논현역.구교보타워사거리,4
20221231,강남구,23287,강남역.역삼세무서,25
20221231,강남구,23288,역삼역.포스코타워역삼,21
20221231,강남구,23289,영동중앙교회,4
20221231,강남구,23290,강남보건소.강남구립국제교육원,4
20221231,강남구,23291,역삼럭키아파트.역삼월드메르디앙아파트,5
20221231,강남구,23292,역삼초등학교,1
20221231,강남구,23293,역삼초등학교,1
20221231,강남구,23294,뱅뱅사거리.역삼동,5
20221231,강남구,23295,역삼초등학교,2
20221231,강남구,23296,역삼2동주민센터.대림역삼아파트,5
20221231,강남구,23297,래미안.그레이튼.아파트,4
20221231,강남구,23298,역삼자이아파트,3
20221231,강남구,23299,역삼동성당.역삼자이아파트,3
20221231,강남구,23300,역삼동개나리아파트,5
20221231,강남구,23301,역삼동개나리아파트,3
20221231,강남구,23302,총지사,3
20221231,강남구,23303,총지사,2
20221231,강남구,23304,영동중앙교회,4
20221231,강남구,23305,한서병원,9
20221231,강남구,23306,한국자산신탁.센터필드,14
20221231,강남구,23307,진선여자중고등학교,6
20221231,강남구,23308,역삼e-편한세상아파트,8
20221231,강남구,23309,한티역,7
20221231,강남구,23310,한티역7번출구,7
20221231,강남구,23311,역삼중학교.강남세브란스병원,7
20221231,강남구,23312,도곡1차아이파크.역삼청소년수련관,5
20221231,강남구,23313,총지사,3
20221231,강남구,23314,도곡1동주민센터.역삼럭키아파트,5
20221231,강남구,23315,도곡1차아이파크.도곡중학교,5
20221231,강남구,23316,매봉삼성아파트SK리더스뷰,9
20221231,강남구,23317,매봉역양재최의원,10
20221231,강남구,23318,양재역말죽거리.강남베드로병원,15
20221231,강남구,23319,뱅뱅사거리.구영동중학교,6
20221231,강남구,23320,고속철도수서역,14
20221231,강남구,23321,뱅뱅사거리뱅뱅프라자,5
20221231,강남구,23322,원불교앞,3
20221231,강남구,23323,매봉역,10
20221231,강남구,23324,도곡개포한신아파트,8
20221231,강남구,23325,도곡동개포한신아파트,4
20221231,강남구,23326,우성캐릭터빌아파트,4
20221231,강남구,23327,군인공제회관,9
20221231,강남구,23328,선정릉역라마다서울호텔,1
20221231,강남구,23329,숙명여고,7
20221231,강남구,23330,도곡렉슬아파트.강남세브란스병원,5
20221231,강남구,23331,한티역6번출구,5
20221231,강남구,23332,도곡렉슬아파트정문,5
20221231,강남구,23333,중대부고앞,6
20221231,강남구,23334,구룡중학교앞,6
20221231,강남구,23335,개포고등학교앞,8
20221231,강남구,23336,개포1단지,8
20221231,강남구,23338,개포파크빌리지,7
20221231,강남구,23339,하나은행사거리,7
20221231,강남구,23340,현대아파트경남아파트,6
20221231,강남구,23341,우성3차아파트,3
20221231,강남구,23342,개일초등학교앞,4
20221231,강남구,23343,개포고등학교,6
20221231,강남구,23344,개포1단지연금매장,6
20221231,강남구,23345,래미안블레스티지아파트,5
20221231,강남구,23346,개포도서관,3
20221231,강남구,23347,수도전기공고후문,3
20221231,강남구,23348,수도전기공고후문,3
20221231,강남구,23349,디에이치아너힐즈,4
20221231,강남구,23350,주공4단지,5
20221231,강남구,23351,경기여고,8
20221231,강남구,23352,개포동역.개포시장,9
20221231,강남구,23353,개포주공5단지경기여고,9
20221231,강남구,23354,개포동역.개포시장,9
20221231,강남구,23355,개포시장.개포5단지상가,2
20221231,강남구,23356,개포시장.개포5단지상가,2
20221231,강남구,23357,양전초등학교,2
20221231,강남구,23358,개포6단지앞,2
20221231,강남구,23359,디에이치자이개포아파트,4
20221231,강남구,23360,개원중학교,10
20221231,강남구,23361,개포주공7단지앞,9
20221231,강남구,23362,연금매점,12
20221231,강남구,23363,현대아파트,4
20221231,강남구,23364,개포래미안포레스트,7
20221231,강남구,23365,능인선원앞,4
20221231,강남구,23366,구룡산입구,3
20221231,강남구,23367,능인선원앞,4
20221231,강남구,23368,구룡사입구,8
20221231,강남구,23369,국악고교사거리,7
20221231,강남구,23370,삼호물산,7
20221231,강남구,23371,구룡초등학교,1
20221231,강남구,23372,광수빌딩,1
20221231,강남구,23373,국민은행그린공원,2
20221231,강남구,23374,포이사거리삼호물산,2
20221231,강남구,23375,포이사거리삼호물산,2
20221231,강남구,23376,국민은행그린공원,2
20221231,강남구,23377,광수빌딩,3
20221231,강남구,23378,개포4동주민센터개포지구대,3
20221231,강남구,23379,구룡초등학교,3
20221231,강남구,23380,수서삼성아파트앞,10
20221231,강남구,23381,일원본동주민센터,10
20221231,강남구,23382,푸른마을아파트앞,10
20221231,강남구,23383,상록수아파트앞,9
20221231,강남구,23384,일원본동주민센터,10
20221231,강남구,23385,수서119.안전센터앞,10
20221231,강남구,23386,삼성서울병원정문,4
20221231,강남구,23387,삼성서울병원정문건너편,5
20221231,강남구,23388,일원역,3
20221231,강남구,23389,삼성서울병원후문,6
20221231,강남구,23390,글래드라이브강남호텔,1
20221231,강남구,23391,을지병원포포인츠강남&호텔선샤인,1
20221231,강남구,23392,삼성서울병원사거리,7
20221231,강남구,23393,강남한양수자인아파트,3
20221231,강남구,23394,강남한양수자인아파트,3
20221231,강남구,23395,대치아파트,12
20221231,강남구,23397,대청역,2
20221231,강남구,23398,마루공원,1
20221231,강남구,23399,대청초등학교,1
20221231,강남구,23400,일원1동주민센터,2
20221231,강남구,23401,수서역현대벤쳐빌,3
20221231,강남구,23402,수서역,6
20221231,강남구,23403,수서역KT수서지점,2
20221231,강남구,23404,수서역KT수서지점,11
20221231,강남구,23405,세곡문화복지관,4
20221231,강남구,23406,궁마을,11
20221231,강남구,23407,궁마을,11
20221231,강남구,23408,수서역,21
20221231,강남구,23409,수서역5번출구,12
20221231,강남구,23410,수서역.로즈데일빌딩,14
20221231,강남구,23411,세곡문화복지회관,7
20221231,강남구,23412,은곡마을.LH이편한세상,9
20221231,강남구,23413,강남신동아파밀리에1단지,6
20221231,강남구,23414,대왕초등학교,5
20221231,강남구,23415,세곡동사거리,11
20221231,강남구,23416,세곡동,6
20221231,강남구,23417,광연자동차학원앞,8
20221231,강남구,23418,삼일자동차학원.강남자동차검사소,8
20221231,강남구,23419,삼일자동차학원.강남자동차검사소,8
20221231,강남구,23420,광연자동차학원앞,8
20221231,강남구,23421,세곡동,4
20221231,강남구,23422,세곡동사거리,12
20221231,강남구,23423,방죽마을,12
20221231,강남구,23424,래미안포레아파트,14
20221231,강남구,23425,쟁골마을,15
20221231,강남구,23426,쟁골마을,14
20221231,강남구,23427,래미안포레아파트,14
20221231,강남구,23428,방죽마을,12
20221231,강남구,23429,압구정역3번출구,5
20221231,강남구,23430,국민은행압구정지점,5
20221231,강남구,23431,언주역2번출구.차병원사거리,4
20221231,강남구,23432,영동고교앞,5
20221231,강남구,23433,개포우성6차아파트,2
20221231,강남구,23434,은곡마을진입로,8
20221231,강남구,23435,탄천교,2
20221231,강남구,23436,우성아파트,2
20221231,강남구,23437,세곡푸르지오,6
20221231,강남구,23438,삼성역,12
20221231,강남구,23439,세곡푸르지오,6
20221231,강남구,23442,세곡2지구3.4단지,3
20221231,강남구,23445,개포우성아파트,4
20221231,강남구,23446,래미안강남힐즈,5
20221231,강남구,23447,세곡중학교.세명초등학교,4
20221231,강남구,23448,세곡중학교.세명초등학교,5
20221231,강남구,23449,일원동한솔아파트,8
20221231,강남구,23450,시립수서청소년수련관,10
20221231,강남구,23453,포스코사거리,2
20221231,강남구,23454,대왕초등학교,3
20221231,강남구,23456,그랑프리백화점,6
20221231,강남구,23457,개포중학교,7
20221231,강남구,23458,구룡마을,4
20221231,강남구,23459,개포주공1단지아파트,7
20221231,강남구,23462,영희초등학교,2
20221231,강남구,23463,못골마을.강남자곡아이파크,4
20221231,강남구,23464,못골마을,5
20221231,강남구,23465,태화기독교.사회복지관,10
20221231,강남구,23466,개포도서관,3
20221231,강남구,23468,도곡교회.인바디빌딩,4
20221231,강남구,23469,강남세브란스병원,2
20221231,강남구,23470,도곡교회.인바디빌딩.건너,4
20221231,강남구,23471,래미안강남힐즈,4
20221231,강남구,23472,도곡중학교.강남세브란스병원,2
20221231,강남구,23473,강남경찰서.강남운전면허시험장,10
20221231,강남구,23474,수도공고앞,1
20221231,강남구,23475,개포4단지5단지,1
20221231,강남구,23476,개포4단지6단지,1
20221231,강남구,23477,개포4단지7단지,1
20221231,강남구,23479,개포동역,1
20221231,강남구,23480,세곡푸르지오,4
20221231,강남구,23481,경남아파트,3
20221231,강남구,23482,세곡푸르지오,5
20221231,강남구,23483,구룡역,1
20221231,강남구,23484,구룡역,1
20221231,강남구,23488,럭키아파트,4
20221231,강남구,23489,래미안개포루체하임아파트,2
20221231,강남구,23491,수도공고,1
20221231,강남구,23492,개포4단지6단지,1
20221231,강남구,23493,개포4단지5단지,1
20221231,강남구,23500,학여울역,3
20221231,강남구,23501,학여울역,3
20221231,강남구,23504,도곡한신아파트,4
20221231,강남구,23505,현대1차아파트,3
20221231,강남구,23507,영동고등학교현대아파트,5
20221231,강남구,23508,개포4단지7단지,1
20221231,강남구,23509,총회회관.휘문고입구,14
20221231,강남구,23510,예림당아트홀.신한은행전산센터,3
20221231,강남구,23511,새마을운동중앙회,14
20221231,강남구,23512,총지사,2
20221231,강남구,23513,신한은행데이터센터,2
20221231,강남구,23514,포스코사거리,2
20221231,강남구,23515,우성3차아파트,3
20221231,강남구,23516,우성6차아파트,2
20221231,강남구,23517,포이초교,2
20221231,강남구,23518,국악중고교,2
20221231,강남구,23519,풍양빌딩,2
20221231,강남구,23520,코원에너지서비스,3
20221231,강남구,23521,코원에너지서비스,3
20221231,강남구,23522,현대1차우성아파트,3
20221231,강남구,23523,포스코사거리,3
20221231,강남구,23524,국민은행그린공원,1
20221231,강남구,23525,삼익아파트앞,2
20221231,강남구,23526,래미안포레아파트,3
20221231,강남구,23527,래미안포레아파트,3
20221231,강남구,23528,세곡2지구3.4단지,3
20221231,강남구,23529,도곡한신아파트,2
20221231,강남구,23530,강남더샵라르고오피스텔,4
20221231,강남구,23531,한남대교전망카페,12
20221231,강남구,23532,서울의료원후문,1
20221231,강남구,23533,구룡마을,2
20221231,강남구,23536,학동역,1
20221231,강남구,23537,은곡마을.강남신동아파밀리에,10
20221231,강남구,23538,강남현대힐스테이트에코,5
20221231,강남구,23543,대왕초등학교,3
20221231,강남구,23544,수서역5번출구.이마트앞,4
20221231,강남구,23545,달터공원,1
20221231,강남구,23546,일원역,1
20221231,강남구,23552,삼성서울병원정문,1
20221231,강남구,23557,국민은행,1
20221231,강남구,23558,삼성의료원,1
20221231,강남구,23562,한아름아파트.사이룩스오피스텔,2
20221231,강남구,23564,암센터후문.장례식장,1
20221231,강남구,23569,암센터정문,1
20221231,강남구,23572,신분당선.강남역4번출구,13
20221231,강남구,23573,영동2교,2
20221231,강남구,23575,강남교육청,1
20221231,강남구,23579,래미안루체하임.일원동맛의거리,1
20221231,강남구,23580,신논현역,6
20221231,강남구,23586,영희초등학교,2
20221231,강남구,23595,개포동역,1
20221231,강남구,23597,강남우체국,2
20221231,강남구,23598,도성초등학교앞,1
20221231,강남구,23600,일원2동주민센터.수서경찰서,2
20221231,강남구,23629,LH이-편한세상,1
20221231,강남구,23641,신논현역,4
20221231,강남구,23697,동영문화센터,1
20221231,강남구,23698,도곡2동주민센터대치중학교,2
20221231,강남구,23720,도곡2동주민센터대치중학교,2
20221231,강남구,23728,대청역,2
20221231,강남구,23731,영동2교,2
20221231,강남구,23738,강남세브란스병원,1
20221231,강남구,23741,삼성역,2
20221231,강남구,23749,매봉역입구,2
20221231,강남구,23756,역삼청소년수련관.도곡1차아이파크,1
20221231,강남구,23766,엠네트음악방송국,3
20221231,강남구,23781,삼성역,1
20221231,강남구,23801,코엑스도심공항,1
20221231,강남구,23804,삼성역그랜드인터컨티넨탈,2
20221231,강남구,23806,포스코사거리,1
20221231,강남구,23811,역삼역,1
20221231,강남구,23812,역삼역,1
20221231,강남구,23813,강남역,1
20221231,강남구,23814,강남역12번출구,1
20221231,강남구,23815,영희초등학교정문,1
20221231,강남구,23816,봉은사역코엑스인터컨티넨탈,1
20221231,강남구,23818,코엑스동문,2
20221231,강남구,23819,일원지구대,1
20221231,강남구,23822,대청초교삼거리,1
20221231,강남구,23823,대청초교삼거리,1
20221231,강남구,23827,양재역,1
20221231,강남구,23828,도곡동,1
20221231,강남구,23829,타워펠리스,1
20221231,강남구,23830,대치동,1
20221231,강남구,23831,학여울역,1
20221231,강남구,23832,개포동,1
20221231,강남구,23838,학여울역,1
20221231,강남구,23839,대치동,1
20221231,강남구,23840,타워펠리스,1
20221231,강남구,23841,양재역,1
20221231,강남구,23842,신사동,1
20221231,강남구,23843,미성아파트,1
20221231,강남구,23844,리베라호텔,4
20221231,강남구,23848,압구정역,1
20221231,강남구,23855,노블발렌티웨딩홀,1
20221231,강남구,23856,양재전화국,1
20221231,강남구,23857,대치2동주민센터.래미안하이스턴,2
20221231,강남구,23858,봉은사역.삼성래미안아파트,1
20221231,강남구,23863,강남구민체육관,1
20221231,강남구,23866,LPG가스충전소,1
20221231,강남구,23871,수서역,1
20221231,강남구,23872,일원1동주민센터,1
20221231,강남구,23874,일원지구대,1
20221231,강남구,23876,동영문화센터,1
20221231,강남구,23877,영희초등학교,1
20221231,강남구,23878,삼성서울병원정문건너편,1
20221231,강남구,23880,일원역,1
20221231,강남구,23883,강남더드림병원.도성초등학교,1
20221231,강남구,23884,대왕파출소,3
20221231,강남구,23885,언주역삼정&베스트웨스턴강남,1
20221231,강남구,23893,강남신동아파밀리에2단지,1
20221231,강남구,23896,한신휴플러스6단지,1
20221231,강남구,23900,강남역,2
20221231,강남구,23901,르메르디앙호텔.노보텔,1
20221231,강남구,23902,삼정호텔,1
20221231,강남구,23903,선릉과정릉.라마다서울호텔,1
20221231,강남구,23904,봉은사.롯데면세점,1
20221231,강남구,23905,코엑스.에스엠타운,1
20221231,강남구,23906,삼성역,1
20221231,강남구,23907,SM엔터테인먼트,1
20221231,강남구,23908,한류스타거리,1
20221231,강남구,23909,압구정로데오,1
20221231,강남구,23910,강남관광정보센터,1
20221231,강남구,23911,중동고등학교,2
20221231,강남구,23912,역삼아르누보&조선팰리스강남,1
20221231,강남구,23913,가로수길,1
20221231,강남구,23917,영희초등학교후문,1
20221231,강남구,23918,양재역4번출구,8
20221231,강남구,23920,양재역.종합복지관,4
20221231,강남구,23921,양재역5번출구,2
20221231,강남구,23922,삼성역7번출구,1
20221231,강남구,23923,삼성역7번출구,1
20221231,강남구,23924,도곡중학교.강남세브란스병원,1
20221231,강남구,23925,역삼2동주민센터.래미안그레이튼아파트,1
20221231,강남구,23930,신논현역르메르디앙서울호텔,1
20221231,강남구,23931,노보텔앰배서더호텔,1
20221231,강남구,23933,방죽마을입구,1
20221231,강남구,23937,방죽마을입구,1
20221231,강남구,23938,한신휴플러스6단지,1
20221231,강남구,23940,LH이-편한세상,1
20221231,강남구,23941,은곡마을,2
20221231,강남구,23942,상업지역,2
20221231,강남구,23943,강남신동아파밀리에,1
20221231,강남구,23944,세종고등학교,1
20221231,강남구,23946,세곡푸르지오,1
20221231,강남구,23947,세곡푸르지오,1
20221231,강남구,23948,상업지역,1
20221231,강남구,23949,은곡마을,1
20221231,강남구,23950,강남스포츠문화센터,1
20221231,강남구,23951,삼정호텔,1
20221231,강남구,23958,리엔파크3단지,2
20221231,강남구,23960,포스코사거리,2
20221231,강남구,23961,서울요양원.강남구립행복요양병원,2
20221231,강남구,23962,LH이편한세상,1
20221231,강남구,23963,강남데시앙포레정문,1
20221231,강남구,23964,강남데시앙포레상가앞,1
20221231,강남구,23965,강남더샵포레스트아파트,1
20221231,강남구,23967,강남신동아파밀리에1단지,2
20221231,강남구,23968,강남더샵포레스트아파트,1
20221231,강남구,23969,강남데시앙포레상가앞,1
20221231,강남구,23970,강남데시앙포레정문,1
20221231,강남구,23971,수서교회.수서동성당앞,1
20221231,강남구,23972,수서교회.수서동성당앞,1
20221231,강남구,23981,삼성서울병원사거리,6
20221231,강남구,23993,강남신동아파밀리에2단지,2
20221231,강남구,23994,일원주유소.삼성서울병원후문,7
20221231,강남구,23995,리엔파크4단지.강남데시앙파크,2
20221231,송파구,24001,잠실역.잠실대교.남단,23
20221231,송파구,24002,잠실역.잠실대교.남단,29
20221231,송파구,24003,석촌호수.한솔병원,38
20221231,송파구,24004,석촌호수.한솔병원,40
20221231,송파구,24005,석촌역,34
20221231,송파구,24006,석촌역,35
20221231,송파구,24007,송파역,37
20221231,송파구,24008,송파역,36
20221231,송파구,24009,가락시장.가락시장역,47
20221231,송파구,24010,가락시장.가락시장역,38
20221231,송파구,24011,문정로데오거리입구,27
20221231,송파구,24012,문정로데오거리입구,27
20221231,송파구,24013,문정법조단지.건영아파트,31
20221231,송파구,24014,문정법조단지.건영아파트,31
20221231,송파구,24015,장지역.가든파이브,34
20221231,송파구,24016,장지역.가든파이브,32
20221231,송파구,24017,잠실역.롯데월드몰,6
20221231,송파구,24050,잠실광역환승센터,43
20221231,송파구,24101,천호역.풍납시장,14
20221231,송파구,24102,풍납1치안센터입구,2
20221231,송파구,24103,파크데일아파트2단지앞,2
20221231,송파구,24104,파크데일아파트1단지앞,2
20221231,송파구,24105,풍납1동동아한가람아파트,1
20221231,송파구,24106,풍납동신성노바빌,1
20221231,송파구,24107,풍납동씨티극동아파트,1
20221231,송파구,24108,풍납토성,1
20221231,송파구,24109,영파여고.강동구청역,14
20221231,송파구,24110,풍납동극동.쌍용아파트,17
20221231,송파구,24111,풍납중학교,1
20221231,송파구,24112,풍성중학교.잠실올림픽아이파크,3
20221231,송파구,24113,울산대학교의과대학,3
20221231,송파구,24114,서울아산병원동관,1
20221231,송파구,24115,서울아산병원동관,3
20221231,송파구,24116,풍납토성서성벽,1
20221231,송파구,24117,송파두산위브.송파소방서,2
20221231,송파구,24118,송파두산위브.송파소방서,1
20221231,송파구,24119,토성초등학교.현대리버빌아파트,1
20221231,송파구,24120,풍납동영어체험마을,1
20221231,송파구,24121,올림픽대교남단,5
20221231,송파구,24122,마천역.송파파크센트럴,3
20221231,송파구,24123,잠실파크리오아파트상가.올림픽회관,11
20221231,송파구,24124,잠실파크리오아파트앞,5
20221231,송파구,24125,잠실나루역,5
20221231,송파구,24126,잠실진주아파트,9
20221231,송파구,24127,몽촌토성역,5
20221231,송파구,24128,신천동진주아파트,8
20221231,송파구,24129,잠실나루역,9
20221231,송파구,24130,잠실중학교.장미종합상가,6
20221231,송파구,24131,잠실중학교,9
20221231,송파구,24132,잠실역8번출구,13
20221231,송파구,24133,잠실역,12
20221231,송파구,24134,잠실역1번.11번출구,16
20221231,송파구,24135,잠실역9번출구,4
20221231,송파구,24136,송파구청.방이맛골,5
20221231,송파구,24137,잠실역,10
20221231,송파구,24138,잠실역.롯데월드,22
20221231,송파구,24139,잠실5단지,13
20221231,송파구,24140,잠실리센츠아파트앞,10
20221231,송파구,24141,잠실새내역.잠실2동주민센터,14
20221231,송파구,24142,잠실엘스아파트앞,24
20221231,송파구,24143,종합운동장사거리,16
20221231,송파구,24144,잠실종합운동장,26
20221231,송파구,24145,잠실트리지움아파트앞,24
20221231,송파구,24146,잠실역.롯데월드,17
20221231,송파구,24147,갤러리아팰리스,3
20221231,송파구,24148,잠실트리지움,4
20221231,송파구,24149,영동일고레이크팰리스앞,4
20221231,송파구,24150,영동일고트리지움APT정문앞,4
20221231,송파구,24151,위례포레샤인15단지,2
20221231,송파구,24152,잠실트리지움,3
20221231,송파구,24153,잠실119안전센터,3
20221231,송파구,24154,잠실종합운동장,29
20221231,송파구,24155,아시아선수촌아파트,4
20221231,송파구,24156,아주중학교,2
20221231,송파구,24157,종합운동장사거리,18
20221231,송파구,24158,잠실새내역4번출구,25
20221231,송파구,24159,영빌딩앞,2
20221231,송파구,24160,잠실우성4차현대아파트,4
20221231,송파구,24161,잠실우성4차현대아파트,4
20221231,송파구,24162,잠실근린공원.성현교회,4
20221231,송파구,24163,아시아선수촌아파트삼거리.성현교회,4
20221231,송파구,24164,아시아선수촌아파트,4
20221231,송파구,24165,아주중학교,2
20221231,송파구,24166,삼전역,7
20221231,송파구,24167,삼전역,6
20221231,송파구,24168,송파구민회관구의회,7
20221231,송파구,24169,송파구민회관구의회,7
20221231,송파구,24170,삼학사길사거리,2
20221231,송파구,24171,잠실119안전센터,3
20221231,송파구,24172,삼전삼밭나루공원입구,3
20221231,송파구,24173,삼전역.잠실현대아파트,3
20221231,송파구,24174,삼전동현대APT,1
20221231,송파구,24175,삼전동쌍용하이츠빌라,1
20221231,송파구,24176,삼전사회복지관,1
20221231,송파구,24177,배명중고교,4
20221231,송파구,24178,석촌고분역.올림픽병원,3
20221231,송파구,24179,석촌고분역.올림픽병원,3
20221231,송파구,24180,석촌동한솔아파트앞,5
20221231,송파구,24181,석촌동한솔아파트,5
20221231,송파구,24182,호반써밋송파2차,2
20221231,송파구,24183,삼학사길사거리,2
20221231,송파구,24184,배명중고교,4
20221231,송파구,24185,석촌동남현교회앞,3
20221231,송파구,24186,석촌동남현교회앞,3
20221231,송파구,24187,송파책박물관.헬리오시티,3
20221231,송파구,24188,송파책박물관.헬리오시티,3
20221231,송파구,24189,송파사거리.석촌시장,3
20221231,송파구,24190,송파사거리,3
20221231,송파구,24191,송파역.헬리오시티,5
20221231,송파구,24192,위례포레샤인13단지공원,3
20221231,송파구,24193,송파여성문화회관,3
20221231,송파구,24194,송파여성문화회관,2
20221231,송파구,24195,송파초등학교.송파동성당,3
20221231,송파구,24196,송파초등학교.송파동성당,2
20221231,송파구,24197,방이동사거리,5
20221231,송파구,24198,위례포레샤인17단지후문,2
20221231,송파구,24199,송파나루역,6
20221231,송파구,24200,송파2동한양아파트,3
20221231,송파구,24201,송파동한양1차아파트,3
20221231,송파구,24202,서울방이동고분군,6
20221231,송파구,24203,송파역,2
20221231,송파구,24204,성지아파트,4
20221231,송파구,24205,송파동삼익아파트,2
20221231,송파구,24206,삼익아파트미성아파트,7
20221231,송파구,24207,송파2동한양삼성아파트,4
20221231,송파구,24208,한양공원,4
20221231,송파구,24209,잠실여고후문,4
20221231,송파구,24210,방이중학교,2
20221231,송파구,24211,한성백제역,1
20221231,송파구,24212,송파나루역.방이시장,2
20221231,송파구,24213,송파나루역.방이시장,1
20221231,송파구,24214,송파나루역,7
20221231,송파구,24215,송파구청.방이맛골,7
20221231,송파구,24216,잠실진주아파트,5
20221231,송파구,24217,올림픽베어스타운아파트앞,5
20221231,송파구,24218,방이초등학교,3
20221231,송파구,24219,방이시장입구,3
20221231,송파구,24220,방이우체국,8
20221231,송파구,24221,올림픽공원남2문,6
20221231,송파구,24222,올림픽공원장미광장,4
20221231,송파구,24223,방이역3번출구대림아파트,2
20221231,송파구,24224,한양삼익아파트,8
20221231,송파구,24225,방이시장입구,3
20221231,송파구,24226,방이초등학교,3
20221231,송파구,24227,신구블레스밸리앞,2
20221231,송파구,24228,신구블레스밸리,2
20221231,송파구,24229,방이동대림코오롱아파트,2
20221231,송파구,24230,방이동대림코오롱아파트,2
20221231,송파구,24231,올림픽회관,11
20221231,송파구,24232,풍납동극동.쌍용아파트,15
20221231,송파구,24233,한성백제박물관,5
20221231,송파구,24234,서울체육중.고등학교,2
20221231,송파구,24235,둔촌오륜역.서문교회,6
20221231,송파구,24236,서하남IC입구,1
20221231,송파구,24237,효죽동입구,2
20221231,송파구,24238,위례포레샤인17단지정문,2
20221231,송파구,24239,올림픽공원장미광장,4
20221231,송파구,24240,올림픽공원남2문,5
20221231,송파구,24241,몽촌토성역.한성백제역,6
20221231,송파구,24242,보성중고등학교,5
20221231,송파구,24243,보성중고등학교,7
20221231,송파구,24244,올림픽공원역,7
20221231,송파구,24245,올림픽공원역,7
20221231,송파구,24246,올림픽공원테니스장,2
20221231,송파구,24247,올림픽선수촌아파트,7
20221231,송파구,24248,방이역,4
20221231,송파구,24249,오금동현대아파트,9
20221231,송파구,24250,오금공원앞,10
20221231,송파구,24251,오금동상아아파트,7
20221231,송파구,24252,보인고교.오금동삼성아파트,7
20221231,송파구,24253,송파사회복지관.성요셉성당,2
20221231,송파구,24254,거여초등학교,4
20221231,송파구,24255,거여초등학교,4
20221231,송파구,24256,송파참병원,1
20221231,송파구,24257,송파참병원,2
20221231,송파구,24258,신흥운수입구,3
20221231,송파구,24259,신흥운수입구,3
20221231,송파구,24260,송파레미니스후문,3
20221231,송파구,24261,송파레미니스후문,3
20221231,송파구,24262,오금공원사거리,4
20221231,송파구,24263,오금공원사거리,4
20221231,송파구,24264,오금동대림아파트,4
20221231,송파구,24265,오금동대림아파트,4
20221231,송파구,24266,송파도서관,4
20221231,송파구,24267,우창아파트,3
20221231,송파구,24268,오금동사거리,4
20221231,송파구,24269,오금동사거리,2
20221231,송파구,24270,거여역,5
20221231,송파구,24271,거여역현대아파트,5
20221231,송파구,24272,체육문화회관,4
20221231,송파구,24273,거여역2번출구,4
20221231,송파구,24274,송파사회복지관.성요셉성당,1
20221231,송파구,24275,거여아파트단지앞,4
20221231,송파구,24276,거여역5번출구,3
20221231,송파구,24277,거여역4번출구,2
20221231,송파구,24278,송파파크센트럴,3
20221231,송파구,24279,종점,6
20221231,송파구,24280,비호아파트,6
20221231,송파구,24281,인애가요양병원,3
20221231,송파구,24282,마천1동주민센터,3
20221231,송파구,24283,마천2동주민센터,3
20221231,송파구,24284,거여역3번출구.현대2차아파트,4
20221231,송파구,24285,마천1동주민센터,3
20221231,송파구,24286,마천역.송파파크센트럴,3
20221231,송파구,24287,비호아파트,6
20221231,송파구,24288,남한산성입구,4
20221231,송파구,24289,송파구립마천청소년센터,4
20221231,송파구,24290,송파구립마천청소년센터,4
20221231,송파구,24291,송파보훈회관.금호어울림2차,4
20221231,송파구,24292,송파보훈회관.금호어울림2차,4
20221231,송파구,24293,마천동금호어울림1차아파트,3
20221231,송파구,24294,마천동금호어울림1차아파트,4
20221231,송파구,24295,마천시장마천동우방아파트앞,5
20221231,송파구,24296,남천초교마천동우방아파트앞,5
20221231,송파구,24297,청암노인요양원,5
20221231,송파구,24298,청암노인요양원,5
20221231,송파구,24299,마천동사거리,7
20221231,송파구,24300,마천동사거리,6
20221231,송파구,24301,마천2동윤진빌딩.신동아아파트,5
20221231,송파구,24302,마천2동윤진빌딩.신동아아파트,6
20221231,송파구,24303,마천2동주민센터,3
20221231,송파구,24305,복정역1번출구,6
20221231,송파구,24307,건영아파트,4
20221231,송파구,24308,문현중학교,3
20221231,송파구,24309,문현중학교,4
20221231,송파구,24310,문덕초등학교.문정고등학교,4
20221231,송파구,24311,문정대우아파트,1
20221231,송파구,24312,삼성래미안아파트후문,2
20221231,송파구,24313,문정시영가락프라자아파트,2
20221231,송파구,24314,문정시영.세양청마루아파트,2
20221231,송파구,24315,한림연예예술고교,2
20221231,송파구,24316,한림연예예술고교,2
20221231,송파구,24317,구송파세무서,2
20221231,송파구,24318,구송파세무서,2
20221231,송파구,24319,문정1동주민센터.로데오거리,5
20221231,송파구,24320,위례포레샤인18단지,2
20221231,송파구,24321,위례포레샤인18단지,2
20221231,송파구,24322,문덕초등학교.문정고등학교,4
20221231,송파구,24323,문정동푸르지오아파트,4
20221231,송파구,24324,문정동대우아파트,4
20221231,송파구,24325,문정동래미안아파트,4
20221231,송파구,24326,문정래미안현대아파트앞,5
20221231,송파구,24327,문정현대아파트,3
20221231,송파구,24328,문정동현대아파트,3
20221231,송파구,24329,문정현대아파트,6
20221231,송파구,24330,문정동제일은행앞,1
20221231,송파구,24331,문정동제일은행,1
20221231,송파구,24332,삼성래미안아파트후문,1
20221231,송파구,24333,문정2동주민센터.청소년수련관,12
20221231,송파구,24334,훼미리근린공원,12
20221231,송파구,24335,문정로데오거리입구,2
20221231,송파구,24336,위례포레샤인17단지정문,3
20221231,송파구,24337,서울위례별초교,2
20221231,송파구,24338,오금역2번출구,2
20221231,송파구,24339,오금역3번출구,2
20221231,송파구,24340,장지동,11
20221231,송파구,24341,위례포레샤인18단지남문,5
20221231,송파구,24342,힐스테이트센트럴위례,4
20221231,송파구,24343,가윤예식장,4
20221231,송파구,24344,가락동미륭아파트,6
20221231,송파구,24345,가락동쌍용아파트,4
20221231,송파구,24346,송파중학교,5
20221231,송파구,24348,개롱역3번출구,6
20221231,송파구,24349,삼환아파트,6
20221231,송파구,24350,송파배드민턴체육관,2
20221231,송파구,24351,문정시영.세영청마루아파트,2
20221231,송파구,24352,문정시영가락프라자아파트,1
20221231,송파구,24353,가락2동프라자아파트,1
20221231,송파구,24354,가락2동프라자아파트,2
20221231,송파구,24355,극동아파트,2
20221231,송파구,24356,가락2동극동아파트,1
20221231,송파구,24357,가락동극동아파트,5
20221231,송파구,24358,가락동쌍용아파트앞,3
20221231,송파구,24359,가주초등학교,1
20221231,송파구,24360,가동초등학교,1
20221231,송파구,24361,가락2동주민센터,1
20221231,송파구,24362,가락2동주민센터,1
20221231,송파구,24363,가락시장.가락시장역,5
20221231,송파구,24364,문정로데오거리입구,5
20221231,송파구,24365,문정1동주민센터.로데오거리,5
20221231,송파구,24366,건너말공원입구,4
20221231,송파구,24367,가락대림아파트,1
20221231,송파구,24368,샛별어린이공원입구,1
20221231,송파구,24369,송파경찰서.오금역,8
20221231,송파구,24370,가락동쌍용아파트,2
20221231,송파구,24371,가락대림아파트,3
20221231,송파구,24372,신가초등학교,1
20221231,송파구,24373,신가초등학교,1
20221231,송파구,24374,석촌중학교후문,1
20221231,송파구,24375,석촌중학교후문,1
20221231,송파구,24376,위례포레샤인17단지,6
20221231,송파구,24377,경찰병원.KT가락지사,2
20221231,송파구,24378,경찰병원.KT가락지사,2
20221231,송파구,24379,경찰병원.서울동부고용노동지청,4
20221231,송파구,24380,제일오피스텔,4
20221231,송파구,24381,위례호반써밋,5
20221231,송파구,24382,경찰병원.서울동부고용노동지청,3
20221231,송파구,24383,북위례입구,3
20221231,송파구,24384,위례포레자이,3
20221231,송파구,24385,가락시장.가락시장역,13
20221231,송파구,24386,가락시장.가락몰,12
20221231,송파구,24387,가락시장남문,12
20221231,송파구,24388,가락시장?헬리오시티,4
20221231,송파구,24389,가락시장.헬리오시티,6
20221231,송파구,24390,가락1동주민센터,6
20221231,송파구,24391,서울방이동고분군,8
20221231,송파구,24392,문정동대우아파트,1
20221231,송파구,24393,토성오거리,1
20221231,송파구,24394,풍납토성서성벽,1
20221231,송파구,24395,가락시장.가락시장역,1
20221231,송파구,24396,몽촌토성역.한성백제역,7
20221231,송파구,24397,풍납동강변현대아파트,1
20221231,송파구,24398,서울위례별초교.위례별유치원,1
20221231,송파구,24399,송례중학교.송파꿈에그린,3
20221231,송파구,24400,홍이공원,1
20221231,송파구,24401,홍이공원,1
20221231,송파구,24402,송파파크센트럴,3
20221231,송파구,24403,거여역7번출구,4
20221231,송파구,24404,거여역6번출구,3
20221231,송파구,24405,덕수고등학교,2
20221231,송파구,24406,풍납2동주민센터,1
20221231,송파구,24407,복정역환승센터1번승강장,9
20221231,송파구,24408,오륜사거리,2
20221231,송파구,24409,오륜사거리,2
20221231,송파구,24410,위례중앙푸르지오.신안인스빌,4
20221231,송파구,24411,위례신안인스빌.중앙푸르지오,4
20221231,송파구,24412,송파와이즈더샵.엠코타운센트로엘,4
20221231,송파구,24413,송파와이즈더샵.엠코타운센트로엘,3
20221231,송파구,24414,위례별초등학교.위례2차아이파크,2
20221231,송파구,24415,위례별초등학교.위례스타힐스,2
20221231,송파구,24416,위례동주민센터.위례스타힐스,2
20221231,송파구,24417,위례동주민센터.위례송파푸르지오,2
20221231,송파구,24418,힐스테이트송파.송파더센트레,2
20221231,송파구,24419,송파더센트레.힐스테이트송파,2
20221231,송파구,24420,복정역2번출구,12
20221231,송파구,24421,세계로병원,4
20221231,송파구,24422,세계로병원,4
20221231,송파구,24423,덕수고등학교,3
20221231,송파구,24424,호반써밋송파1차,6
20221231,송파구,24425,호반써밋송파2차,6
20221231,송파구,24426,위례포레샤인13단지,3
20221231,송파구,24427,위례포레샤인13단지,3
20221231,송파구,24428,송파위례리슈빌,1
20221231,송파구,24429,남한산성입구,5
20221231,송파구,24430,서울아산병원장례식장,1
20221231,송파구,24431,갑을.미성아파트,1
20221231,송파구,24432,송파배드민턴체육관,2
20221231,송파구,24433,위례31단지정문,2
20221231,송파구,24434,풍납중학교앞,3
20221231,송파구,24435,복정역3번출구,7
20221231,송파구,24436,새마을시장,3
20221231,송파구,24437,농협앞,3
20221231,송파구,24438,삼전역.잠실현대아파트,2
20221231,송파구,24439,위례포레샤인.위례31단지후문,13
20221231,송파구,24440,위례31단지.위례포레샤인후문,13
20221231,송파구,24441,위례송파더센트레.송파푸르지오,3
20221231,송파구,24442,장지역2번출구,7
20221231,송파구,24443,위례송파푸르지오.송파더센트레,3
20221231,송파구,24444,가락시장역,4
20221231,송파구,24445,올림픽대교남단교차로,3
20221231,송파구,24446,장지공영차고지,11
20221231,송파구,24447,장지공영차고지,11
20221231,송파구,24448,아이코리아,8
20221231,송파구,24449,송파파인타운11단지,2
20221231,송파구,24450,송파파인타운7단지,1
20221231,송파구,24451,송파파인타운10단지.13단지,2
20221231,송파구,24452,송파파인타운8단지.9단지,2
20221231,송파구,24453,송파구립산모건강증진센터,3
20221231,송파구,24454,장지동주민센터앞,2
20221231,송파구,24455,장지동주민센터.송파파인타운1단지,2
20221231,송파구,24456,잠실여고후문,3
20221231,송파구,24457,건영아파트앞,3
20221231,송파구,24458,잠실새내역앞,3
20221231,송파구,24459,가락래미안앞,6
20221231,송파구,24460,서울버스종점,3
20221231,송파구,24461,서울버스종점,3
20221231,송파구,24462,송파파인타운2단지.구립송파복지센터,4
20221231,송파구,24463,송파파인타운3단지.한림예고,4
20221231,송파구,24464,송파글마루도서관.버들어린이집,7
20221231,송파구,24465,송파글마루도서관.버들어린이집,6
20221231,송파구,24466,문현고등학교.송파파인타운5단지,4
20221231,송파구,24467,문현고등학교,5
20221231,송파구,24468,현대아파트앞,15
20221231,송파구,24469,문정3차푸르지오아파트.송파파인타운1단지,2
20221231,송파구,24470,문정3차푸르지오아파트.송파파인타운1단지,2
20221231,송파구,24471,아이코리아앞,8
20221231,송파구,24472,가든파이브.웍스동,2
20221231,송파구,24473,가든파이브.웍스동,2
20221231,송파구,24474,위례31단지정문,2
20221231,송파구,24475,장지역가든파이브라이프동,3
20221231,송파구,24476,장지역가든파이브라이프동,4
20221231,송파구,24477,가든파이프툴동,2
20221231,송파구,24478,가든파이브툴동,2
20221231,송파구,24479,잠실대교전망쉼터,7
20221231,송파구,24480,잠실대교전망쉼터,7
20221231,송파구,24481,석촌호수서호사거리,1
20221231,송파구,24482,석촌호수서호사거리,1
20221231,송파구,24483,미켈란호수가아파트,1
20221231,송파구,24484,미켈란호수가아파트,1
20221231,송파구,24485,호수임광아파트,1
20221231,송파구,24486,호수임광아파트,1
20221231,송파구,24487,송파파인타운아파트11단지,1
20221231,송파구,24488,송파파인타운아파트11단지,1
20221231,송파구,24489,문정중학교후문,3
20221231,송파구,24490,문정동래미안아파트남문,3
20221231,송파구,24491,파크데일아파트입구,2
20221231,송파구,24492,위례아이파크아파트앞,6
20221231,송파구,24493,송파더센트레.송례초앞,4
20221231,송파구,24494,송파더센트레.송례중앞,4
20221231,송파구,24495,송파꿈에그린아파트,6
20221231,송파구,24496,송파푸르지오시티.한화오벨리스크,1
20221231,송파구,24497,송파푸르지오시티.한화오벨리스크,1
20221231,송파구,24498,파크데일아파트입구,2
20221231,송파구,24499,복정역,3
20221231,송파구,24500,복정역환승센터2번승강장,6
20221231,송파구,24502,송파.잠실세무서,1
20221231,송파구,24503,복정역환승센터3번승강장,9
20221231,송파구,24504,풍납동극동.쌍용아파트,1
20221231,송파구,24505,송파역,2
20221231,송파구,24506,복정역환승센터4번승강장,7
20221231,송파구,24508,송파역.헬리오시티,2
20221231,송파구,24509,송례중학교.위례아이파크,3
20221231,송파구,24510,잠실4동주민센터.파크리오B상가,2
20221231,송파구,24511,송파호반베르디움더퍼스트,1
20221231,송파구,24512,오륜사거리,1
20221231,송파구,24513,세륜중학교,1
20221231,송파구,24514,오금공원,1
20221231,송파구,24515,오금역.오금고교,1
20221231,송파구,24516,송파삼성래미안아파트,1
20221231,송파구,24517,송파현대아파트.가락중학교,1
20221231,송파구,24518,가락고등학교,1
20221231,송파구,24519,가락동부센트레빌아파트,1
20221231,송파구,24520,가락중학교,1
20221231,송파구,24521,가락중학교.래미안송파파인탑,1
20221231,송파구,24522,가락삼익맨숀,1
20221231,송파구,24523,오금역.오금고교,1
20221231,송파구,24524,오금공원,1
20221231,송파구,24525,세륜중학교,1
20221231,송파구,24526,송파호반베르디움더퍼스트,1
20221231,송파구,24527,송파파인타운1단지,1
20221231,송파구,24528,송파파인타운2단지,1
20221231,송파구,24529,송파파크하비오푸르지오,1
20221231,송파구,24530,서울동부지방법원.검찰청,1
20221231,송파구,24531,문정법조단지,1
20221231,송파구,24532,올림픽훼밀리타운아파트,1
20221231,송파구,24533,올림픽훼밀리타운아파트,1
20221231,송파구,24534,문정법조단지,1
20221231,송파구,24535,서울동부지방법원.검찰청,1
20221231,송파구,24536,송파아이파크오피스텔,1
20221231,송파구,24537,송파파인타운3단지,1
20221231,송파구,24538,송파파인타운1단지,1
20221231,송파구,24539,탄천둥지전망대,1
20221231,송파구,24610,장미아파트,1
20221231,송파구,24611,잠실파크리오아파트,1
20221231,송파구,24620,잠실롯데월드호텔롯데타워,1
20221231,송파구,24653,위례포레샤인.송파꿈에그린서문,7
20221231,송파구,24654,송파꿈에그린서문.위례포레샤인,7
20221231,송파구,24658,복정역환승주차장,11
20221231,송파구,24662,잠실새내역,1
20221231,송파구,24710,잠실종합운동장,1
20221231,송파구,24711,잠실종합운동장,1
20221231,송파구,24715,잠실역,1
20221231,송파구,24728,신천역,1
20221231,송파구,24729,몽촌토성역,1
20221231,송파구,24735,가락동,1
20221231,송파구,24736,경찰병원.서울동부고용노동지청,1
20221231,송파구,24740,경찰병원.서울동부고용노동지청,1
20221231,송파구,24741,가락동,1
20221231,송파구,24744,올림픽선수촌아파트,1
20221231,송파구,24745,올림픽선수촌아파트,1
20221231,송파구,24766,오금역,1
20221231,송파구,24767,오금역,1
20221231,송파구,24768,오금동,1
20221231,송파구,24769,오금동,1
20221231,송파구,24770,방이동,1
20221231,송파구,24771,방이동,1
20221231,송파구,24901,장미광장,1
20221231,송파구,24902,한성백제박물관,1
20221231,송파구,24903,올림픽공원평화의문,2
20221231,송파구,24905,롯데월드,1
20221231,송파구,24906,잠실종합운동장,1
20221231,송파구,24911,오륜초등학교.올림픽선수촌아파트,2
20221231,송파구,24912,송파레미니스아파트,2
20221231,송파구,24913,송파레미니스아파트,2
20221231,송파구,24914,오금대림아파트.오금초등학교,2
20221231,송파구,24915,한강극동아파트후문,1
20221231,송파구,24916,토성초등학교.한강극동아파트,1
20221231,송파구,24917,풍납2동주민센터,1
20221231,송파구,24998,잠실역,8
20221231,강동구,25001,상일초교,9
20221231,강동구,25002,상일초교,15
20221231,강동구,25003,초이동,16
20221231,강동구,25004,초이동,16
20221231,강동구,25005,강동자이.프라자아파트,12
20221231,강동구,25006,강동자이·프라자아파트,12
20221231,강동구,25007,길동주민센터.둔촌2동주민센터,12
20221231,강동구,25008,길동주민센터.둔촌2동주민센터,12
20221231,강동구,25009,길동사거리.강동세무서,15
20221231,강동구,25010,길동사거리.강동세무서,13
20221231,강동구,25011,강동역,15
20221231,강동구,25012,강동역,14
20221231,강동구,25013,천호역,16
20221231,강동구,25014,천호역,11
20221231,강동구,25101,강동공영차고지,10
20221231,강동구,25102,강동공영차고지,7
20221231,강동구,25103,고덕리엔파크1단지,9
20221231,강동구,25104,고덕리엔파크1단지,10
20221231,강동구,25105,해뜨는주유소,10
20221231,강동구,25106,해뜨는주유소,10
20221231,강동구,25107,고덕천교차로,4
20221231,강동구,25108,고덕천교차로,4
20221231,강동구,25109,고덕자이.고덕천물놀이장,5
20221231,강동구,25110,강명초등학교,6
20221231,강동구,25111,고덕자이,3
20221231,강동구,25112,고덕리엔파크3단지,4
20221231,강동구,25113,상일동산.롯데캐슬베네루체,3
20221231,강동구,25114,상일동산.롯데캐슬베네루체,2
20221231,강동구,25115,상일근린공원,3
20221231,강동구,25116,상일근린공원,2
20221231,강동구,25117,GS강동자이아파트.둔촌동프라자아파트,1
20221231,강동구,25118,둔촌동프라자아파트.GS강동자이아파트,1
20221231,강동구,25119,둔촌푸르지오아파트,1
20221231,강동구,25120,둔촌푸르지오아파트,1
20221231,강동구,25121,길동주민센터.서울양병원,1
20221231,강동구,25122,둔촌2동주민센터.서울양병원,1
20221231,강동구,25123,길동사거리.강동세무서,2
20221231,강동구,25124,길동사거리.강동세무서,3
20221231,강동구,25125,강동역1번출구.동신중학교,3
20221231,강동구,25126,강동역.강풀만화거리입구,4
20221231,강동구,25127,천호역5번출구.천호사거리,2
20221231,강동구,25128,천호역6번출구.천호사거리,7
20221231,강동구,25131,상일동역4번출구.센트럴푸르지오,11
20221231,강동구,25132,상일동역6번출구.고덕아르테온,10
20221231,강동구,25133,상일동역1번출구,9
20221231,강동구,25134,상일동역8번출구,9
20221231,강동구,25135,고덕그라시움,9
20221231,강동구,25136,고덕그라시움,9
20221231,강동구,25137,고덕평생학습관.온조대왕체육관,9
20221231,강동구,25138,고덕평생학습관.온조대왕체육관,3
20221231,강동구,25139,고덕역,5
20221231,강동구,25140,고덕역,5
20221231,강동구,25141,배재중고등학교,4
20221231,강동구,25142,배재중고등학교,4
20221231,강동구,25143,동부기술교육원.장애인종합복지관,3
20221231,강동구,25144,동부기술교육원.장애인종합복지관,3
20221231,강동구,25145,명일초등학교,4
20221231,강동구,25146,명일초등학교,4
20221231,강동구,25147,암사3동주민센터(강동롯데캐슬퍼스트),4
20221231,강동구,25148,암사3동주민센터프라이어팰리스,4
20221231,강동구,25149,강일중.선사고,4
20221231,강동구,25150,강일중.선사고,4
20221231,강동구,25151,신암중학교,4
20221231,강동구,25152,신암중학교,4
20221231,강동구,25153,삼성광나루아파트.암사동유적,4
20221231,강동구,25154,삼성광나루아파트.암사동유적,4
20221231,강동구,25155,암사역선사현대아파트,4
20221231,강동구,25156,암사역2번출구.암사종합시장,4
20221231,강동구,25157,천호동공원,4
20221231,강동구,25158,천호동공원,4
20221231,강동구,25159,서울현대요양병원,5
20221231,강동구,25160,서울현대요양병원,5
20221231,강동구,25161,천호역2번출구.현대백화점,10
20221231,강동구,25162,천호역3번출구.현대백화점,10
20221231,강동구,25163,천호역,12
20221231,강동구,25164,강동구청역1번출구.영파여고,14
20221231,강동구,25165,상일동역2번출구,3
20221231,강동구,25166,상일동역2번출구,3
20221231,강동구,25167,고덕초등학교,3
20221231,강동구,25168,고덕초등학교,3
20221231,강동구,25169,강덕초등학교.고덕그라시움,3
20221231,강동구,25170,강덕초등학교.고덕그라시움,3
20221231,강동구,25171,광문고.서울컨벤션고,3
20221231,강동구,25172,광문고.서울컨벤션고,3
20221231,강동구,25173,고덕아이파크아파트,3
20221231,강동구,25174,고덕아이파크아파트,3
20221231,강동구,25175,명일중학교,1
20221231,강동구,25176,명일중학교,1
20221231,강동구,25177,강동경희대병원.명일동이마트,6
20221231,강동구,25178,강동아트센터.강동경희대병원,6
20221231,강동구,25179,강동아트센터.강동경희대병원후문,6
20221231,강동구,25180,한영중고한영외고,6
20221231,강동구,25181,한영중고한영외고,6
20221231,강동구,25182,길동자연생태공원,3
20221231,강동구,25183,길동자연생태공원,3
20221231,강동구,25184,일자산입구.둔촌도서관,6
20221231,강동구,25185,일자산입구.둔촌도서관,6
20221231,강동구,25186,서부입구,1
20221231,강동구,25187,동북고등학교.둔촌오륜역,6
20221231,강동구,25188,오륜교회앞,2
20221231,강동구,25190,보훈병원,2
20221231,강동구,25191,보훈병원,2
20221231,강동구,25192,약수터,2
20221231,강동구,25193,약수터,2
20221231,강동구,25194,명일여자고등학교,1
20221231,강동구,25195,명일여자고등학교,2
20221231,강동구,25196,길동성당,2
20221231,강동구,25197,길동성당,2
20221231,강동구,25198,길동신동아아파트,2
20221231,강동구,25199,길동신동아아파트,2
20221231,강동구,25200,미사강변18단지.강일리버10단지,2
20221231,강동구,25201,윤슬중학교.강솔초등학교,2
20221231,강동구,25202,강일리버5단지.미사강변루나리움,2
20221231,강동구,25203,미사강변17단지.강일리버7단지,2
20221231,강동구,25204,보훈회관,3
20221231,강동구,25205,보훈회관,4
20221231,강동구,25210,대순진리회,1
20221231,강동구,25211,대순진리회,1
20221231,강동구,25212,성내2동주민센터.성내복지관,1
20221231,강동구,25213,성내2동주민센터.성내복지관,1
20221231,강동구,25214,성내삼성청구아파트,1
20221231,강동구,25215,성내삼성청구아파트,1
20221231,강동구,25216,성내주유소,1
20221231,강동구,25217,성내주유소,1
20221231,강동구,25218,강동농협,1
20221231,강동구,25219,강동농협,1
20221231,강동구,25220,강동모커리한방병원,2
20221231,강동구,25221,강동모커리한방병원,2
20221231,강동구,25222,천동초등학교.천호도서관,1
20221231,강동구,25223,천동초등학교.천호도서관,2
20221231,강동구,25224,강동성심병원(동신중학교),2
20221231,강동구,25225,강동성심병원(동신중학교),1
20221231,강동구,25226,조은마디병원,1
20221231,강동구,25227,조은마디병원,1
20221231,강동구,25230,JYP엔터테인먼트.윤선생영어교실,3
20221231,강동구,25231,JYP엔터테인먼트.윤선생영어교실,2
20221231,강동구,25232,명일역3번출구.래미안솔베뉴,5
20221231,강동구,25233,명일역2번출구,4
20221231,강동구,25234,명일역1번출구.명일전통시장,5
20221231,강동구,25235,명일역4번출구.명일전통시장,5
20221231,강동구,25236,굽은다리사거리,4
20221231,강동구,25237,굽은다리사거리,4
20221231,강동구,25238,십자성마을,4
20221231,강동구,25239,십자성마을,4
20221231,강동구,25240,길동역1번출구,5
20221231,강동구,25241,길동역3번출구,4
20221231,강동구,25242,서울프라임한방병원,3
20221231,강동구,25243,서울프라임한방병원,3
20221231,강동구,25244,강동리바트,4
20221231,강동구,25245,동명약국앞,4
20221231,강동구,25246,둔촌동역4번출구,4
20221231,강동구,25247,둔촌동역2번출구,4
20221231,강동구,25248,서울성내동우체국,4
20221231,강동구,25249,한국전력공사강동송파지사,7
20221231,강동구,25250,고덕자이.상일여고,3
20221231,강동구,25251,고덕자이.상일여고,3
20221231,강동구,25252,상일1동주민센터.고덕사회체육센터,3
20221231,강동구,25253,상일1동주민센터.롯데캐슬베네루체,3
20221231,강동구,25254,고덕숲아이파크,1
20221231,강동구,25255,고덕숲아이파크,1
20221231,강동구,25256,강동고등학교,1
20221231,강동구,25257,강동고등학교,1
20221231,강동구,25259,한영중고한영외고,1
20221231,강동구,25260,명일동현대아파트,9
20221231,강동구,25261,한영중고한영외고,5
20221231,강동구,25262,고덕삼환.주공9단지아파트,10
20221231,강동구,25263,고덕삼환.주공9단지아파트,11
20221231,강동구,25264,명일여자고등학교,9
20221231,강동구,25265,명일여자고등학교,9
20221231,강동구,25266,명일1동주민센터,9
20221231,강동구,25267,명일1동주민센터,9
20221231,강동구,25281,강동구청,2
20221231,강동구,25282,강동구청,3
20221231,강동구,25283,강동보건소앞,2
20221231,강동구,25284,강동보건소건너,3
20221231,강동구,25285,한양수자인아파트,2
20221231,강동구,25286,한양수자인아파트,3
20221231,강동구,25287,서울장애인복지관,1
20221231,강동구,25288,서울장애인복지관,1
20221231,강동구,25289,명일동신동아아파트,1
20221231,강동구,25290,명일동신동아아파트,1
20221231,강동구,25295,상일동동아아파트,4
20221231,강동구,25296,상일동동아아파트,4
20221231,강동구,25297,상일동주몽재활원,5
20221231,강동구,25298,상일동주몽재활원,5
20221231,강동구,25299,상일동빌라단지,5
20221231,강동구,25300,상일동빌라단지,5
20221231,강동구,25302,중앙보훈병원역1번출구,6
20221231,강동구,25303,중앙보훈병원역1번출구,6
20221231,강동구,25309,강동첨단업무단지.상일여고입구,2
20221231,강동구,25310,강동첨단업무단지.상일여고입구,4
20221231,강동구,25311,천동초교입구사거리,3
20221231,강동구,25312,천동초교입구사거리,3
20221231,강동구,25313,강동구청역농협중앙회,16
20221231,강동구,25314,성내구립도서관.엔젤공방허브센터,1
20221231,강동구,25315,성내구립도서관.엔젤공방허브센터,1
20221231,강동구,25316,둔촌습지앞,3
20221231,강동구,25317,강일리버파크6단지,10
20221231,강동구,25318,강일동주민센터,4
20221231,강동구,25319,강일동주민센터,4
20221231,강동구,25320,강일리버파크4단지.2단지,5
20221231,강동구,25321,강일리버파크2단지.4단지,5
20221231,강동구,25322,강일고등학교.강일리버파크7단지,6
20221231,강동구,25323,강일고등학교.강일리버파크7단지,7
20221231,강동구,25324,강일리버파크6단지,4
20221231,강동구,25326,강일초등학교,7
20221231,강동구,25327,강일초등학교,7
20221231,강동구,25328,강일리버파크9단지.10단지,5
20221231,강동구,25329,강일리버파크10단지.9단지,5
20221231,강동구,25330,중앙보훈병원역2번출구,6
20221231,강동구,25331,중앙보훈병원역3번출구,6
20221231,강동구,25332,강일리버파크8단지,4
20221231,강동구,25333,강일리버파크8단지,4
20221231,강동구,25334,강일리버파크4단지.5단지,5
20221231,강동구,25335,강일리버파크5단지.4단지,5
20221231,강동구,25336,강일리버파크1단지.3단지,3
20221231,강동구,25337,강일리버파크3단지.1단지,3
20221231,강동구,25338,상일파출소.고덕아르테온,2
20221231,강동구,25339,강일리버파크9단지후문,5
20221231,강동구,25340,강일리버파크9단지후문,5
20221231,강동구,25341,강동공영차고지,11
20221231,강동구,25342,강일역.고덕리엔파크2단지.3단지,6
20221231,강동구,25343,강일역.고덕리엔파크3단지.2단지,6
20221231,강동구,25344,고덕리엔파크2단지,1
20221231,강동구,25345,강명초등학교.고덕리엔파크3단지,1
20221231,강동구,25346,강명초등학교.고덕리엔파크3단지,1
20221231,강동구,25347,고덕리엔파크2단지,1
20221231,강동구,25348,굽은다리역구민회관.강동홈플러스,4
20221231,강동구,25349,굽은다리역구민회관.강동홈플러스,4
20221231,강동구,25350,삼성엔지니어링,1
20221231,강동구,25351,삼성엔지니어링,1
20221231,강동구,25352,고덕리엔파크3단지서문,1
20221231,강동구,25353,고덕리엔파크3단지서문,1
20221231,강동구,25357,천동초교삼거리,1
20221231,강동구,25358,천동초교삼거리,1
20221231,강동구,25359,동아하이빌,1
20221231,강동구,25360,동아하이빌,1
20221231,강동구,25361,천일초교사거리,1
20221231,강동구,25362,천일초교사거리,1
20221231,강동구,25363,천일중.구강사,1
20221231,강동구,25364,천일중.구강사,1
20221231,강동구,25365,고덕센트럴.고덕숲아이파크,2
20221231,강동구,25366,고덕숲.고덕센트럴아이파크,3
20221231,강동구,25367,고현초등학교.고덕센트럴아이파크,2
20221231,강동구,25368,고현초등학교.고덕숲아이파크,3
20221231,강동구,25369,현대토파즈아파트,1
20221231,강동구,25370,채선당앞,1
20221231,강동구,25371,서울시동부기술교육원.명덕초교,2
20221231,강동구,25372,아남.대우아파트,2
20221231,강동구,25373,강동롯데캐슬퍼스트아파트,1
20221231,강동구,25374,천호역1번출구.문구거리,1
20221231,강동구,25375,강동리버스트7.6단지,3
20221231,강동구,25376,강동리버스트6.7단지,3
20221231,강동구,25377,강동리버스트상가,3
20221231,강동구,25378,강동리버스트상가,3
20221231,강동구,25379,강동리버스트8단지,2
20221231,강동구,25381,강일역3번출구,7
20221231,강동구,25382,강동리엔파크9단지,1
20221231,강동구,25383,강동리엔파크9단지,1
20221231,강동구,25384,강동리엔파크11단지,1
20221231,강동구,25385,강동리엔파크11단지,1
20221231,강동구,25386,강동리엔파크13.14단지,1
20221231,강동구,25387,강동리엔파크13.14단지,1
20221231,강동구,25388,강일역2번출구,6
20221231,강동구,25501,가래여울,1
20221231,강동구,25503,강동노인종합복지관,1
20221231,강동구,25505,신명초교입구교차로,1
20221231,강동구,25506,강일리버파크3단지301동,2
20221231,강동구,25508,길동초등학교,1
20221231,강동구,25509,강일리버파크1단지103동,1
20221231,강동구,25510,길동우성아파트.은평교회맞은편,1
20221231,강동구,25511,명일동한양아파트,1
20221231,강동구,25512,둔촌푸르지오아파트사거리,1
20221231,강동구,25513,강일고등학교.강일리버파크7단지,1
20221231,강동구,25514,둔촌고앞,1
20221231,강동구,25516,구립둔촌어린이집,1
20221231,강동구,25517,고덕1동주민센터.두레근린공원,1
20221231,강동구,25518,고덕역1번출구,1
20221231,강동구,25520,명일신동아아파트,1
20221231,강동구,25521,강일리버파크3단지308동,1
20221231,강동구,25522,둔촌주공아파트1.4단지후문,1
20221231,강동구,25523,상일동역3.4번출구,2
20221231,강동구,25524,한산중학교,1
20221231,강동구,25525,주양쇼핑,1
20221231,강동구,25526,고덕리엔파크1단지,1
20221231,강동구,25527,둔촌역,1
20221231,강동구,25528,고덕역1번출구,1
20221231,강동구,25529,고덕1동주민센터.두레근린공원,1
20221231,강동구,25530,우리은행둔촌역지점.발리호텔,1
20221231,강동구,25532,둔촌청구아파트,1
20221231,강동구,25533,고덕중학교,2
20221231,강동구,25534,대순진리회,1
20221231,강동구,25535,농협둔촌동지점,1
20221231,강동구,25536,성내2동주민센터.성내복지관,1
20221231,강동구,25537,고덕아이파크101동,2
20221231,강동구,25538,성내삼성아파트.공안과,1
20221231,강동구,25539,9호선중앙보훈병원역1번출구,1
20221231,강동구,25540,성내주유소,1
20221231,강동구,25541,묘곡초교사거리,1
20221231,강동구,25542,선린초등학교,1
20221231,강동구,25543,아남.대우아파트,1
20221231,강동구,25544,롯데캐슬아파트,1
20221231,강동구,25545,명일동국민은행.래미안솔베뉴,1
20221231,강동구,25546,명일역,1
20221231,강동구,25547,성덕고등학교,2
20221231,강동구,25549,천호우성아파트,2
20221231,강동구,25550,성내주유소,1
20221231,강동구,25551,약국앞,2
20221231,강동구,25552,성내삼성아파트.공안과,1
20221231,강동구,25553,강동농협,2
20221231,강동구,25554,성내2동주민센터.성내복지관,1
20221231,강동구,25556,대순진리회,1
20221231,강동구,25557,고분다리,1
20221231,강동구,25558,둔촌청구아파트,1
20221231,강동구,25559,천호시장,1
20221231,강동구,25560,둔촌시장.발리호텔,1
20221231,강동구,25561,천호동로데오거리,1
20221231,강동구,25562,서울.경기양돈농협,1
20221231,강동구,25563,둔촌역,1
20221231,강동구,25565,브라운스톤,1
20221231,강동구,25566,둔촌주공아파트1.4단지후문,1
20221231,강동구,25568,암사종합시장,1
20221231,강동구,25570,천호역5번출구,1
20221231,강동구,25571,암사역,1
20221231,강동구,25574,암사삼성.현대아파트,1
20221231,강동구,25575,둔촌고등학교,1
20221231,강동구,25576,천호우체국,1
20221231,강동구,25577,고덕주유소.선사초등학교,1
20221231,강동구,25578,둔촌푸르지오아파트사거리,1
20221231,강동구,25579,천호동로데오거리,1
20221231,강동구,25580,선사마을,1
20221231,강동구,25581,길동은평교회,1
20221231,강동구,25582,천호시장,1
20221231,강동구,25583,서울암사동유적,1
20221231,강동구,25584,길동초등학교,1
20221231,강동구,25585,고분다리,1
20221231,강동구,25586,서원마을,1
20221231,강동구,25587,신명초교입구교차로,1
20221231,강동구,25589,서울암사동유적,1
20221231,강동구,25591,강동농협,2
20221231,강동구,25592,선사마을,1
20221231,강동구,25594,약국앞,2
20221231,강동구,25595,선사초등학교,1
20221231,강동구,25597,천호우성아파트,2
20221231,강동구,25602,암사역,1
20221231,강동구,25603,고덕한양아파트,4
20221231,강동구,25616,천호우체국,4
20221231,강동구,25617,강동구청,1
20221231,강동구,25620,고분다리시장입구,4
20221231,강동구,25621,고분다리시장입구,4
20221231,강동구,25625,천호우성아파트,4
20221231,강동구,25643,성덕중고등학교,6
20221231,강동구,25644,성덕중고등학교,4
20221231,강동구,25650,강동농협,4
20221231,강동구,25651,강동농협,4
20221231,강동구,25653,천호우성아파트,4
20221231,강동구,25654,천호초교입구사거리,5
20221231,강동구,25657,천호시장,4
20221231,강동구,25658,천호초교입구사거리,5
20221231,강동구,25659,천호시장,4
20221231,강동구,25666,암사종합시장,1
20221231,강동구,25667,한영중고,1
20221231,강동구,25674,명일동국민은행.래미안솔베뉴,1
20221231,강동구,25675,브라운스톤,1
20221231,강동구,25676,대명초등학교,1
20221231,강동구,25677,명일2동주민센터.주공9단지후문,1
20221231,강동구,25678,삼익가든아파트,1
20221231,강동구,25679,삼익가든아파트,1
20221231,강동구,25680,둔촌신성미소지움아파트,1
20221231,강동구,25681,둔촌신성미소지움아파트,1
20221231,강동구,25682,9호선중앙보훈병원역1번출구,1
20221231,강동구,25709,상일초등학교,7
20221231,강동구,25718,길동LG자이아파트,1
20221231,강동구,25719,강동구청역,1
20221231,강동구,25720,천호역,1
20221231,강동구,25721,길동사거리,1
20221231,강동구,25722,상일초등학교,11
20221231,강동구,25723,길동LG자이아파트,1
20221231,강동구,25724,길동사거리,1
20221231,강동구,25725,천호역,1
20221231,강동구,25726,강동구청역,1
20221231,강동구,25727,둔촌동역,1
20221231,강동구,25728,둔촌동역,4
20221231,강동구,25730,서울.경기양돈농협,1
20221231,강동구,25732,고덕래미안힐스테이트시니어센터,1
20221231,강동구,25733,고덕1동주민센터.고덕래미안힐스테이트,1
20221231,강동구,25736,고덕중학교,2
20221231,강동구,25740,상일동역5번출구,2
20221231,강동구,25746,강일리버파크1단지.금화사,1
20221231,강동구,25749,강일리버파크6단지,1
20221231,강동구,25752,강일리버파크6단지610동,1
20221231,강동구,25753,강일리버파크1단지정문,3
20221231,강동구,25760,가래여울,1
20221231,강동구,25761,강동리버스트4단지,1
20221231,강동구,25762,강동리버스트8단지,1
20221231,강동구,25763,강동리버스트8단지,1
20221231,강동구,25764,강빛초.중학교,1
20221231,강동구,25781,굽은다리역,1
20221231,강동구,25782,굽은다리역,1
20221231,강동구,25783,명일동국민은행.래미안솔베뉴,1
20221231,강동구,25784,명일동국민은행.래미안솔베뉴,1
20221231,강동구,25990,암사삼성.현대아파트,1
20221231,강동구,25994,천호우체국.로데오거리,4
20221231,강동구,25995,우성아파트,4
20221231,강동구,25996,우성아파트,4
20221231,강동구,25997,조일약국,1
20221231,강동구,25998,성내시장,1
20221231,강동구,25999,천호우체국.로데오거리,4
